{"type":"FeatureCollection","features":[{"type":"Feature","geometry":{"coordinates":[11.347772323829796,44.466361151798765],"type":"Point"},"properties":{"geo_point_2d":{"lon":11.347772323829796,"lat":44.466361151798765},"tipo_di_area":"PARCO","nome":"VILLA GUASTAVILLANI","quartiere":"Santo Stefano","ubicazione":"Via Degli Scalini"}},{"type":"Feature","geometry":{"coordinates":[11.397918375265835,44.49790829623617],"type":"Point"},"properties":{"geo_point_2d":{"lon":11.397918375265835,"lat":44.49790829623617},"tipo_di_area":"VERDE D'ARREDO","nome":"VERDE ARREDO VIA CARROZZAIO","quartiere":"San Donato - San Vitale","ubicazione":"Via del Carrozzaio"}},{"type":"Feature","geometry":{"coordinates":[11.326373459821495,44.49985010627007],"type":"Point"},"properties":{"geo_point_2d":{"lon":11.326373459821495,"lat":44.49985010627007},"tipo_di_area":"GIARDINO","nome":"GIARDINO MONS. ENELIO FRANZONI","quartiere":"Porto - Saragozza","ubicazione":"Via Dello Scalo"}},{"type":"Feature","geometry":{"coordinates":[11.314328836746075,44.504011013928235],"type":"Point"},"properties":{"geo_point_2d":{"lon":11.314328836746075,"lat":44.504011013928235},"tipo_di_area":"GIARDINO","nome":"AREA VIA E.PONENTE OSPED.MAGGIORE","quartiere":"Porto - Saragozza","ubicazione":"Via Emilia Ponente"}},{"type":"Feature","geometry":{"coordinates":[11.369555717953864,44.464272155425284],"type":"Point"},"properties":{"geo_point_2d":{"lon":11.369555717953864,"lat":44.464272155425284},"tipo_di_area":"GIARDINO","nome":"AREA PACINOTTI-LABRIOLA","quartiere":"Savena","ubicazione":"Via Pacinotti"}},{"type":"Feature","geometry":{"coordinates":[11.3286270382338,44.519094135886554],"type":"Point"},"properties":{"geo_point_2d":{"lon":11.3286270382338,"lat":44.519094135886554},"tipo_di_area":"VERDE D'ARREDO","nome":"CENTRO CIVICO LINO BORGATTI","quartiere":"Navile","ubicazione":"Via Marco Polo"}},{"type":"Feature","geometry":{"coordinates":[11.348598927275733,44.49194533031593],"type":"Point"},"properties":{"geo_point_2d":{"lon":11.348598927275733,"lat":44.49194533031593},"tipo_di_area":"GIARDINO","nome":"GIARDINO PIAZZA SANTO STEFANO","quartiere":"Santo Stefano","ubicazione":"Piazza Santo Stefano"}},{"type":"Feature","geometry":{"coordinates":[11.344341113914771,44.48747646491076],"type":"Point"},"properties":{"geo_point_2d":{"lon":11.344341113914771,"lat":44.48747646491076},"tipo_di_area":"VERDE D'ARREDO","nome":"G.NO SALVO D' ACQUISTO","quartiere":"Santo Stefano","ubicazione":"Piazza Tribunali"}},{"type":"Feature","geometry":{"coordinates":[11.278940268426823,44.51630946914736],"type":"Point"},"properties":{"geo_point_2d":{"lon":11.278940268426823,"lat":44.51630946914736},"tipo_di_area":"GIARDINO","nome":"AREA VIGILI URBANI BORGO PANIGALE","quartiere":"Borgo Panigale - Reno","ubicazione":"via E. Lepido"}},{"type":"Feature","geometry":{"coordinates":[11.349908915052042,44.49522603411325],"type":"Point"},"properties":{"geo_point_2d":{"lon":11.349908915052042,"lat":44.49522603411325},"tipo_di_area":"VERDE D'ARREDO","nome":"GIARDINO MATERNA ZAMBONI","quartiere":"Santo Stefano","ubicazione":"Via Zamboni 15"}},{"type":"Feature","geometry":{"coordinates":[11.361693247709997,44.50013064621338],"type":"Point"},"properties":{"geo_point_2d":{"lon":11.361693247709997,"lat":44.50013064621338},"tipo_di_area":"VERDE D'ARREDO","nome":"AREA VIA P. FABBRI 110","quartiere":"San Donato - San Vitale","ubicazione":"Via P.Fabbri"}},{"type":"Feature","geometry":{"coordinates":[11.291894296272574,44.49570018422387],"type":"Point"},"properties":{"geo_point_2d":{"lon":11.291894296272574,"lat":44.49570018422387},"tipo_di_area":"VERDE D'ARREDO","nome":"VIA DELLA BARCA 44","quartiere":"Borgo Panigale - Reno","ubicazione":"Via della Barca"}},{"type":"Feature","geometry":{"coordinates":[11.361755354245961,44.501668172859155],"type":"Point"},"properties":{"geo_point_2d":{"lon":11.361755354245961,"lat":44.501668172859155},"tipo_di_area":"VERDE D'ARREDO","nome":"ARCHIVIO STORICO COMUNALE","quartiere":"San Donato - San Vitale","ubicazione":"Via Tartini"}},{"type":"Feature","geometry":{"coordinates":[11.365134077641573,44.50180807650863],"type":"Point"},"properties":{"geo_point_2d":{"lon":11.365134077641573,"lat":44.50180807650863},"tipo_di_area":"VERDE D'ARREDO","nome":"PIAZZA MICKIEWICZ","quartiere":"San Donato - San Vitale","ubicazione":"Piazza Mickiewitz"}},{"type":"Feature","geometry":{"coordinates":[11.352545522697213,44.50825022387142],"type":"Point"},"properties":{"geo_point_2d":{"lon":11.352545522697213,"lat":44.50825022387142},"tipo_di_area":null,"nome":null,"quartiere":null,"ubicazione":null}},{"type":"Feature","geometry":{"coordinates":[11.316216569664514,44.52118757848864],"type":"Point"},"properties":{"geo_point_2d":{"lon":11.316216569664514,"lat":44.52118757848864},"tipo_di_area":null,"nome":null,"quartiere":null,"ubicazione":null}},{"type":"Feature","geometry":{"coordinates":[11.374799546552481,44.46084313611361],"type":"Point"},"properties":{"geo_point_2d":{"lon":11.374799546552481,"lat":44.46084313611361},"tipo_di_area":"PARCO","nome":"NUOVA","quartiere":null,"ubicazione":null}},{"type":"Feature","geometry":{"coordinates":[11.285320839044484,44.50315418966413],"type":"Point"},"properties":{"geo_point_2d":{"lon":11.285320839044484,"lat":44.50315418966413},"tipo_di_area":"PARCO","nome":"GIARDINO DEI BAMBU","quartiere":"Borgo Panigale - Reno","ubicazione":"Via Caduti di Casteldebole"}},{"type":"Feature","geometry":{"coordinates":[11.29014738755007,44.50754433081173],"type":"Point"},"properties":{"geo_point_2d":{"lon":11.29014738755007,"lat":44.50754433081173},"tipo_di_area":"CORPO IDRICO (laghetti, ruscelli, e fossi in collina)","nome":"LUNGORENO PONTE BACCHELLI - PONENTE","quartiere":"Borgo Panigale - Reno","ubicazione":"Ponte Riccardo Bacchelli"}},{"type":"Feature","geometry":{"coordinates":[11.329132351803493,44.51195651612533],"type":"Point"},"properties":{"geo_point_2d":{"lon":11.329132351803493,"lat":44.51195651612533},"tipo_di_area":"GIARDINO","nome":"GIARDINO FANTIN BEVERARA","quartiere":"Navile","ubicazione":"Via Mario Fantin 25"}},{"type":"Feature","geometry":{"coordinates":[11.39596585155778,44.51088015152908],"type":"Point"},"properties":{"geo_point_2d":{"lon":11.39596585155778,"lat":44.51088015152908},"tipo_di_area":null,"nome":null,"quartiere":null,"ubicazione":null}},{"type":"Feature","geometry":{"coordinates":[11.354567965653443,44.508914943633584],"type":"Point"},"properties":{"geo_point_2d":{"lon":11.354567965653443,"lat":44.508914943633584},"tipo_di_area":"VERDE D'ARREDO","nome":"GIARDINO GUSTAVO TROMBETTI","quartiere":"Navile","ubicazione":"Via Sebastiano Serlio"}},{"type":"Feature","geometry":{"coordinates":[11.286938784368678,44.49988846839008],"type":"Point"},"properties":{"geo_point_2d":{"lon":11.286938784368678,"lat":44.49988846839008},"tipo_di_area":"GIARDINO","nome":"AREA VERDE BOSCHETTO","quartiere":"Borgo Panigale - Reno","ubicazione":"Via Chiarini"}},{"type":"Feature","geometry":{"coordinates":[11.357282866893458,44.48713054157009],"type":"Point"},"properties":{"geo_point_2d":{"lon":11.357282866893458,"lat":44.48713054157009},"tipo_di_area":"GIARDINO","nome":"GIARDINO CARDUCCI","quartiere":"Santo Stefano","ubicazione":"Piazza Carducci"}},{"type":"Feature","geometry":{"coordinates":[11.279955323652107,44.50916833073137],"type":"Point"},"properties":{"geo_point_2d":{"lon":11.279955323652107,"lat":44.50916833073137},"tipo_di_area":"PARCO","nome":"AREA VIA TOGLIATTI","quartiere":"Borgo Panigale - Reno","ubicazione":"via Togliatti"}},{"type":"Feature","geometry":{"coordinates":[11.32328063740925,44.45299919713288],"type":"Point"},"properties":{"geo_point_2d":{"lon":11.32328063740925,"lat":44.45299919713288},"tipo_di_area":"PARCO","nome":"PARCO PADERNO","quartiere":"Santo Stefano","ubicazione":"Via Paderno"}},{"type":"Feature","geometry":{"coordinates":[11.316583864860057,44.48508423783496],"type":"Point"},"properties":{"geo_point_2d":{"lon":11.316583864860057,"lat":44.48508423783496},"tipo_di_area":"VERDE D'ARREDO","nome":"ARREDO VIA F.BATTAGLIA","quartiere":"Porto - Saragozza","ubicazione":"Via Felice Battaglia"}},{"type":"Feature","geometry":{"coordinates":[11.328737561869023,44.489648139403734],"type":"Point"},"properties":{"geo_point_2d":{"lon":11.328737561869023,"lat":44.489648139403734},"tipo_di_area":"PARCO","nome":"NUOVA","quartiere":null,"ubicazione":null}},{"type":"Feature","geometry":{"coordinates":[11.282046589532253,44.506580640746705],"type":"Point"},"properties":{"geo_point_2d":{"lon":11.282046589532253,"lat":44.506580640746705},"tipo_di_area":"VERDE D'ARREDO","nome":"PARCO GIOCO DEL MONDO","quartiere":"Borgo Panigale - Reno","ubicazione":"Viale Salvemini 11"}},{"type":"Feature","geometry":{"coordinates":[11.402924786371063,44.51251819851941],"type":"Point"},"properties":{"geo_point_2d":{"lon":11.402924786371063,"lat":44.51251819851941},"tipo_di_area":null,"nome":null,"quartiere":null,"ubicazione":null}},{"type":"Feature","geometry":{"coordinates":[11.320795576176534,44.49299594044477],"type":"Point"},"properties":{"geo_point_2d":{"lon":11.320795576176534,"lat":44.49299594044477},"tipo_di_area":"GIARDINO","nome":"GIARDINO VITTORIO MELLONI","quartiere":"Porto - Saragozza","ubicazione":"via Breventani"}},{"type":"Feature","geometry":{"coordinates":[11.30515638441344,44.50622841921895],"type":"Point"},"properties":{"geo_point_2d":{"lon":11.30515638441344,"lat":44.50622841921895},"tipo_di_area":"GIARDINO","nome":"G.NO DELLA FERRIERA","quartiere":"Borgo Panigale - Reno","ubicazione":"Via della Ferriera"}},{"type":"Feature","geometry":{"coordinates":[11.40111701799552,44.47329737097344],"type":"Point"},"properties":{"geo_point_2d":{"lon":11.40111701799552,"lat":44.47329737097344},"tipo_di_area":"PARCO","nome":"NUOVA","quartiere":null,"ubicazione":null}},{"type":"Feature","geometry":{"coordinates":[11.402520385866111,44.486475243907],"type":"Point"},"properties":{"geo_point_2d":{"lon":11.402520385866111,"lat":44.486475243907},"tipo_di_area":"PARCO","nome":"AREA CANOVA","quartiere":"San Donato - San Vitale","ubicazione":"Via Antonio Canova"}},{"type":"Feature","geometry":{"coordinates":[11.317323708645723,44.52247354754122],"type":"Point"},"properties":{"geo_point_2d":{"lon":11.317323708645723,"lat":44.52247354754122},"tipo_di_area":null,"nome":null,"quartiere":null,"ubicazione":null}},{"type":"Feature","geometry":{"coordinates":[11.380883606953825,44.472118773754794],"type":"Point"},"properties":{"geo_point_2d":{"lon":11.380883606953825,"lat":44.472118773754794},"tipo_di_area":null,"nome":null,"quartiere":null,"ubicazione":null}},{"type":"Feature","geometry":{"coordinates":[11.281507616881807,44.51088753150418],"type":"Point"},"properties":{"geo_point_2d":{"lon":11.281507616881807,"lat":44.51088753150418},"tipo_di_area":"PARCO","nome":"GIARDINO DEGLI OLMI","quartiere":"Borgo Panigale - Reno","ubicazione":"Via Giacosa"}},{"type":"Feature","geometry":{"coordinates":[11.385794220096173,44.47189880921254],"type":"Point"},"properties":{"geo_point_2d":{"lon":11.385794220096173,"lat":44.47189880921254},"tipo_di_area":"GIARDINO","nome":"GIARDINO RENATA VIGANO'","quartiere":"Savena","ubicazione":"Via Ortolani"}},{"type":"Feature","geometry":{"coordinates":[11.375080339889113,44.48829466117137],"type":"Point"},"properties":{"geo_point_2d":{"lon":11.375080339889113,"lat":44.48829466117137},"tipo_di_area":"PARCO","nome":"GIARDINO  MARIO MARAGI  (ARCOBALENO)","quartiere":"San Donato - San Vitale","ubicazione":"Via Arcobaleno"}},{"type":"Feature","geometry":{"coordinates":[11.29439705653031,44.476975000985156],"type":"Point"},"properties":{"geo_point_2d":{"lon":11.29439705653031,"lat":44.476975000985156},"tipo_di_area":"VERDE D'ARREDO","nome":"PARCHEGGIO DI SAN LUCA","quartiere":"Porto - Saragozza","ubicazione":"via Monte Albano"}},{"type":"Feature","geometry":{"coordinates":[11.392022708868906,44.480237618109804],"type":"Point"},"properties":{"geo_point_2d":{"lon":11.392022708868906,"lat":44.480237618109804},"tipo_di_area":"GIARDINO","nome":"GIARDINO GIUSEPPE IMPASTATO","quartiere":"Savena","ubicazione":"via Due Madonne"}},{"type":"Feature","geometry":{"coordinates":[11.320489066888724,44.52411617518812],"type":"Point"},"properties":{"geo_point_2d":{"lon":11.320489066888724,"lat":44.52411617518812},"tipo_di_area":"VERDE D'ARREDO","nome":"AREA VIA M.PESCAROLA","quartiere":"Navile","ubicazione":"Via Mulino di Pescarola"}},{"type":"Feature","geometry":{"coordinates":[11.330963293941014,44.50107677857293],"type":"Point"},"properties":{"geo_point_2d":{"lon":11.330963293941014,"lat":44.50107677857293},"tipo_di_area":"VERDE D'ARREDO","nome":"GIARDINO STEFANO CASAGRANDE (EX MURA DI VIALE SILVANI)","quartiere":"Porto - Saragozza","ubicazione":"Viale Silvani"}},{"type":"Feature","geometry":{"coordinates":[11.3702352477291,44.45741808895872],"type":"Point"},"properties":{"geo_point_2d":{"lon":11.3702352477291,"lat":44.45741808895872},"tipo_di_area":"GIARDINO","nome":"GIARDINO FERRARI","quartiere":"Savena","ubicazione":"Via Toscana"}},{"type":"Feature","geometry":{"coordinates":[11.383276073873681,44.48282455202906],"type":"Point"},"properties":{"geo_point_2d":{"lon":11.383276073873681,"lat":44.48282455202906},"tipo_di_area":"VERDE D'ARREDO","nome":"AREA VIA FELSINA-V.LE LENIN","quartiere":"Savena","ubicazione":"Viale Felsina"}},{"type":"Feature","geometry":{"coordinates":[11.366353193237636,44.495409196853345],"type":"Point"},"properties":{"geo_point_2d":{"lon":11.366353193237636,"lat":44.495409196853345},"tipo_di_area":"GIARDINO","nome":"GIARDINO VIA MUSOLESI","quartiere":"San Donato - San Vitale","ubicazione":"Via Mario Musolesi"}},{"type":"Feature","geometry":{"coordinates":[11.381298738252324,44.469961185410504],"type":"Point"},"properties":{"geo_point_2d":{"lon":11.381298738252324,"lat":44.469961185410504},"tipo_di_area":"VERDE D'ARREDO","nome":"LUDOTECA E SEDE ANFASS","quartiere":"Savena","ubicazione":"Via Cavazzoni"}},{"type":"Feature","geometry":{"coordinates":[11.335758337778286,44.479232933470406],"type":"Point"},"properties":{"geo_point_2d":{"lon":11.335758337778286,"lat":44.479232933470406},"tipo_di_area":"GIARDINO","nome":"GIARDINO NORMA MASCELLANI","quartiere":"Santo Stefano","ubicazione":"Via S. Mamolo"}},{"type":"Feature","geometry":{"coordinates":[11.331654078265972,44.50122076272933],"type":"Point"},"properties":{"geo_point_2d":{"lon":11.331654078265972,"lat":44.50122076272933},"tipo_di_area":"GIARDINO","nome":"GIARDINO STEFANO CASAGRANDE (EX MURA DI VIALE SILVANI)","quartiere":"Porto - Saragozza","ubicazione":"Viale Silvani"}},{"type":"Feature","geometry":{"coordinates":[11.343650691558771,44.489281685803185],"type":"Point"},"properties":{"geo_point_2d":{"lon":11.343650691558771,"lat":44.489281685803185},"tipo_di_area":"GIARDINO","nome":"GIARDINO UFFICI GIUDIZIARI (Via Garibaldi 6)","quartiere":"Santo Stefano","ubicazione":"Via Garibaldi, 6"}},{"type":"Feature","geometry":{"coordinates":[11.39228484801182,44.4824457628567],"type":"Point"},"properties":{"geo_point_2d":{"lon":11.39228484801182,"lat":44.4824457628567},"tipo_di_area":"VERDE D'ARREDO","nome":"AREA VIA LINCOLN","quartiere":"Savena","ubicazione":"Via Lincoln"}},{"type":"Feature","geometry":{"coordinates":[11.402542206753923,44.51203731150599],"type":"Point"},"properties":{"geo_point_2d":{"lon":11.402542206753923,"lat":44.51203731150599},"tipo_di_area":null,"nome":null,"quartiere":null,"ubicazione":null}},{"type":"Feature","geometry":{"coordinates":[11.350400782201595,44.53665298738035],"type":"Point"},"properties":{"geo_point_2d":{"lon":11.350400782201595,"lat":44.53665298738035},"tipo_di_area":null,"nome":null,"quartiere":null,"ubicazione":null}},{"type":"Feature","geometry":{"coordinates":[11.363343937140511,44.53026416992539],"type":"Point"},"properties":{"geo_point_2d":{"lon":11.363343937140511,"lat":44.53026416992539},"tipo_di_area":"VERDE D'ARREDO","nome":"PARCO DOZZA","quartiere":"Navile","ubicazione":"Via Andrea da Formigine"}},{"type":"Feature","geometry":{"coordinates":[11.313004116752532,44.526538961420925],"type":"Point"},"properties":{"geo_point_2d":{"lon":11.313004116752532,"lat":44.526538961420925},"tipo_di_area":null,"nome":null,"quartiere":null,"ubicazione":null}},{"type":"Feature","geometry":{"coordinates":[11.35233775385066,44.54519942661353],"type":"Point"},"properties":{"geo_point_2d":{"lon":11.35233775385066,"lat":44.54519942661353},"tipo_di_area":"PARCO","nome":"PERCORSO LUNGONAVILE","quartiere":"Navile","ubicazione":"Via Yuri Gagarin - Via dei Terraioli"}},{"type":"Feature","geometry":{"coordinates":[11.376619788149727,44.50368541557933],"type":"Point"},"properties":{"geo_point_2d":{"lon":11.376619788149727,"lat":44.50368541557933},"tipo_di_area":"VERDE D'ARREDO","nome":"GIARDINO VIA DELLA CAMPAGNA","quartiere":"San Donato - San Vitale","ubicazione":"Via della Campagna"}},{"type":"Feature","geometry":{"coordinates":[11.39875474425424,44.51353206545119],"type":"Point"},"properties":{"geo_point_2d":{"lon":11.39875474425424,"lat":44.51353206545119},"tipo_di_area":"GIARDINO","nome":"G.NO VIRGO FIDELIS RSA","quartiere":"San Donato - San Vitale","ubicazione":"Via Dino Campana, 57"}},{"type":"Feature","geometry":{"coordinates":[11.290226960123665,44.512023597199594],"type":"Point"},"properties":{"geo_point_2d":{"lon":11.290226960123665,"lat":44.512023597199594},"tipo_di_area":"VERDE SPORTIVO","nome":"GIARDINO C. S. LELLI","quartiere":"Borgo Panigale - Reno","ubicazione":"via Triunvirato"}},{"type":"Feature","geometry":{"coordinates":[11.389763456672267,44.48807339073177],"type":"Point"},"properties":{"geo_point_2d":{"lon":11.389763456672267,"lat":44.48807339073177},"tipo_di_area":"GIARDINO","nome":"GIARDINO LEGNANI BARBACCI","quartiere":"Savena","ubicazione":"Via Alberto Legnani 4, Via Alfredo Barbacci 3"}},{"type":"Feature","geometry":{"coordinates":[11.386263222318599,44.499010185587515],"type":"Point"},"properties":{"geo_point_2d":{"lon":11.386263222318599,"lat":44.499010185587515},"tipo_di_area":"CORPO IDRICO (laghetti, ruscelli, e fossi in collina)","nome":"PARCO CAMPAGNA VIA LARGA","quartiere":"San Donato - San Vitale","ubicazione":"Via del Carpentiere"}},{"type":"Feature","geometry":{"coordinates":[11.389486729473573,44.492283788411605],"type":"Point"},"properties":{"geo_point_2d":{"lon":11.389486729473573,"lat":44.492283788411605},"tipo_di_area":"GIARDINO","nome":"G.NO  NORMA COSSETTO","quartiere":"San Donato - San Vitale","ubicazione":"Via Guelfa"}},{"type":"Feature","geometry":{"coordinates":[11.373603162208457,44.50837432966528],"type":"Point"},"properties":{"geo_point_2d":{"lon":11.373603162208457,"lat":44.50837432966528},"tipo_di_area":"VERDE SPORTIVO","nome":"CENTRO SPORTIVO SAN DONATO","quartiere":"San Donato - San Vitale","ubicazione":"Via Michelino"}},{"type":"Feature","geometry":{"coordinates":[11.289120839410131,44.50896292241366],"type":"Point"},"properties":{"geo_point_2d":{"lon":11.289120839410131,"lat":44.50896292241366},"tipo_di_area":"PARCO","nome":"PARCO DEI NOCI (V.DEL GRETO)","quartiere":"Borgo Panigale - Reno","ubicazione":"Via del greto"}},{"type":"Feature","geometry":{"coordinates":[11.371300465435047,44.481889242561316],"type":"Point"},"properties":{"geo_point_2d":{"lon":11.371300465435047,"lat":44.481889242561316},"tipo_di_area":null,"nome":null,"quartiere":null,"ubicazione":null}},{"type":"Feature","geometry":{"coordinates":[11.337770316753868,44.504273687391105],"type":"Point"},"properties":{"geo_point_2d":{"lon":11.337770316753868,"lat":44.504273687391105},"tipo_di_area":"GIARDINO","nome":"GIARDINO GRAZIELLA FAVA","quartiere":"Porto - Saragozza","ubicazione":"Via Milazzo"}},{"type":"Feature","geometry":{"coordinates":[11.317469338931831,44.49778060601365],"type":"Point"},"properties":{"geo_point_2d":{"lon":11.317469338931831,"lat":44.49778060601365},"tipo_di_area":"GIARDINO","nome":"SUCCURSALE LICEO RIGHI - CENTRO SOCIALE TOLMINO","quartiere":"Porto - Saragozza","ubicazione":"via Podgora, 41"}},{"type":"Feature","geometry":{"coordinates":[11.343530143409145,44.48202273304254],"type":"Point"},"properties":{"geo_point_2d":{"lon":11.343530143409145,"lat":44.48202273304254},"tipo_di_area":"GIARDINO","nome":"BELVEDERE-CODIVILLA","quartiere":"Santo Stefano","ubicazione":"Via Codivilla"}},{"type":"Feature","geometry":{"coordinates":[11.35851850422111,44.55011335871209],"type":"Point"},"properties":{"geo_point_2d":{"lon":11.35851850422111,"lat":44.55011335871209},"tipo_di_area":"VERDE D'ARREDO","nome":"AREA VIA PESCI","quartiere":"Navile","ubicazione":"Via Pesci"}},{"type":"Feature","geometry":{"coordinates":[11.393169123216921,44.4766527819167],"type":"Point"},"properties":{"geo_point_2d":{"lon":11.393169123216921,"lat":44.4766527819167},"tipo_di_area":"VERDE D'ARREDO","nome":"AREA CADUTI DISPERSI GUERRA","quartiere":"Savena","ubicazione":"via G. Dozza"}},{"type":"Feature","geometry":{"coordinates":[11.333260198464389,44.50241927763987],"type":"Point"},"properties":{"geo_point_2d":{"lon":11.333260198464389,"lat":44.50241927763987},"tipo_di_area":"VERDE D'ARREDO","nome":"PIAZZA VII NOVEMBRE 1944","quartiere":"Porto - Saragozza","ubicazione":"Porta Lame"}},{"type":"Feature","geometry":{"coordinates":[11.373729463847772,44.465680757153976],"type":"Point"},"properties":{"geo_point_2d":{"lon":11.373729463847772,"lat":44.465680757153976},"tipo_di_area":"GIARDINO","nome":"AREA VIA MERCADANTE","quartiere":"Savena","ubicazione":"Via Mercadante"}},{"type":"Feature","geometry":{"coordinates":[11.383353495027716,44.472991157065536],"type":"Point"},"properties":{"geo_point_2d":{"lon":11.383353495027716,"lat":44.472991157065536},"tipo_di_area":"GIARDINO","nome":"GIARDINO MAZZONI ORTOLANI","quartiere":"Savena","ubicazione":"Via Corrado Mazzoni - Via degli Ortolani"}},{"type":"Feature","geometry":{"coordinates":[11.353429460276516,44.49752102989409],"type":"Point"},"properties":{"geo_point_2d":{"lon":11.353429460276516,"lat":44.49752102989409},"tipo_di_area":"VERDE D'ARREDO","nome":"PIAZZA PUNTONI","quartiere":"Santo Stefano","ubicazione":"Piazza Puntoni"}},{"type":"Feature","geometry":{"coordinates":[11.392272978091915,44.48207199725516],"type":"Point"},"properties":{"geo_point_2d":{"lon":11.392272978091915,"lat":44.48207199725516},"tipo_di_area":"VERDE D'ARREDO","nome":"AREA VIA LINCOLN","quartiere":"Savena","ubicazione":"Via Lincoln"}},{"type":"Feature","geometry":{"coordinates":[11.332117662728662,44.501076955182945],"type":"Point"},"properties":{"geo_point_2d":{"lon":11.332117662728662,"lat":44.501076955182945},"tipo_di_area":"VERDE D'ARREDO","nome":"GIARDINO STEFANO CASAGRANDE (EX MURA DI VIALE SILVANI)","quartiere":"Porto - Saragozza","ubicazione":"Viale Silvani"}},{"type":"Feature","geometry":{"coordinates":[11.389181191819265,44.50077821195758],"type":"Point"},"properties":{"geo_point_2d":{"lon":11.389181191819265,"lat":44.50077821195758},"tipo_di_area":"VERDE SPORTIVO","nome":"PISCINA SPIRAGLIO","quartiere":"San Donato - San Vitale","ubicazione":"Via Spiraglio"}},{"type":"Feature","geometry":{"coordinates":[11.329728520568235,44.50258818705319],"type":"Point"},"properties":{"geo_point_2d":{"lon":11.329728520568235,"lat":44.50258818705319},"tipo_di_area":"VERDE D'ARREDO","nome":"GIARDINO PIERFRANCESCO LORUSSO","quartiere":"Porto - Saragozza","ubicazione":"Via dello Scalo"}},{"type":"Feature","geometry":{"coordinates":[11.34834567058455,44.5257953626097],"type":"Point"},"properties":{"geo_point_2d":{"lon":11.34834567058455,"lat":44.5257953626097},"tipo_di_area":"GIARDINO","nome":"CASA COM.VIA GIURIOLO","quartiere":"Navile","ubicazione":"Via Giuriolo"}},{"type":"Feature","geometry":{"coordinates":[11.362228251527442,44.51192612914897],"type":"Point"},"properties":{"geo_point_2d":{"lon":11.362228251527442,"lat":44.51192612914897},"tipo_di_area":"VERDE D'ARREDO","nome":"PIAZZA  COSTITITUZIONE E  AREA LIMITROFA","quartiere":"San Donato - San Vitale","ubicazione":"Piazza della Costituzione"}},{"type":"Feature","geometry":{"coordinates":[11.380427756458902,44.50702086136107],"type":"Point"},"properties":{"geo_point_2d":{"lon":11.380427756458902,"lat":44.50702086136107},"tipo_di_area":"PARCO","nome":"GIARDINO FRANCOFORTE VALPARAISO","quartiere":"San Donato - San Vitale","ubicazione":"Via Francoforte"}},{"type":"Feature","geometry":{"coordinates":[11.275127485379778,44.504156580416975],"type":"Point"},"properties":{"geo_point_2d":{"lon":11.275127485379778,"lat":44.504156580416975},"tipo_di_area":"VERDE D'ARREDO","nome":"PARCO DELLE QUERCE","quartiere":"Borgo Panigale - Reno","ubicazione":"via Galeazza"}},{"type":"Feature","geometry":{"coordinates":[11.354862363738727,44.509046995696416],"type":"Point"},"properties":{"geo_point_2d":{"lon":11.354862363738727,"lat":44.509046995696416},"tipo_di_area":"VERDE D'ARREDO","nome":"GIARDINO GUSTAVO TROMBETTI","quartiere":"Navile","ubicazione":"Via Sebastiano Serlio"}},{"type":"Feature","geometry":{"coordinates":[11.291064325078533,44.500760711037536],"type":"Point"},"properties":{"geo_point_2d":{"lon":11.291064325078533,"lat":44.500760711037536},"tipo_di_area":"VERDE D'ARREDO","nome":"AREA VERDE VIA DE PISIS","quartiere":"Borgo Panigale - Reno","ubicazione":"Via De Pisis"}},{"type":"Feature","geometry":{"coordinates":[11.38205444616743,44.48324718088025],"type":"Point"},"properties":{"geo_point_2d":{"lon":11.38205444616743,"lat":44.48324718088025},"tipo_di_area":"VERDE D'ARREDO","nome":"V. FOSSE ARDEATINE-FELSINA-BIANCO","quartiere":"Savena","ubicazione":"viale Felsina"}},{"type":"Feature","geometry":{"coordinates":[11.335221215360699,44.50283985605805],"type":"Point"},"properties":{"geo_point_2d":{"lon":11.335221215360699,"lat":44.50283985605805},"tipo_di_area":"GIARDINO","nome":"AREA SALARA","quartiere":"Porto - Saragozza","ubicazione":"Via Don Minzoni"}},{"type":"Feature","geometry":{"coordinates":[11.353483184263279,44.537427515793915],"type":"Point"},"properties":{"geo_point_2d":{"lon":11.353483184263279,"lat":44.537427515793915},"tipo_di_area":"GIARDINO","nome":"AREA RONCAGLIO 11\/12","quartiere":"Navile","ubicazione":"Via Roncaglio 11\/12"}},{"type":"Feature","geometry":{"coordinates":[11.378531692747995,44.46138883053445],"type":"Point"},"properties":{"geo_point_2d":{"lon":11.378531692747995,"lat":44.46138883053445},"tipo_di_area":"PARCO","nome":"NUOVA","quartiere":null,"ubicazione":null}},{"type":"Feature","geometry":{"coordinates":[11.392600499469385,44.46815790810938],"type":"Point"},"properties":{"geo_point_2d":{"lon":11.392600499469385,"lat":44.46815790810938},"tipo_di_area":"VERDE D'ARREDO","nome":"PARCO LUNGOSAVENA","quartiere":"Savena","ubicazione":"Rotonda Grazia Verenin - Viale Lungosavena"}},{"type":"Feature","geometry":{"coordinates":[11.38682614068669,44.510787670712496],"type":"Point"},"properties":{"geo_point_2d":{"lon":11.38682614068669,"lat":44.510787670712496},"tipo_di_area":"GIARDINO","nome":"G.NO CENTRO AGRESTE","quartiere":"San Donato - San Vitale","ubicazione":"Via Luigi Pirandello, 3"}},{"type":"Feature","geometry":{"coordinates":[11.360578176968705,44.49863870581042],"type":"Point"},"properties":{"geo_point_2d":{"lon":11.360578176968705,"lat":44.49863870581042},"tipo_di_area":"GIARDINO","nome":"GIARDINO LORENZO GIUSTI","quartiere":"San Donato - San Vitale","ubicazione":"Via Ilio Barontini"}},{"type":"Feature","geometry":{"coordinates":[11.36385550115263,44.49334812886805],"type":"Point"},"properties":{"geo_point_2d":{"lon":11.36385550115263,"lat":44.49334812886805},"tipo_di_area":"GIARDINO","nome":"GIARDINO MASSARENTI-BENTIVOGLI","quartiere":"San Donato - San Vitale","ubicazione":"Via Massarenti"}},{"type":"Feature","geometry":{"coordinates":[11.379578059859387,44.461199428772474],"type":"Point"},"properties":{"geo_point_2d":{"lon":11.379578059859387,"lat":44.461199428772474},"tipo_di_area":"PARCO","nome":"NUOVA","quartiere":null,"ubicazione":null}},{"type":"Feature","geometry":{"coordinates":[11.378617466906615,44.46107523089578],"type":"Point"},"properties":{"geo_point_2d":{"lon":11.378617466906615,"lat":44.46107523089578},"tipo_di_area":"PARCO","nome":"NUOVA","quartiere":null,"ubicazione":null}},{"type":"Feature","geometry":{"coordinates":[11.340739249157282,44.512694391231484],"type":"Point"},"properties":{"geo_point_2d":{"lon":11.340739249157282,"lat":44.512694391231484},"tipo_di_area":null,"nome":null,"quartiere":null,"ubicazione":null}},{"type":"Feature","geometry":{"coordinates":[11.338870071112611,44.51150674903532],"type":"Point"},"properties":{"geo_point_2d":{"lon":11.338870071112611,"lat":44.51150674903532},"tipo_di_area":null,"nome":null,"quartiere":null,"ubicazione":null}},{"type":"Feature","geometry":{"coordinates":[11.329055722022998,44.520378164557876],"type":"Point"},"properties":{"geo_point_2d":{"lon":11.329055722022998,"lat":44.520378164557876},"tipo_di_area":null,"nome":null,"quartiere":null,"ubicazione":null}},{"type":"Feature","geometry":{"coordinates":[11.327455898123466,44.521991960718545],"type":"Point"},"properties":{"geo_point_2d":{"lon":11.327455898123466,"lat":44.521991960718545},"tipo_di_area":null,"nome":null,"quartiere":null,"ubicazione":null}},{"type":"Feature","geometry":{"coordinates":[11.327561466318677,44.52217670506017],"type":"Point"},"properties":{"geo_point_2d":{"lon":11.327561466318677,"lat":44.52217670506017},"tipo_di_area":null,"nome":null,"quartiere":null,"ubicazione":null}},{"type":"Feature","geometry":{"coordinates":[11.325998513663803,44.52308102085005],"type":"Point"},"properties":{"geo_point_2d":{"lon":11.325998513663803,"lat":44.52308102085005},"tipo_di_area":null,"nome":null,"quartiere":null,"ubicazione":null}},{"type":"Feature","geometry":{"coordinates":[11.361105372229641,44.53038676688922],"type":"Point"},"properties":{"geo_point_2d":{"lon":11.361105372229641,"lat":44.53038676688922},"tipo_di_area":null,"nome":null,"quartiere":null,"ubicazione":null}},{"type":"Feature","geometry":{"coordinates":[11.367910251518948,44.52778986691068],"type":"Point"},"properties":{"geo_point_2d":{"lon":11.367910251518948,"lat":44.52778986691068},"tipo_di_area":null,"nome":null,"quartiere":null,"ubicazione":null}},{"type":"Feature","geometry":{"coordinates":[11.366594530262418,44.52674582850947],"type":"Point"},"properties":{"geo_point_2d":{"lon":11.366594530262418,"lat":44.52674582850947},"tipo_di_area":null,"nome":null,"quartiere":null,"ubicazione":null}},{"type":"Feature","geometry":{"coordinates":[11.3314570103458,44.49927170570511],"type":"Point"},"properties":{"geo_point_2d":{"lon":11.3314570103458,"lat":44.49927170570511},"tipo_di_area":null,"nome":null,"quartiere":null,"ubicazione":null}},{"type":"Feature","geometry":{"coordinates":[11.301125172021614,44.490311217018],"type":"Point"},"properties":{"geo_point_2d":{"lon":11.301125172021614,"lat":44.490311217018},"tipo_di_area":null,"nome":null,"quartiere":null,"ubicazione":null}},{"type":"Feature","geometry":{"coordinates":[11.365784914833904,44.49984412829496],"type":"Point"},"properties":{"geo_point_2d":{"lon":11.365784914833904,"lat":44.49984412829496},"tipo_di_area":null,"nome":null,"quartiere":null,"ubicazione":null}},{"type":"Feature","geometry":{"coordinates":[11.39286589166213,44.512299874176556],"type":"Point"},"properties":{"geo_point_2d":{"lon":11.39286589166213,"lat":44.512299874176556},"tipo_di_area":null,"nome":null,"quartiere":null,"ubicazione":null}},{"type":"Feature","geometry":{"coordinates":[11.294737496778886,44.51029235522238],"type":"Point"},"properties":{"geo_point_2d":{"lon":11.294737496778886,"lat":44.51029235522238},"tipo_di_area":null,"nome":null,"quartiere":null,"ubicazione":null}},{"type":"Feature","geometry":{"coordinates":[11.294619527903368,44.5109698570283],"type":"Point"},"properties":{"geo_point_2d":{"lon":11.294619527903368,"lat":44.5109698570283},"tipo_di_area":null,"nome":null,"quartiere":null,"ubicazione":null}},{"type":"Feature","geometry":{"coordinates":[11.293526677348199,44.50875302524248],"type":"Point"},"properties":{"geo_point_2d":{"lon":11.293526677348199,"lat":44.50875302524248},"tipo_di_area":null,"nome":null,"quartiere":null,"ubicazione":null}},{"type":"Feature","geometry":{"coordinates":[11.293608600178421,44.50889393251046],"type":"Point"},"properties":{"geo_point_2d":{"lon":11.293608600178421,"lat":44.50889393251046},"tipo_di_area":null,"nome":null,"quartiere":null,"ubicazione":null}},{"type":"Feature","geometry":{"coordinates":[11.293172770721634,44.50836962639706],"type":"Point"},"properties":{"geo_point_2d":{"lon":11.293172770721634,"lat":44.50836962639706},"tipo_di_area":null,"nome":null,"quartiere":null,"ubicazione":null}},{"type":"Feature","geometry":{"coordinates":[11.293321051044337,44.498700684360095],"type":"Point"},"properties":{"geo_point_2d":{"lon":11.293321051044337,"lat":44.498700684360095},"tipo_di_area":null,"nome":null,"quartiere":null,"ubicazione":null}},{"type":"Feature","geometry":{"coordinates":[11.304161899167722,44.4987367304054],"type":"Point"},"properties":{"geo_point_2d":{"lon":11.304161899167722,"lat":44.4987367304054},"tipo_di_area":null,"nome":null,"quartiere":null,"ubicazione":null}},{"type":"Feature","geometry":{"coordinates":[11.30320954626639,44.49688855135562],"type":"Point"},"properties":{"geo_point_2d":{"lon":11.30320954626639,"lat":44.49688855135562},"tipo_di_area":null,"nome":null,"quartiere":null,"ubicazione":null}},{"type":"Feature","geometry":{"coordinates":[11.299721681769661,44.49679577375046],"type":"Point"},"properties":{"geo_point_2d":{"lon":11.299721681769661,"lat":44.49679577375046},"tipo_di_area":null,"nome":null,"quartiere":null,"ubicazione":null}},{"type":"Feature","geometry":{"coordinates":[11.297668695644287,44.499573776923356],"type":"Point"},"properties":{"geo_point_2d":{"lon":11.297668695644287,"lat":44.499573776923356},"tipo_di_area":null,"nome":null,"quartiere":null,"ubicazione":null}},{"type":"Feature","geometry":{"coordinates":[11.30364824302225,44.50579786394964],"type":"Point"},"properties":{"geo_point_2d":{"lon":11.30364824302225,"lat":44.50579786394964},"tipo_di_area":null,"nome":null,"quartiere":null,"ubicazione":null}},{"type":"Feature","geometry":{"coordinates":[11.304048845662042,44.508796649149936],"type":"Point"},"properties":{"geo_point_2d":{"lon":11.304048845662042,"lat":44.508796649149936},"tipo_di_area":null,"nome":null,"quartiere":null,"ubicazione":null}},{"type":"Feature","geometry":{"coordinates":[11.287315419870934,44.50618159221838],"type":"Point"},"properties":{"geo_point_2d":{"lon":11.287315419870934,"lat":44.50618159221838},"tipo_di_area":null,"nome":null,"quartiere":null,"ubicazione":null}},{"type":"Feature","geometry":{"coordinates":[11.285582040752143,44.50618025266727],"type":"Point"},"properties":{"geo_point_2d":{"lon":11.285582040752143,"lat":44.50618025266727},"tipo_di_area":null,"nome":null,"quartiere":null,"ubicazione":null}},{"type":"Feature","geometry":{"coordinates":[11.28374250220896,44.50449878115347],"type":"Point"},"properties":{"geo_point_2d":{"lon":11.28374250220896,"lat":44.50449878115347},"tipo_di_area":null,"nome":null,"quartiere":null,"ubicazione":null}},{"type":"Feature","geometry":{"coordinates":[11.285648683419241,44.516567466756946],"type":"Point"},"properties":{"geo_point_2d":{"lon":11.285648683419241,"lat":44.516567466756946},"tipo_di_area":null,"nome":null,"quartiere":null,"ubicazione":null}},{"type":"Feature","geometry":{"coordinates":[11.378873067537294,44.50690628936175],"type":"Point"},"properties":{"geo_point_2d":{"lon":11.378873067537294,"lat":44.50690628936175},"tipo_di_area":null,"nome":null,"quartiere":null,"ubicazione":null}},{"type":"Feature","geometry":{"coordinates":[11.37851105385348,44.50822708674285],"type":"Point"},"properties":{"geo_point_2d":{"lon":11.37851105385348,"lat":44.50822708674285},"tipo_di_area":null,"nome":null,"quartiere":null,"ubicazione":null}},{"type":"Feature","geometry":{"coordinates":[11.332718499621732,44.47846929402358],"type":"Point"},"properties":{"geo_point_2d":{"lon":11.332718499621732,"lat":44.47846929402358},"tipo_di_area":null,"nome":null,"quartiere":null,"ubicazione":null}},{"type":"Feature","geometry":{"coordinates":[11.399409725396852,44.51318878400414],"type":"Point"},"properties":{"geo_point_2d":{"lon":11.399409725396852,"lat":44.51318878400414},"tipo_di_area":null,"nome":null,"quartiere":null,"ubicazione":null}},{"type":"Feature","geometry":{"coordinates":[11.39758358236464,44.512873654608704],"type":"Point"},"properties":{"geo_point_2d":{"lon":11.39758358236464,"lat":44.512873654608704},"tipo_di_area":null,"nome":null,"quartiere":null,"ubicazione":null}},{"type":"Feature","geometry":{"coordinates":[11.396694120436603,44.5117223104413],"type":"Point"},"properties":{"geo_point_2d":{"lon":11.396694120436603,"lat":44.5117223104413},"tipo_di_area":null,"nome":null,"quartiere":null,"ubicazione":null}},{"type":"Feature","geometry":{"coordinates":[11.334792124719018,44.52143840943183],"type":"Point"},"properties":{"geo_point_2d":{"lon":11.334792124719018,"lat":44.52143840943183},"tipo_di_area":null,"nome":null,"quartiere":null,"ubicazione":null}},{"type":"Feature","geometry":{"coordinates":[11.347553566345953,44.529797164868434],"type":"Point"},"properties":{"geo_point_2d":{"lon":11.347553566345953,"lat":44.529797164868434},"tipo_di_area":null,"nome":null,"quartiere":null,"ubicazione":null}},{"type":"Feature","geometry":{"coordinates":[11.32033857649364,44.52154686966502],"type":"Point"},"properties":{"geo_point_2d":{"lon":11.32033857649364,"lat":44.52154686966502},"tipo_di_area":null,"nome":null,"quartiere":null,"ubicazione":null}},{"type":"Feature","geometry":{"coordinates":[11.319684875558542,44.5206734823501],"type":"Point"},"properties":{"geo_point_2d":{"lon":11.319684875558542,"lat":44.5206734823501},"tipo_di_area":null,"nome":null,"quartiere":null,"ubicazione":null}},{"type":"Feature","geometry":{"coordinates":[11.39058463599477,44.47383473870942],"type":"Point"},"properties":{"geo_point_2d":{"lon":11.39058463599477,"lat":44.47383473870942},"tipo_di_area":null,"nome":null,"quartiere":null,"ubicazione":null}},{"type":"Feature","geometry":{"coordinates":[11.377195822785122,44.4984302363925],"type":"Point"},"properties":{"geo_point_2d":{"lon":11.377195822785122,"lat":44.4984302363925},"tipo_di_area":null,"nome":null,"quartiere":null,"ubicazione":null}},{"type":"Feature","geometry":{"coordinates":[11.376785920149588,44.4987758405754],"type":"Point"},"properties":{"geo_point_2d":{"lon":11.376785920149588,"lat":44.4987758405754},"tipo_di_area":null,"nome":null,"quartiere":null,"ubicazione":null}},{"type":"Feature","geometry":{"coordinates":[11.287481189319148,44.49343743797461],"type":"Point"},"properties":{"geo_point_2d":{"lon":11.287481189319148,"lat":44.49343743797461},"tipo_di_area":null,"nome":null,"quartiere":null,"ubicazione":null}},{"type":"Feature","geometry":{"coordinates":[11.382404919969105,44.46785682308326],"type":"Point"},"properties":{"geo_point_2d":{"lon":11.382404919969105,"lat":44.46785682308326},"tipo_di_area":null,"nome":null,"quartiere":null,"ubicazione":null}},{"type":"Feature","geometry":{"coordinates":[11.37766856728245,44.49246940873693],"type":"Point"},"properties":{"geo_point_2d":{"lon":11.37766856728245,"lat":44.49246940873693},"tipo_di_area":"PARCO","nome":"GIARDINO VIA SPARTACO","quartiere":"San Donato - San Vitale","ubicazione":"Via Spartaco"}},{"type":"Feature","geometry":{"coordinates":[11.294292264481362,44.477016778311786],"type":"Point"},"properties":{"geo_point_2d":{"lon":11.294292264481362,"lat":44.477016778311786},"tipo_di_area":"VERDE D'ARREDO","nome":"PARCHEGGIO DI SAN LUCA","quartiere":"Porto - Saragozza","ubicazione":"via Monte Albano"}},{"type":"Feature","geometry":{"coordinates":[11.358206532855508,44.462038602461554],"type":"Point"},"properties":{"geo_point_2d":{"lon":11.358206532855508,"lat":44.462038602461554},"tipo_di_area":"VERDE D'ARREDO","nome":"CASA \"MERLANI\"","quartiere":"Savena","ubicazione":"Via Siepelunga"}},{"type":"Feature","geometry":{"coordinates":[11.350877343548168,44.53353828575688],"type":"Point"},"properties":{"geo_point_2d":{"lon":11.350877343548168,"lat":44.53353828575688},"tipo_di_area":"GIARDINO","nome":"GIARDINO ANGELO TOSELLI","quartiere":"Navile","ubicazione":"Via Don Bedetti"}},{"type":"Feature","geometry":{"coordinates":[11.3641891853458,44.53009178980347],"type":"Point"},"properties":{"geo_point_2d":{"lon":11.3641891853458,"lat":44.53009178980347},"tipo_di_area":"VERDE D'ARREDO","nome":"PARCO DOZZA","quartiere":"Navile","ubicazione":"Via Andrea da Formigine"}},{"type":"Feature","geometry":{"coordinates":[11.386622919301399,44.51229229122186],"type":"Point"},"properties":{"geo_point_2d":{"lon":11.386622919301399,"lat":44.51229229122186},"tipo_di_area":"VERDE D'ARREDO","nome":"VERDE VIA S.DONATO 177-177\/5A","quartiere":"San Donato - San Vitale","ubicazione":"Via San Donato, 177"}},{"type":"Feature","geometry":{"coordinates":[11.362970610106485,44.51120234614877],"type":"Point"},"properties":{"geo_point_2d":{"lon":11.362970610106485,"lat":44.51120234614877},"tipo_di_area":"GIARDINO","nome":"PIAZZA  COSTITITUZIONE E  AREA LIMITROFA","quartiere":"San Donato - San Vitale","ubicazione":"Piazza della Costituzione"}},{"type":"Feature","geometry":{"coordinates":[11.377136601285908,44.475152672104095],"type":"Point"},"properties":{"geo_point_2d":{"lon":11.377136601285908,"lat":44.475152672104095},"tipo_di_area":null,"nome":null,"quartiere":null,"ubicazione":null}},{"type":"Feature","geometry":{"coordinates":[11.311343155992821,44.498234327044614],"type":"Point"},"properties":{"geo_point_2d":{"lon":11.311343155992821,"lat":44.498234327044614},"tipo_di_area":null,"nome":null,"quartiere":null,"ubicazione":null}},{"type":"Feature","geometry":{"coordinates":[11.3507998309874,44.53315644079383],"type":"Point"},"properties":{"geo_point_2d":{"lon":11.3507998309874,"lat":44.53315644079383},"tipo_di_area":"GIARDINO","nome":"GIARDINO ANGELO TOSELLI","quartiere":"Navile","ubicazione":"Via Don Bedetti"}},{"type":"Feature","geometry":{"coordinates":[11.332394816426401,44.50604789903649],"type":"Point"},"properties":{"geo_point_2d":{"lon":11.332394816426401,"lat":44.50604789903649},"tipo_di_area":"VERDE D'ARREDO","nome":"PERCORSO LUNGONAVILE BOVA","quartiere":"Porto - Saragozza","ubicazione":"Via Bovi Campeggi"}},{"type":"Feature","geometry":{"coordinates":[11.378115008964855,44.48537878317137],"type":"Point"},"properties":{"geo_point_2d":{"lon":11.378115008964855,"lat":44.48537878317137},"tipo_di_area":"PARCO","nome":"PARCO ANDERS","quartiere":"Savena","ubicazione":"viale Felsina"}},{"type":"Feature","geometry":{"coordinates":[11.392595741147263,44.479277284845544],"type":"Point"},"properties":{"geo_point_2d":{"lon":11.392595741147263,"lat":44.479277284845544},"tipo_di_area":"PARCO","nome":"VIA BOMBICCI-VIA LONGHENA","quartiere":"Savena","ubicazione":"via M. Longhena"}},{"type":"Feature","geometry":{"coordinates":[11.330581699642574,44.496379354193046],"type":"Point"},"properties":{"geo_point_2d":{"lon":11.330581699642574,"lat":44.496379354193046},"tipo_di_area":"GIARDINO","nome":"GIARDINO OTELLO BIGNAMI  (SAN ROCCO)","quartiere":"Porto - Saragozza","ubicazione":"via San Rocco"}},{"type":"Feature","geometry":{"coordinates":[11.324294324603828,44.51958408130361],"type":"Point"},"properties":{"geo_point_2d":{"lon":11.324294324603828,"lat":44.51958408130361},"tipo_di_area":"VERDE D'ARREDO","nome":"AREA LUNGO FERROVIA","quartiere":"Navile","ubicazione":"Via Zanardi"}},{"type":"Feature","geometry":{"coordinates":[11.358794201265052,44.5435413374108],"type":"Point"},"properties":{"geo_point_2d":{"lon":11.358794201265052,"lat":44.5435413374108},"tipo_di_area":null,"nome":null,"quartiere":null,"ubicazione":null}},{"type":"Feature","geometry":{"coordinates":[11.383663243713475,44.46124615667324],"type":"Point"},"properties":{"geo_point_2d":{"lon":11.383663243713475,"lat":44.46124615667324},"tipo_di_area":"PARCO","nome":"NUOVA","quartiere":null,"ubicazione":null}},{"type":"Feature","geometry":{"coordinates":[11.349835037499577,44.52562056621455],"type":"Point"},"properties":{"geo_point_2d":{"lon":11.349835037499577,"lat":44.52562056621455},"tipo_di_area":"PARCO","nome":"PARCO EX CASERME ROSSE","quartiere":"Navile","ubicazione":"Via di Corticella"}},{"type":"Feature","geometry":{"coordinates":[11.296576982233796,44.50196869391776],"type":"Point"},"properties":{"geo_point_2d":{"lon":11.296576982233796,"lat":44.50196869391776},"tipo_di_area":"GIARDINO","nome":"GIARDINO ERNESTO CHE GUEVARA","quartiere":"Borgo Panigale - Reno","ubicazione":"via Battindarno"}},{"type":"Feature","geometry":{"coordinates":[11.28605757223239,44.49364849795106],"type":"Point"},"properties":{"geo_point_2d":{"lon":11.28605757223239,"lat":44.49364849795106},"tipo_di_area":"GIARDINO","nome":"AREA VIA ACHILLE GRANDI","quartiere":"Borgo Panigale - Reno","ubicazione":"Via Grandi"}},{"type":"Feature","geometry":{"coordinates":[11.34223196893728,44.48901617700022],"type":"Point"},"properties":{"geo_point_2d":{"lon":11.34223196893728,"lat":44.48901617700022},"tipo_di_area":"GIARDINO","nome":"ASILO TOVAGLIE - G.NO TOVAGLIE","quartiere":"Santo Stefano","ubicazione":"Via Tovaglia"}},{"type":"Feature","geometry":{"coordinates":[11.288980055824378,44.493703784338685],"type":"Point"},"properties":{"geo_point_2d":{"lon":11.288980055824378,"lat":44.493703784338685},"tipo_di_area":"GIARDINO","nome":"P.E.E.P. DI VITTORIO","quartiere":"Borgo Panigale - Reno","ubicazione":"Via di Vittorio"}},{"type":"Feature","geometry":{"coordinates":[11.375820208377668,44.5072632585744],"type":"Point"},"properties":{"geo_point_2d":{"lon":11.375820208377668,"lat":44.5072632585744},"tipo_di_area":null,"nome":null,"quartiere":null,"ubicazione":null}},{"type":"Feature","geometry":{"coordinates":[11.297365736859847,44.52071873560496],"type":"Point"},"properties":{"geo_point_2d":{"lon":11.297365736859847,"lat":44.52071873560496},"tipo_di_area":null,"nome":null,"quartiere":null,"ubicazione":null}},{"type":"Feature","geometry":{"coordinates":[11.396429263758534,44.49315039504763],"type":"Point"},"properties":{"geo_point_2d":{"lon":11.396429263758534,"lat":44.49315039504763},"tipo_di_area":"GIARDINO","nome":"AREA IACP VIA MATTEI","quartiere":"San Donato - San Vitale","ubicazione":"Via Enrico Mattei"}},{"type":"Feature","geometry":{"coordinates":[11.376697317076841,44.486152873258916],"type":"Point"},"properties":{"geo_point_2d":{"lon":11.376697317076841,"lat":44.486152873258916},"tipo_di_area":"GIARDINO","nome":"GIARDINO NINO  LUCCARINI","quartiere":"Savena","ubicazione":"via Oretti"}},{"type":"Feature","geometry":{"coordinates":[11.378102698877463,44.498075255351914],"type":"Point"},"properties":{"geo_point_2d":{"lon":11.378102698877463,"lat":44.498075255351914},"tipo_di_area":null,"nome":null,"quartiere":null,"ubicazione":null}},{"type":"Feature","geometry":{"coordinates":[11.34562022571248,44.5037009124833],"type":"Point"},"properties":{"geo_point_2d":{"lon":11.34562022571248,"lat":44.5037009124833},"tipo_di_area":null,"nome":null,"quartiere":null,"ubicazione":null}},{"type":"Feature","geometry":{"coordinates":[11.331101493923613,44.51507937858297],"type":"Point"},"properties":{"geo_point_2d":{"lon":11.331101493923613,"lat":44.51507937858297},"tipo_di_area":null,"nome":null,"quartiere":null,"ubicazione":null}},{"type":"Feature","geometry":{"coordinates":[11.320524492247255,44.524778262459144],"type":"Point"},"properties":{"geo_point_2d":{"lon":11.320524492247255,"lat":44.524778262459144},"tipo_di_area":null,"nome":null,"quartiere":null,"ubicazione":null}},{"type":"Feature","geometry":{"coordinates":[11.320331209301608,44.52439790646169],"type":"Point"},"properties":{"geo_point_2d":{"lon":11.320331209301608,"lat":44.52439790646169},"tipo_di_area":null,"nome":null,"quartiere":null,"ubicazione":null}},{"type":"Feature","geometry":{"coordinates":[11.363539650613399,44.528867671609575],"type":"Point"},"properties":{"geo_point_2d":{"lon":11.363539650613399,"lat":44.528867671609575},"tipo_di_area":null,"nome":null,"quartiere":null,"ubicazione":null}},{"type":"Feature","geometry":{"coordinates":[11.336666335037583,44.49907803464107],"type":"Point"},"properties":{"geo_point_2d":{"lon":11.336666335037583,"lat":44.49907803464107},"tipo_di_area":null,"nome":null,"quartiere":null,"ubicazione":null}},{"type":"Feature","geometry":{"coordinates":[11.293182601461256,44.50704247654739],"type":"Point"},"properties":{"geo_point_2d":{"lon":11.293182601461256,"lat":44.50704247654739},"tipo_di_area":null,"nome":null,"quartiere":null,"ubicazione":null}},{"type":"Feature","geometry":{"coordinates":[11.299459528712946,44.4964267114003],"type":"Point"},"properties":{"geo_point_2d":{"lon":11.299459528712946,"lat":44.4964267114003},"tipo_di_area":null,"nome":null,"quartiere":null,"ubicazione":null}},{"type":"Feature","geometry":{"coordinates":[11.283025172596812,44.50536145205958],"type":"Point"},"properties":{"geo_point_2d":{"lon":11.283025172596812,"lat":44.50536145205958},"tipo_di_area":null,"nome":null,"quartiere":null,"ubicazione":null}},{"type":"Feature","geometry":{"coordinates":[11.279345425734913,44.495456811252545],"type":"Point"},"properties":{"geo_point_2d":{"lon":11.279345425734913,"lat":44.495456811252545},"tipo_di_area":null,"nome":null,"quartiere":null,"ubicazione":null}},{"type":"Feature","geometry":{"coordinates":[11.28447590643431,44.516588899574494],"type":"Point"},"properties":{"geo_point_2d":{"lon":11.28447590643431,"lat":44.516588899574494},"tipo_di_area":null,"nome":null,"quartiere":null,"ubicazione":null}},{"type":"Feature","geometry":{"coordinates":[11.356340143656276,44.51120222972801],"type":"Point"},"properties":{"geo_point_2d":{"lon":11.356340143656276,"lat":44.51120222972801},"tipo_di_area":null,"nome":null,"quartiere":null,"ubicazione":null}},{"type":"Feature","geometry":{"coordinates":[11.398068164973765,44.51360806349731],"type":"Point"},"properties":{"geo_point_2d":{"lon":11.398068164973765,"lat":44.51360806349731},"tipo_di_area":null,"nome":null,"quartiere":null,"ubicazione":null}},{"type":"Feature","geometry":{"coordinates":[11.362112269330874,44.54937642198678],"type":"Point"},"properties":{"geo_point_2d":{"lon":11.362112269330874,"lat":44.54937642198678},"tipo_di_area":null,"nome":null,"quartiere":null,"ubicazione":null}},{"type":"Feature","geometry":{"coordinates":[11.30759689324677,44.483070652039636],"type":"Point"},"properties":{"geo_point_2d":{"lon":11.30759689324677,"lat":44.483070652039636},"tipo_di_area":null,"nome":null,"quartiere":null,"ubicazione":null}},{"type":"Feature","geometry":{"coordinates":[11.350094359888269,44.54227006001581],"type":"Point"},"properties":{"geo_point_2d":{"lon":11.350094359888269,"lat":44.54227006001581},"tipo_di_area":null,"nome":null,"quartiere":null,"ubicazione":null}},{"type":"Feature","geometry":{"coordinates":[11.379191469973861,44.47182065604807],"type":"Point"},"properties":{"geo_point_2d":{"lon":11.379191469973861,"lat":44.47182065604807},"tipo_di_area":"GIARDINO","nome":"VERDE  MILANO MAZZONI","quartiere":"Savena","ubicazione":"Via Milano - Via Corrado Mazzoni"}},{"type":"Feature","geometry":{"coordinates":[11.302655925765226,44.49458322785195],"type":"Point"},"properties":{"geo_point_2d":{"lon":11.302655925765226,"lat":44.49458322785195},"tipo_di_area":"PARCO","nome":"OASI FELINA CERTOSA","quartiere":"Borgo Panigale - Reno","ubicazione":"Via Fancelli"}},{"type":"Feature","geometry":{"coordinates":[11.296391522525939,44.487211240207714],"type":"Point"},"properties":{"geo_point_2d":{"lon":11.296391522525939,"lat":44.487211240207714},"tipo_di_area":"GIARDINO","nome":"GIARDINO MARTIRI D'ISTRIA, VENEZIA GIULIA E DALMAZIA","quartiere":"Porto - Saragozza","ubicazione":"Via Don Sturzo, 42"}},{"type":"Feature","geometry":{"coordinates":[11.301093378014018,44.49807236885664],"type":"Point"},"properties":{"geo_point_2d":{"lon":11.301093378014018,"lat":44.49807236885664},"tipo_di_area":"VERDE D'ARREDO","nome":"AREA VIA SARAGAT","quartiere":"Borgo Panigale - Reno","ubicazione":"Via Saragat"}},{"type":"Feature","geometry":{"coordinates":[11.314151875215904,44.53183526849773],"type":"Point"},"properties":{"geo_point_2d":{"lon":11.314151875215904,"lat":44.53183526849773},"tipo_di_area":"GIARDINO","nome":"AREA ARCI ZANARDI","quartiere":"Navile","ubicazione":"Via Zanardi"}},{"type":"Feature","geometry":{"coordinates":[11.37939230184208,44.46507311148501],"type":"Point"},"properties":{"geo_point_2d":{"lon":11.37939230184208,"lat":44.46507311148501},"tipo_di_area":"GIARDINO","nome":"CENTRO ANZIANI VIA ABBA","quartiere":"Savena","ubicazione":"Via Abba"}},{"type":"Feature","geometry":{"coordinates":[11.36498777897154,44.479232868229865],"type":"Point"},"properties":{"geo_point_2d":{"lon":11.36498777897154,"lat":44.479232868229865},"tipo_di_area":"GIARDINO","nome":"GIARDINO GIAMPIERO SEGAFREDO","quartiere":"Santo Stefano","ubicazione":"Via Murri"}},{"type":"Feature","geometry":{"coordinates":[11.32877582312404,44.519586787056305],"type":"Point"},"properties":{"geo_point_2d":{"lon":11.32877582312404,"lat":44.519586787056305},"tipo_di_area":"VERDE D'ARREDO","nome":"CENTRO CIVICO LINO BORGATTI","quartiere":"Navile","ubicazione":"Via Marco Polo"}},{"type":"Feature","geometry":{"coordinates":[11.321868414912151,44.51292351018193],"type":"Point"},"properties":{"geo_point_2d":{"lon":11.321868414912151,"lat":44.51292351018193},"tipo_di_area":"GIARDINO","nome":"CENTRO M. ZACCARELLI","quartiere":"Navile","ubicazione":"Via del Lazzaretto"}},{"type":"Feature","geometry":{"coordinates":[11.320916816254313,44.51308800145744],"type":"Point"},"properties":{"geo_point_2d":{"lon":11.320916816254313,"lat":44.51308800145744},"tipo_di_area":"GIARDINO","nome":"CENTRO M. ZACCARELLI","quartiere":"Navile","ubicazione":"Via del Lazzaretto"}},{"type":"Feature","geometry":{"coordinates":[11.315461062846122,44.521296082127435],"type":"Point"},"properties":{"geo_point_2d":{"lon":11.315461062846122,"lat":44.521296082127435},"tipo_di_area":null,"nome":null,"quartiere":null,"ubicazione":null}},{"type":"Feature","geometry":{"coordinates":[11.37592078139423,44.504983821035836],"type":"Point"},"properties":{"geo_point_2d":{"lon":11.37592078139423,"lat":44.504983821035836},"tipo_di_area":"GIARDINO","nome":"GIARDINO VIA DELLA CAMPAGNA","quartiere":"San Donato - San Vitale","ubicazione":"Via della Campagna"}},{"type":"Feature","geometry":{"coordinates":[11.292777822267343,44.512320933633234],"type":"Point"},"properties":{"geo_point_2d":{"lon":11.292777822267343,"lat":44.512320933633234},"tipo_di_area":"PARCO","nome":"LUNGORENO FABBRI - TRIUMVIRATO","quartiere":"Borgo Panigale - Reno","ubicazione":"Via del Triumvirato"}},{"type":"Feature","geometry":{"coordinates":[11.3492219772369,44.4827199811326],"type":"Point"},"properties":{"geo_point_2d":{"lon":11.3492219772369,"lat":44.4827199811326},"tipo_di_area":"PARCO","nome":"NUOVA","quartiere":null,"ubicazione":null}},{"type":"Feature","geometry":{"coordinates":[11.28735663874882,44.504470428482826],"type":"Point"},"properties":{"geo_point_2d":{"lon":11.28735663874882,"lat":44.504470428482826},"tipo_di_area":"CORPO IDRICO (laghetti, ruscelli, e fossi in collina)","nome":"LUNGORENO EINAUDI - PONTE BACCHELLI","quartiere":"Borgo Panigale - Reno","ubicazione":"Via Luigi Einaudi"}},{"type":"Feature","geometry":{"coordinates":[11.28005568935833,44.5046861108543],"type":"Point"},"properties":{"geo_point_2d":{"lon":11.28005568935833,"lat":44.5046861108543},"tipo_di_area":"GIARDINO","nome":"AREA VIA EINAUDI-DE NICOLA","quartiere":"Borgo Panigale - Reno","ubicazione":"Via Luigi Einaudi"}},{"type":"Feature","geometry":{"coordinates":[11.33393241910308,44.518856946894616],"type":"Point"},"properties":{"geo_point_2d":{"lon":11.33393241910308,"lat":44.518856946894616},"tipo_di_area":"PARCO","nome":"PERCORSO LUNGONAVILE","quartiere":"Navile","ubicazione":"Via Yuri Gagarin - Via dei Terraioli"}},{"type":"Feature","geometry":{"coordinates":[11.386212425237577,44.4991101795796],"type":"Point"},"properties":{"geo_point_2d":{"lon":11.386212425237577,"lat":44.4991101795796},"tipo_di_area":"CORPO IDRICO (laghetti, ruscelli, e fossi in collina)","nome":"PARCO CAMPAGNA VIA LARGA","quartiere":"San Donato - San Vitale","ubicazione":"Via del Carpentiere"}},{"type":"Feature","geometry":{"coordinates":[11.352804808454874,44.50905142915101],"type":"Point"},"properties":{"geo_point_2d":{"lon":11.352804808454874,"lat":44.50905142915101},"tipo_di_area":null,"nome":null,"quartiere":null,"ubicazione":null}},{"type":"Feature","geometry":{"coordinates":[11.275387263066106,44.491745766579506],"type":"Point"},"properties":{"geo_point_2d":{"lon":11.275387263066106,"lat":44.491745766579506},"tipo_di_area":"GIARDINO","nome":"G.NO CADUTI DI CASTELDEBOLE","quartiere":"Borgo Panigale - Reno","ubicazione":"Via Caduti di Casteldebole 79"}},{"type":"Feature","geometry":{"coordinates":[11.317072542815136,44.52208909637654],"type":"Point"},"properties":{"geo_point_2d":{"lon":11.317072542815136,"lat":44.52208909637654},"tipo_di_area":null,"nome":null,"quartiere":null,"ubicazione":null}},{"type":"Feature","geometry":{"coordinates":[11.346410594372855,44.537217943055296],"type":"Point"},"properties":{"geo_point_2d":{"lon":11.346410594372855,"lat":44.537217943055296},"tipo_di_area":null,"nome":null,"quartiere":null,"ubicazione":null}},{"type":"Feature","geometry":{"coordinates":[11.383949060984955,44.48577240573346],"type":"Point"},"properties":{"geo_point_2d":{"lon":11.383949060984955,"lat":44.48577240573346},"tipo_di_area":"PARCO","nome":"GIARDINO ANTONIO IVAN PINI (ex AREA V.LI LENIN-SPINA)","quartiere":"Savena","ubicazione":"viali Lenin e Spina"}},{"type":"Feature","geometry":{"coordinates":[11.291121083312309,44.493439988121104],"type":"Point"},"properties":{"geo_point_2d":{"lon":11.291121083312309,"lat":44.493439988121104},"tipo_di_area":"GIARDINO","nome":"GIARDINO TERESA NOCE","quartiere":"Borgo Panigale - Reno","ubicazione":"Via del Beccaccino"}},{"type":"Feature","geometry":{"coordinates":[11.332148239011413,44.508318243506004],"type":"Point"},"properties":{"geo_point_2d":{"lon":11.332148239011413,"lat":44.508318243506004},"tipo_di_area":"PARCO","nome":"PERCORSO LUNGONAVILE","quartiere":"Navile","ubicazione":"Via Yuri Gagarin - Via dei Terraioli"}},{"type":"Feature","geometry":{"coordinates":[11.346548568135796,44.537487862601246],"type":"Point"},"properties":{"geo_point_2d":{"lon":11.346548568135796,"lat":44.537487862601246},"tipo_di_area":null,"nome":null,"quartiere":null,"ubicazione":null}},{"type":"Feature","geometry":{"coordinates":[11.25621681848649,44.50264829504559],"type":"Point"},"properties":{"geo_point_2d":{"lon":11.25621681848649,"lat":44.50264829504559},"tipo_di_area":"GIARDINO","nome":"VILLA BERNAROLI","quartiere":"Borgo Panigale - Reno","ubicazione":"via Morazzo"}},{"type":"Feature","geometry":{"coordinates":[11.389559443255418,44.47176854353197],"type":"Point"},"properties":{"geo_point_2d":{"lon":11.389559443255418,"lat":44.47176854353197},"tipo_di_area":"GIARDINO","nome":"GIARDINO LEGNANO FOLGORE FRIULI","quartiere":"Savena","ubicazione":"via Ravenna"}},{"type":"Feature","geometry":{"coordinates":[11.32925600789497,44.50224300905998],"type":"Point"},"properties":{"geo_point_2d":{"lon":11.32925600789497,"lat":44.50224300905998},"tipo_di_area":"GIARDINO","nome":"GIARDINO PIERFRANCESCO LORUSSO","quartiere":"Porto - Saragozza","ubicazione":"Via dello Scalo"}},{"type":"Feature","geometry":{"coordinates":[11.312199365285508,44.50186057520718],"type":"Point"},"properties":{"geo_point_2d":{"lon":11.312199365285508,"lat":44.50186057520718},"tipo_di_area":"GIARDINO","nome":"AREA VIA MARZABOTTO","quartiere":"Porto - Saragozza","ubicazione":"Via Marzabotto"}},{"type":"Feature","geometry":{"coordinates":[11.387422091534935,44.47399958188334],"type":"Point"},"properties":{"geo_point_2d":{"lon":11.387422091534935,"lat":44.47399958188334},"tipo_di_area":"PARCO","nome":"AREA VIA PIACENZA","quartiere":"Savena","ubicazione":"via Piacenza"}},{"type":"Feature","geometry":{"coordinates":[11.37400324088945,44.49039709362773],"type":"Point"},"properties":{"geo_point_2d":{"lon":11.37400324088945,"lat":44.49039709362773},"tipo_di_area":"VERDE D'ARREDO","nome":"LARGO MOLINA","quartiere":"San Donato - San Vitale","ubicazione":"Largo Molina"}},{"type":"Feature","geometry":{"coordinates":[11.32792190984205,44.517194978100214],"type":"Point"},"properties":{"geo_point_2d":{"lon":11.32792190984205,"lat":44.517194978100214},"tipo_di_area":"VERDE D'ARREDO","nome":"AREA VIA DELLA GRAZIA","quartiere":"Navile","ubicazione":"Via della Grazia"}},{"type":"Feature","geometry":{"coordinates":[11.396169371229046,44.49057431169806],"type":"Point"},"properties":{"geo_point_2d":{"lon":11.396169371229046,"lat":44.49057431169806},"tipo_di_area":"VERDE D'ARREDO","nome":"AREA IACP VIA MATTEI","quartiere":"San Donato - San Vitale","ubicazione":"Via Enrico Mattei"}},{"type":"Feature","geometry":{"coordinates":[11.367419244015789,44.48241665712737],"type":"Point"},"properties":{"geo_point_2d":{"lon":11.367419244015789,"lat":44.48241665712737},"tipo_di_area":"GIARDINO","nome":"CENTRO DIURNO BONFIGLIOLI","quartiere":"Santo Stefano","ubicazione":"via M. Sarti"}},{"type":"Feature","geometry":{"coordinates":[11.311671943001778,44.49289636853878],"type":"Point"},"properties":{"geo_point_2d":{"lon":11.311671943001778,"lat":44.49289636853878},"tipo_di_area":"VERDE D'ARREDO","nome":"PIAZZA DELLA PACE","quartiere":"Porto - Saragozza","ubicazione":"Piazza della Pace"}},{"type":"Feature","geometry":{"coordinates":[11.392063838863827,44.48205676498187],"type":"Point"},"properties":{"geo_point_2d":{"lon":11.392063838863827,"lat":44.48205676498187},"tipo_di_area":"VERDE D'ARREDO","nome":"AREA VIA LINCOLN","quartiere":"Savena","ubicazione":"Via Lincoln"}},{"type":"Feature","geometry":{"coordinates":[11.391021287769904,44.48254507981196],"type":"Point"},"properties":{"geo_point_2d":{"lon":11.391021287769904,"lat":44.48254507981196},"tipo_di_area":"VERDE D'ARREDO","nome":"AREA VIA LINCOLN","quartiere":"Savena","ubicazione":"Via Lincoln"}},{"type":"Feature","geometry":{"coordinates":[11.398238322689108,44.47122508542713],"type":"Point"},"properties":{"geo_point_2d":{"lon":11.398238322689108,"lat":44.47122508542713},"tipo_di_area":"PARCO","nome":"NUOVA","quartiere":null,"ubicazione":null}},{"type":"Feature","geometry":{"coordinates":[11.306070718994302,44.44322383284738],"type":"Point"},"properties":{"geo_point_2d":{"lon":11.306070718994302,"lat":44.44322383284738},"tipo_di_area":"CORPO IDRICO (laghetti, ruscelli, e fossi in collina)","nome":"PARCO CAVAIONI","quartiere":"Santo Stefano","ubicazione":"Via Cavaioni"}},{"type":"Feature","geometry":{"coordinates":[11.37186009241866,44.50780891822999],"type":"Point"},"properties":{"geo_point_2d":{"lon":11.37186009241866,"lat":44.50780891822999},"tipo_di_area":"VERDE SPORTIVO","nome":"CENTRO SPORTIVO BAUMAN","quartiere":"San Donato - San Vitale","ubicazione":"Via Bertini"}},{"type":"Feature","geometry":{"coordinates":[11.352966757056858,44.534285575162166],"type":"Point"},"properties":{"geo_point_2d":{"lon":11.352966757056858,"lat":44.534285575162166},"tipo_di_area":"VERDE D'ARREDO","nome":"Giardino Papini Corticella","quartiere":"Navile","ubicazione":"Via Giovanni Papini"}},{"type":"Feature","geometry":{"coordinates":[11.354459649625381,44.511415926838325],"type":"Point"},"properties":{"geo_point_2d":{"lon":11.354459649625381,"lat":44.511415926838325},"tipo_di_area":null,"nome":null,"quartiere":null,"ubicazione":null}},{"type":"Feature","geometry":{"coordinates":[11.40091030961782,44.52426651563416],"type":"Point"},"properties":{"geo_point_2d":{"lon":11.40091030961782,"lat":44.52426651563416},"tipo_di_area":"GIARDINO","nome":"PARCO EX VIVAIO","quartiere":"San Donato - San Vitale","ubicazione":"Via Viadagola"}},{"type":"Feature","geometry":{"coordinates":[11.375164650389786,44.46756151578446],"type":"Point"},"properties":{"geo_point_2d":{"lon":11.375164650389786,"lat":44.46756151578446},"tipo_di_area":"GIARDINO","nome":"RESIDENZA ANNALENA TONELLI  (EX VILLA TABELLINI)","quartiere":"Savena","ubicazione":"Via della Foscherara"}},{"type":"Feature","geometry":{"coordinates":[11.364542936586313,44.52985504472957],"type":"Point"},"properties":{"geo_point_2d":{"lon":11.364542936586313,"lat":44.52985504472957},"tipo_di_area":null,"nome":null,"quartiere":null,"ubicazione":null}},{"type":"Feature","geometry":{"coordinates":[11.358919045689087,44.50403893255348],"type":"Point"},"properties":{"geo_point_2d":{"lon":11.358919045689087,"lat":44.50403893255348},"tipo_di_area":null,"nome":null,"quartiere":null,"ubicazione":null}},{"type":"Feature","geometry":{"coordinates":[11.351299426076075,44.534336585948104],"type":"Point"},"properties":{"geo_point_2d":{"lon":11.351299426076075,"lat":44.534336585948104},"tipo_di_area":"GIARDINO","nome":"G.NO  NILDE  IOTTI","quartiere":"Navile","ubicazione":"Via Don Bedetti 99"}},{"type":"Feature","geometry":{"coordinates":[11.358764587811255,44.510031984511365],"type":"Point"},"properties":{"geo_point_2d":{"lon":11.358764587811255,"lat":44.510031984511365},"tipo_di_area":"GIARDINO","nome":"GIARDINO PAOLO LACCHINI","quartiere":"San Donato - San Vitale","ubicazione":"Via Serena\/Viale della Repubblica"}},{"type":"Feature","geometry":{"coordinates":[11.389453069287006,44.47360679538764],"type":"Point"},"properties":{"geo_point_2d":{"lon":11.389453069287006,"lat":44.47360679538764},"tipo_di_area":"GIARDINO","nome":"G.NO BONCOMPAGNI LUDOVISI","quartiere":"Savena","ubicazione":"Via Faenza"}},{"type":"Feature","geometry":{"coordinates":[11.358502179126038,44.54524457662992],"type":"Point"},"properties":{"geo_point_2d":{"lon":11.358502179126038,"lat":44.54524457662992},"tipo_di_area":null,"nome":null,"quartiere":null,"ubicazione":null}},{"type":"Feature","geometry":{"coordinates":[11.375237426590255,44.47050449505944],"type":"Point"},"properties":{"geo_point_2d":{"lon":11.375237426590255,"lat":44.47050449505944},"tipo_di_area":"GIARDINO","nome":"GIARDINO FAVILLI","quartiere":"Savena","ubicazione":"Via Giovanni Favilli 6"}},{"type":"Feature","geometry":{"coordinates":[11.394200860712282,44.47999561479402],"type":"Point"},"properties":{"geo_point_2d":{"lon":11.394200860712282,"lat":44.47999561479402},"tipo_di_area":"PARCO","nome":"GIARDINO GIUSEPPE IMPASTATO","quartiere":"Savena","ubicazione":"via Due Madonne"}},{"type":"Feature","geometry":{"coordinates":[11.302152798647985,44.493442463049405],"type":"Point"},"properties":{"geo_point_2d":{"lon":11.302152798647985,"lat":44.493442463049405},"tipo_di_area":"PARCO","nome":"GIARDINO  VILLA SERENA","quartiere":"Borgo Panigale - Reno","ubicazione":"Via della Barca"}},{"type":"Feature","geometry":{"coordinates":[11.306764797310509,44.499248641132866],"type":"Point"},"properties":{"geo_point_2d":{"lon":11.306764797310509,"lat":44.499248641132866},"tipo_di_area":"GIARDINO","nome":"GIARDINO PERSEGUITATI ANTIFASCISTI","quartiere":"Borgo Panigale - Reno","ubicazione":"Viale Gandhi"}},{"type":"Feature","geometry":{"coordinates":[11.30653822755271,44.49871915977463],"type":"Point"},"properties":{"geo_point_2d":{"lon":11.30653822755271,"lat":44.49871915977463},"tipo_di_area":"GIARDINO","nome":"GIARDINO PERSEGUITATI ANTIFASCISTI","quartiere":"Borgo Panigale - Reno","ubicazione":"Viale Gandhi"}},{"type":"Feature","geometry":{"coordinates":[11.32602957009073,44.489905163815315],"type":"Point"},"properties":{"geo_point_2d":{"lon":11.32602957009073,"lat":44.489905163815315},"tipo_di_area":"GIARDINO","nome":"GIARDINO SAN GIUSEPPE","quartiere":"Porto - Saragozza","ubicazione":"via Bellinzona"}},{"type":"Feature","geometry":{"coordinates":[11.345643119009539,44.52528590176475],"type":"Point"},"properties":{"geo_point_2d":{"lon":11.345643119009539,"lat":44.52528590176475},"tipo_di_area":"GIARDINO","nome":"GIARDINO VIA ZANIBONI","quartiere":"Navile","ubicazione":"Via Zaniboni"}},{"type":"Feature","geometry":{"coordinates":[11.321097807974212,44.49071890963341],"type":"Point"},"properties":{"geo_point_2d":{"lon":11.321097807974212,"lat":44.49071890963341},"tipo_di_area":"GIARDINO","nome":"G.NO GIORDANO MURATORI","quartiere":"Porto - Saragozza","ubicazione":"Via XXI Aprile 1945"}},{"type":"Feature","geometry":{"coordinates":[11.392517783592696,44.482827546718816],"type":"Point"},"properties":{"geo_point_2d":{"lon":11.392517783592696,"lat":44.482827546718816},"tipo_di_area":"VERDE D'ARREDO","nome":"AREA VIA LINCOLN","quartiere":"Savena","ubicazione":"Via Lincoln"}},{"type":"Feature","geometry":{"coordinates":[11.367578771657259,44.50548389470197],"type":"Point"},"properties":{"geo_point_2d":{"lon":11.367578771657259,"lat":44.50548389470197},"tipo_di_area":null,"nome":null,"quartiere":null,"ubicazione":null}},{"type":"Feature","geometry":{"coordinates":[11.365882282308643,44.47433881950207],"type":"Point"},"properties":{"geo_point_2d":{"lon":11.365882282308643,"lat":44.47433881950207},"tipo_di_area":"PARCO","nome":"PARCO OLIVIERO OLIVO","quartiere":"Santo Stefano","ubicazione":"Via Murri"}},{"type":"Feature","geometry":{"coordinates":[11.376562765897273,44.50329018657891],"type":"Point"},"properties":{"geo_point_2d":{"lon":11.376562765897273,"lat":44.50329018657891},"tipo_di_area":"VERDE D'ARREDO","nome":"GIARDINO VIA DELLA CAMPAGNA","quartiere":"San Donato - San Vitale","ubicazione":"Via della Campagna"}},{"type":"Feature","geometry":{"coordinates":[11.376347794981749,44.50323388110675],"type":"Point"},"properties":{"geo_point_2d":{"lon":11.376347794981749,"lat":44.50323388110675},"tipo_di_area":"VERDE D'ARREDO","nome":"GIARDINO VIA DELLA CAMPAGNA","quartiere":"San Donato - San Vitale","ubicazione":"Via della Campagna"}},{"type":"Feature","geometry":{"coordinates":[11.375187764128349,44.5085846738259],"type":"Point"},"properties":{"geo_point_2d":{"lon":11.375187764128349,"lat":44.5085846738259},"tipo_di_area":null,"nome":null,"quartiere":null,"ubicazione":null}},{"type":"Feature","geometry":{"coordinates":[11.354846752290921,44.54104805452801],"type":"Point"},"properties":{"geo_point_2d":{"lon":11.354846752290921,"lat":44.54104805452801},"tipo_di_area":null,"nome":null,"quartiere":null,"ubicazione":null}},{"type":"Feature","geometry":{"coordinates":[11.349595045140966,44.5131832858236],"type":"Point"},"properties":{"geo_point_2d":{"lon":11.349595045140966,"lat":44.5131832858236},"tipo_di_area":"GIARDINO","nome":"PARCO ZUCCA","quartiere":"Navile","ubicazione":"Via di Saliceto"}},{"type":"Feature","geometry":{"coordinates":[11.380639594110313,44.46129061874399],"type":"Point"},"properties":{"geo_point_2d":{"lon":11.380639594110313,"lat":44.46129061874399},"tipo_di_area":"GIARDINO","nome":"PARCO CORRADO ALVARO (EX TRE OCARINE)","quartiere":"Savena","ubicazione":"Via Alberto Mario"}},{"type":"Feature","geometry":{"coordinates":[11.387832822017373,44.48705210656794],"type":"Point"},"properties":{"geo_point_2d":{"lon":11.387832822017373,"lat":44.48705210656794},"tipo_di_area":"GIARDINO","nome":"GIARDINO BRIGATA PARTIGIANA MAIELLA","quartiere":"Savena","ubicazione":"Via Barbacci - Via Marx"}},{"type":"Feature","geometry":{"coordinates":[11.363294606654044,44.511649003363786],"type":"Point"},"properties":{"geo_point_2d":{"lon":11.363294606654044,"lat":44.511649003363786},"tipo_di_area":"GIARDINO","nome":"PIAZZA  COSTITITUZIONE E  AREA LIMITROFA","quartiere":"San Donato - San Vitale","ubicazione":"Piazza della Costituzione"}},{"type":"Feature","geometry":{"coordinates":[11.300972415888287,44.51249496938882],"type":"Point"},"properties":{"geo_point_2d":{"lon":11.300972415888287,"lat":44.51249496938882},"tipo_di_area":"VERDE SPORTIVO","nome":"PARCO ORLANDO SIROLA (EX CENTRO SPORTIVO AGUCCHI)","quartiere":"Borgo Panigale - Reno","ubicazione":"Via Agucchi"}},{"type":"Feature","geometry":{"coordinates":[11.350222612704345,44.497348799295864],"type":"Point"},"properties":{"geo_point_2d":{"lon":11.350222612704345,"lat":44.497348799295864},"tipo_di_area":"GIARDINO","nome":"GIARDINO DEL GUASTO","quartiere":"Santo Stefano","ubicazione":"Via del Guasto"}},{"type":"Feature","geometry":{"coordinates":[11.375881199444002,44.472205444730086],"type":"Point"},"properties":{"geo_point_2d":{"lon":11.375881199444002,"lat":44.472205444730086},"tipo_di_area":"VERDE D'ARREDO","nome":"AREA VIA DELLE ARMI ESTERNO  ORTI","quartiere":"Savena","ubicazione":"Via delle Armi 10"}},{"type":"Feature","geometry":{"coordinates":[11.282105576099426,44.506854029313644],"type":"Point"},"properties":{"geo_point_2d":{"lon":11.282105576099426,"lat":44.506854029313644},"tipo_di_area":"VERDE D'ARREDO","nome":"PARCO GIOCO DEL MONDO","quartiere":"Borgo Panigale - Reno","ubicazione":"Viale Salvemini 11"}},{"type":"Feature","geometry":{"coordinates":[11.361683195180323,44.52230224213296],"type":"Point"},"properties":{"geo_point_2d":{"lon":11.361683195180323,"lat":44.52230224213296},"tipo_di_area":null,"nome":null,"quartiere":null,"ubicazione":null}},{"type":"Feature","geometry":{"coordinates":[11.351390660554651,44.53514806646404],"type":"Point"},"properties":{"geo_point_2d":{"lon":11.351390660554651,"lat":44.53514806646404},"tipo_di_area":"GIARDINO","nome":"GIARDINO DON BEDETTI","quartiere":"Navile","ubicazione":"Via Don Bedetti"}},{"type":"Feature","geometry":{"coordinates":[11.26970243119903,44.52232513801149],"type":"Point"},"properties":{"geo_point_2d":{"lon":11.26970243119903,"lat":44.52232513801149},"tipo_di_area":"VERDE SPORTIVO","nome":"CENTRO SPORTIVO CAVINA","quartiere":"Borgo Panigale - Reno","ubicazione":"via Biancolelli"}},{"type":"Feature","geometry":{"coordinates":[11.393020341791123,44.48376496110921],"type":"Point"},"properties":{"geo_point_2d":{"lon":11.393020341791123,"lat":44.48376496110921},"tipo_di_area":"PARCO","nome":"GIARDINO AREA CARLO MARX","quartiere":"Savena","ubicazione":"Via Carlo Marx"}},{"type":"Feature","geometry":{"coordinates":[11.3573203601712,44.53355297466017],"type":"Point"},"properties":{"geo_point_2d":{"lon":11.3573203601712,"lat":44.53355297466017},"tipo_di_area":null,"nome":null,"quartiere":null,"ubicazione":null}},{"type":"Feature","geometry":{"coordinates":[11.375016280883935,44.471273077464176],"type":"Point"},"properties":{"geo_point_2d":{"lon":11.375016280883935,"lat":44.471273077464176},"tipo_di_area":"GIARDINO","nome":"GIARDINO FAVILLI","quartiere":"Savena","ubicazione":"Via giovanni Favilli 6"}},{"type":"Feature","geometry":{"coordinates":[11.353865984865026,44.51131406910652],"type":"Point"},"properties":{"geo_point_2d":{"lon":11.353865984865026,"lat":44.51131406910652},"tipo_di_area":"PARCO","nome":"NUOVA","quartiere":"NAVILE","ubicazione":null}},{"type":"Feature","geometry":{"coordinates":[11.379390210570842,44.46285436547978],"type":"Point"},"properties":{"geo_point_2d":{"lon":11.379390210570842,"lat":44.46285436547978},"tipo_di_area":"PARCO","nome":"NUOVA","quartiere":null,"ubicazione":null}},{"type":"Feature","geometry":{"coordinates":[11.378719542036542,44.46125376534354],"type":"Point"},"properties":{"geo_point_2d":{"lon":11.378719542036542,"lat":44.46125376534354},"tipo_di_area":"PARCO","nome":"NUOVA","quartiere":null,"ubicazione":null}},{"type":"Feature","geometry":{"coordinates":[11.379362848226151,44.46854301635225],"type":"Point"},"properties":{"geo_point_2d":{"lon":11.379362848226151,"lat":44.46854301635225},"tipo_di_area":null,"nome":null,"quartiere":null,"ubicazione":null}},{"type":"Feature","geometry":{"coordinates":[11.340065475676065,44.512858177181414],"type":"Point"},"properties":{"geo_point_2d":{"lon":11.340065475676065,"lat":44.512858177181414},"tipo_di_area":null,"nome":null,"quartiere":null,"ubicazione":null}},{"type":"Feature","geometry":{"coordinates":[11.33956014556515,44.51088964083539],"type":"Point"},"properties":{"geo_point_2d":{"lon":11.33956014556515,"lat":44.51088964083539},"tipo_di_area":null,"nome":null,"quartiere":null,"ubicazione":null}},{"type":"Feature","geometry":{"coordinates":[11.335427461217206,44.516295741538116],"type":"Point"},"properties":{"geo_point_2d":{"lon":11.335427461217206,"lat":44.516295741538116},"tipo_di_area":null,"nome":null,"quartiere":null,"ubicazione":null}},{"type":"Feature","geometry":{"coordinates":[11.33092295947583,44.51124166419223],"type":"Point"},"properties":{"geo_point_2d":{"lon":11.33092295947583,"lat":44.51124166419223},"tipo_di_area":null,"nome":null,"quartiere":null,"ubicazione":null}},{"type":"Feature","geometry":{"coordinates":[11.331287014501967,44.51503125190574],"type":"Point"},"properties":{"geo_point_2d":{"lon":11.331287014501967,"lat":44.51503125190574},"tipo_di_area":null,"nome":null,"quartiere":null,"ubicazione":null}},{"type":"Feature","geometry":{"coordinates":[11.326721966295695,44.516621760964576],"type":"Point"},"properties":{"geo_point_2d":{"lon":11.326721966295695,"lat":44.516621760964576},"tipo_di_area":null,"nome":null,"quartiere":null,"ubicazione":null}},{"type":"Feature","geometry":{"coordinates":[11.324078880231706,44.5243878153842],"type":"Point"},"properties":{"geo_point_2d":{"lon":11.324078880231706,"lat":44.5243878153842},"tipo_di_area":null,"nome":null,"quartiere":null,"ubicazione":null}},{"type":"Feature","geometry":{"coordinates":[11.318227413705442,44.525481726995295],"type":"Point"},"properties":{"geo_point_2d":{"lon":11.318227413705442,"lat":44.525481726995295},"tipo_di_area":null,"nome":null,"quartiere":null,"ubicazione":null}},{"type":"Feature","geometry":{"coordinates":[11.318166867240539,44.527253487330434],"type":"Point"},"properties":{"geo_point_2d":{"lon":11.318166867240539,"lat":44.527253487330434},"tipo_di_area":null,"nome":null,"quartiere":null,"ubicazione":null}},{"type":"Feature","geometry":{"coordinates":[11.354987268386763,44.54029581685976],"type":"Point"},"properties":{"geo_point_2d":{"lon":11.354987268386763,"lat":44.54029581685976},"tipo_di_area":null,"nome":null,"quartiere":null,"ubicazione":null}},{"type":"Feature","geometry":{"coordinates":[11.3515530030362,44.5413375265508],"type":"Point"},"properties":{"geo_point_2d":{"lon":11.3515530030362,"lat":44.5413375265508},"tipo_di_area":null,"nome":null,"quartiere":null,"ubicazione":null}},{"type":"Feature","geometry":{"coordinates":[11.351481201138723,44.53955218207292],"type":"Point"},"properties":{"geo_point_2d":{"lon":11.351481201138723,"lat":44.53955218207292},"tipo_di_area":null,"nome":null,"quartiere":null,"ubicazione":null}},{"type":"Feature","geometry":{"coordinates":[11.36042383638112,44.52824745846268],"type":"Point"},"properties":{"geo_point_2d":{"lon":11.36042383638112,"lat":44.52824745846268},"tipo_di_area":null,"nome":null,"quartiere":null,"ubicazione":null}},{"type":"Feature","geometry":{"coordinates":[11.362744007965642,44.52910364757535],"type":"Point"},"properties":{"geo_point_2d":{"lon":11.362744007965642,"lat":44.52910364757535},"tipo_di_area":null,"nome":null,"quartiere":null,"ubicazione":null}},{"type":"Feature","geometry":{"coordinates":[11.315405211016136,44.48749076086124],"type":"Point"},"properties":{"geo_point_2d":{"lon":11.315405211016136,"lat":44.48749076086124},"tipo_di_area":null,"nome":null,"quartiere":null,"ubicazione":null}},{"type":"Feature","geometry":{"coordinates":[11.313487906294235,44.48620764154736],"type":"Point"},"properties":{"geo_point_2d":{"lon":11.313487906294235,"lat":44.48620764154736},"tipo_di_area":null,"nome":null,"quartiere":null,"ubicazione":null}},{"type":"Feature","geometry":{"coordinates":[11.312126775189027,44.488248756027616],"type":"Point"},"properties":{"geo_point_2d":{"lon":11.312126775189027,"lat":44.488248756027616},"tipo_di_area":null,"nome":null,"quartiere":null,"ubicazione":null}},{"type":"Feature","geometry":{"coordinates":[11.302002319525961,44.487940590046044],"type":"Point"},"properties":{"geo_point_2d":{"lon":11.302002319525961,"lat":44.487940590046044},"tipo_di_area":null,"nome":null,"quartiere":null,"ubicazione":null}},{"type":"Feature","geometry":{"coordinates":[11.365318751052346,44.50003702365283],"type":"Point"},"properties":{"geo_point_2d":{"lon":11.365318751052346,"lat":44.50003702365283},"tipo_di_area":null,"nome":null,"quartiere":null,"ubicazione":null}},{"type":"Feature","geometry":{"coordinates":[11.395611125702896,44.51283073411639],"type":"Point"},"properties":{"geo_point_2d":{"lon":11.395611125702896,"lat":44.51283073411639},"tipo_di_area":null,"nome":null,"quartiere":null,"ubicazione":null}},{"type":"Feature","geometry":{"coordinates":[11.291985708911703,44.49907793899328],"type":"Point"},"properties":{"geo_point_2d":{"lon":11.291985708911703,"lat":44.49907793899328},"tipo_di_area":null,"nome":null,"quartiere":null,"ubicazione":null}},{"type":"Feature","geometry":{"coordinates":[11.302077782366878,44.5013424908279],"type":"Point"},"properties":{"geo_point_2d":{"lon":11.302077782366878,"lat":44.5013424908279},"tipo_di_area":null,"nome":null,"quartiere":null,"ubicazione":null}},{"type":"Feature","geometry":{"coordinates":[11.304249146981933,44.501868435398],"type":"Point"},"properties":{"geo_point_2d":{"lon":11.304249146981933,"lat":44.501868435398},"tipo_di_area":null,"nome":null,"quartiere":null,"ubicazione":null}},{"type":"Feature","geometry":{"coordinates":[11.302863831922869,44.5042515705292],"type":"Point"},"properties":{"geo_point_2d":{"lon":11.302863831922869,"lat":44.5042515705292},"tipo_di_area":null,"nome":null,"quartiere":null,"ubicazione":null}},{"type":"Feature","geometry":{"coordinates":[11.304832847147273,44.5087827222688],"type":"Point"},"properties":{"geo_point_2d":{"lon":11.304832847147273,"lat":44.5087827222688},"tipo_di_area":null,"nome":null,"quartiere":null,"ubicazione":null}},{"type":"Feature","geometry":{"coordinates":[11.303755561929847,44.50835918123657],"type":"Point"},"properties":{"geo_point_2d":{"lon":11.303755561929847,"lat":44.50835918123657},"tipo_di_area":null,"nome":null,"quartiere":null,"ubicazione":null}},{"type":"Feature","geometry":{"coordinates":[11.313272537116836,44.500838255808056],"type":"Point"},"properties":{"geo_point_2d":{"lon":11.313272537116836,"lat":44.500838255808056},"tipo_di_area":null,"nome":null,"quartiere":null,"ubicazione":null}},{"type":"Feature","geometry":{"coordinates":[11.312722015697737,44.500283433440366],"type":"Point"},"properties":{"geo_point_2d":{"lon":11.312722015697737,"lat":44.500283433440366},"tipo_di_area":null,"nome":null,"quartiere":null,"ubicazione":null}},{"type":"Feature","geometry":{"coordinates":[11.312786325119461,44.50065126694808],"type":"Point"},"properties":{"geo_point_2d":{"lon":11.312786325119461,"lat":44.50065126694808},"tipo_di_area":null,"nome":null,"quartiere":null,"ubicazione":null}},{"type":"Feature","geometry":{"coordinates":[11.303242682407625,44.50076109870665],"type":"Point"},"properties":{"geo_point_2d":{"lon":11.303242682407625,"lat":44.50076109870665},"tipo_di_area":null,"nome":null,"quartiere":null,"ubicazione":null}},{"type":"Feature","geometry":{"coordinates":[11.283053303169835,44.50343718690955],"type":"Point"},"properties":{"geo_point_2d":{"lon":11.283053303169835,"lat":44.50343718690955},"tipo_di_area":null,"nome":null,"quartiere":null,"ubicazione":null}},{"type":"Feature","geometry":{"coordinates":[11.27919673556321,44.49384934993681],"type":"Point"},"properties":{"geo_point_2d":{"lon":11.27919673556321,"lat":44.49384934993681},"tipo_di_area":null,"nome":null,"quartiere":null,"ubicazione":null}},{"type":"Feature","geometry":{"coordinates":[11.277011257949374,44.51487628349766],"type":"Point"},"properties":{"geo_point_2d":{"lon":11.277011257949374,"lat":44.51487628349766},"tipo_di_area":null,"nome":null,"quartiere":null,"ubicazione":null}},{"type":"Feature","geometry":{"coordinates":[11.2786033144275,44.514642531831335],"type":"Point"},"properties":{"geo_point_2d":{"lon":11.2786033144275,"lat":44.514642531831335},"tipo_di_area":null,"nome":null,"quartiere":null,"ubicazione":null}},{"type":"Feature","geometry":{"coordinates":[11.287251456306135,44.51380799149827],"type":"Point"},"properties":{"geo_point_2d":{"lon":11.287251456306135,"lat":44.51380799149827},"tipo_di_area":null,"nome":null,"quartiere":null,"ubicazione":null}},{"type":"Feature","geometry":{"coordinates":[11.360583841529802,44.51121093681015],"type":"Point"},"properties":{"geo_point_2d":{"lon":11.360583841529802,"lat":44.51121093681015},"tipo_di_area":null,"nome":null,"quartiere":null,"ubicazione":null}},{"type":"Feature","geometry":{"coordinates":[11.391170481490407,44.51434347704922],"type":"Point"},"properties":{"geo_point_2d":{"lon":11.391170481490407,"lat":44.51434347704922},"tipo_di_area":null,"nome":null,"quartiere":null,"ubicazione":null}},{"type":"Feature","geometry":{"coordinates":[11.395383704576489,44.513214235474926],"type":"Point"},"properties":{"geo_point_2d":{"lon":11.395383704576489,"lat":44.513214235474926},"tipo_di_area":null,"nome":null,"quartiere":null,"ubicazione":null}},{"type":"Feature","geometry":{"coordinates":[11.401339013863513,44.51308865255967],"type":"Point"},"properties":{"geo_point_2d":{"lon":11.401339013863513,"lat":44.51308865255967},"tipo_di_area":null,"nome":null,"quartiere":null,"ubicazione":null}},{"type":"Feature","geometry":{"coordinates":[11.397023650006327,44.512533408630205],"type":"Point"},"properties":{"geo_point_2d":{"lon":11.397023650006327,"lat":44.512533408630205},"tipo_di_area":null,"nome":null,"quartiere":null,"ubicazione":null}},{"type":"Feature","geometry":{"coordinates":[11.316293593852652,44.48627485826231],"type":"Point"},"properties":{"geo_point_2d":{"lon":11.316293593852652,"lat":44.48627485826231},"tipo_di_area":null,"nome":null,"quartiere":null,"ubicazione":null}},{"type":"Feature","geometry":{"coordinates":[11.346415409582828,44.47997026102694],"type":"Point"},"properties":{"geo_point_2d":{"lon":11.346415409582828,"lat":44.47997026102694},"tipo_di_area":null,"nome":null,"quartiere":null,"ubicazione":null}},{"type":"Feature","geometry":{"coordinates":[11.331638821437995,44.51403605007287],"type":"Point"},"properties":{"geo_point_2d":{"lon":11.331638821437995,"lat":44.51403605007287},"tipo_di_area":null,"nome":null,"quartiere":null,"ubicazione":null}},{"type":"Feature","geometry":{"coordinates":[11.284412820748512,44.51763939911643],"type":"Point"},"properties":{"geo_point_2d":{"lon":11.284412820748512,"lat":44.51763939911643},"tipo_di_area":null,"nome":null,"quartiere":null,"ubicazione":null}},{"type":"Feature","geometry":{"coordinates":[11.349349234590827,44.5329544868029],"type":"Point"},"properties":{"geo_point_2d":{"lon":11.349349234590827,"lat":44.5329544868029},"tipo_di_area":null,"nome":null,"quartiere":null,"ubicazione":null}},{"type":"Feature","geometry":{"coordinates":[11.35112748867145,44.53218558447351],"type":"Point"},"properties":{"geo_point_2d":{"lon":11.35112748867145,"lat":44.53218558447351},"tipo_di_area":null,"nome":null,"quartiere":null,"ubicazione":null}},{"type":"Feature","geometry":{"coordinates":[11.344561009196342,44.5311708745179],"type":"Point"},"properties":{"geo_point_2d":{"lon":11.344561009196342,"lat":44.5311708745179},"tipo_di_area":null,"nome":null,"quartiere":null,"ubicazione":null}},{"type":"Feature","geometry":{"coordinates":[11.382006150772703,44.47038003643152],"type":"Point"},"properties":{"geo_point_2d":{"lon":11.382006150772703,"lat":44.47038003643152},"tipo_di_area":null,"nome":null,"quartiere":null,"ubicazione":null}},{"type":"Feature","geometry":{"coordinates":[11.350982420302394,44.54081129965947],"type":"Point"},"properties":{"geo_point_2d":{"lon":11.350982420302394,"lat":44.54081129965947},"tipo_di_area":"VERDE D'ARREDO","nome":"AREA VERDE VIA ARCOVEGGIO","quartiere":"Navile","ubicazione":"Via dell'Arcoveggio"}},{"type":"Feature","geometry":{"coordinates":[11.364128426172751,44.52922124743989],"type":"Point"},"properties":{"geo_point_2d":{"lon":11.364128426172751,"lat":44.52922124743989},"tipo_di_area":null,"nome":null,"quartiere":null,"ubicazione":null}},{"type":"Feature","geometry":{"coordinates":[11.359851582157145,44.50508418688699],"type":"Point"},"properties":{"geo_point_2d":{"lon":11.359851582157145,"lat":44.50508418688699},"tipo_di_area":"VERDE D'ARREDO","nome":"GIARDINO JANIS JOPLIN","quartiere":"San Donato - San Vitale","ubicazione":"Via del Lavoro"}},{"type":"Feature","geometry":{"coordinates":[11.357509571763568,44.545328298573445],"type":"Point"},"properties":{"geo_point_2d":{"lon":11.357509571763568,"lat":44.545328298573445},"tipo_di_area":null,"nome":null,"quartiere":null,"ubicazione":null}},{"type":"Feature","geometry":{"coordinates":[11.365842018387262,44.47883067507279],"type":"Point"},"properties":{"geo_point_2d":{"lon":11.365842018387262,"lat":44.47883067507279},"tipo_di_area":"VERDE D'ARREDO","nome":"AREA VIA DEGLI ORTI","quartiere":"Santo Stefano","ubicazione":"via Degli Orti"}},{"type":"Feature","geometry":{"coordinates":[11.358814629419204,44.549042538876],"type":"Point"},"properties":{"geo_point_2d":{"lon":11.358814629419204,"lat":44.549042538876},"tipo_di_area":null,"nome":null,"quartiere":null,"ubicazione":null}},{"type":"Feature","geometry":{"coordinates":[11.377246193078639,44.48496073169473],"type":"Point"},"properties":{"geo_point_2d":{"lon":11.377246193078639,"lat":44.48496073169473},"tipo_di_area":"VERDE D'ARREDO","nome":"GIARDINO NINO  LUCCARINI","quartiere":"Savena","ubicazione":"via Oretti"}},{"type":"Feature","geometry":{"coordinates":[11.382350583398038,44.46820147219117],"type":"Point"},"properties":{"geo_point_2d":{"lon":11.382350583398038,"lat":44.46820147219117},"tipo_di_area":null,"nome":null,"quartiere":null,"ubicazione":null}},{"type":"Feature","geometry":{"coordinates":[11.38056965324112,44.472483144883526],"type":"Point"},"properties":{"geo_point_2d":{"lon":11.38056965324112,"lat":44.472483144883526},"tipo_di_area":"GIARDINO","nome":"VERDE  MILANO MAZZONI","quartiere":"Savena","ubicazione":"Via Milano - Via Corrado Mazzoni"}},{"type":"Feature","geometry":{"coordinates":[11.374415165762182,44.50292828253452],"type":"Point"},"properties":{"geo_point_2d":{"lon":11.374415165762182,"lat":44.50292828253452},"tipo_di_area":"GIARDINO","nome":"GIARDINO ANGELO GANDOLFI","quartiere":"San Donato - San Vitale","ubicazione":"Via Beolco"}},{"type":"Feature","geometry":{"coordinates":[11.319741851564725,44.52717547553911],"type":"Point"},"properties":{"geo_point_2d":{"lon":11.319741851564725,"lat":44.52717547553911},"tipo_di_area":null,"nome":null,"quartiere":null,"ubicazione":null}},{"type":"Feature","geometry":{"coordinates":[11.398368238554085,44.52458461218294],"type":"Point"},"properties":{"geo_point_2d":{"lon":11.398368238554085,"lat":44.52458461218294},"tipo_di_area":null,"nome":null,"quartiere":null,"ubicazione":null}},{"type":"Feature","geometry":{"coordinates":[11.378442350927374,44.466235538628986],"type":"Point"},"properties":{"geo_point_2d":{"lon":11.378442350927374,"lat":44.466235538628986},"tipo_di_area":"GIARDINO","nome":"G.NO PALESTRINA BATTAGLIA","quartiere":"Savena","ubicazione":"Via della Battaglia 23\/1"}},{"type":"Feature","geometry":{"coordinates":[11.313113707654635,44.49738672608828],"type":"Point"},"properties":{"geo_point_2d":{"lon":11.313113707654635,"lat":44.49738672608828},"tipo_di_area":null,"nome":null,"quartiere":null,"ubicazione":null}},{"type":"Feature","geometry":{"coordinates":[11.38720221299081,44.511498966048606],"type":"Point"},"properties":{"geo_point_2d":{"lon":11.38720221299081,"lat":44.511498966048606},"tipo_di_area":"GIARDINO","nome":"G.NO PIRANDELLO 7","quartiere":"San Donato - San Vitale","ubicazione":"Via Luigi Pirandello, 7"}},{"type":"Feature","geometry":{"coordinates":[11.277991431726447,44.50711624432967],"type":"Point"},"properties":{"geo_point_2d":{"lon":11.277991431726447,"lat":44.50711624432967},"tipo_di_area":"PARCO","nome":"PARCO DELLE QUERCE","quartiere":"Borgo Panigale - Reno","ubicazione":"via Galeazza"}},{"type":"Feature","geometry":{"coordinates":[11.345207581308728,44.52914648224171],"type":"Point"},"properties":{"geo_point_2d":{"lon":11.345207581308728,"lat":44.52914648224171},"tipo_di_area":"PARCO","nome":"FASCIA BOSCATA","quartiere":"Navile","ubicazione":"Via Arcoveggio"}},{"type":"Feature","geometry":{"coordinates":[11.313681457384057,44.49212272624634],"type":"Point"},"properties":{"geo_point_2d":{"lon":11.313681457384057,"lat":44.49212272624634},"tipo_di_area":"GIARDINO","nome":"GIARDINO ALDO CUCCHI","quartiere":"Porto - Saragozza","ubicazione":"via XXI Aprile 1945"}},{"type":"Feature","geometry":{"coordinates":[11.297724736553684,44.51850177854033],"type":"Point"},"properties":{"geo_point_2d":{"lon":11.297724736553684,"lat":44.51850177854033},"tipo_di_area":null,"nome":null,"quartiere":null,"ubicazione":null}},{"type":"Feature","geometry":{"coordinates":[11.38741129142332,44.46978564956448],"type":"Point"},"properties":{"geo_point_2d":{"lon":11.38741129142332,"lat":44.46978564956448},"tipo_di_area":"GIARDINO","nome":"CENTRO TEATRALE ROSSELLE","quartiere":"Savena","ubicazione":"Via Portazza"}},{"type":"Feature","geometry":{"coordinates":[11.373317904695062,44.47844818513938],"type":"Point"},"properties":{"geo_point_2d":{"lon":11.373317904695062,"lat":44.47844818513938},"tipo_di_area":null,"nome":null,"quartiere":null,"ubicazione":null}},{"type":"Feature","geometry":{"coordinates":[11.319552519690271,44.450248205186824],"type":"Point"},"properties":{"geo_point_2d":{"lon":11.319552519690271,"lat":44.450248205186824},"tipo_di_area":"PARCO","nome":"PARCO PADERNO","quartiere":"Santo Stefano","ubicazione":"Via Paderno"}},{"type":"Feature","geometry":{"coordinates":[11.348355594584904,44.45408744598989],"type":"Point"},"properties":{"geo_point_2d":{"lon":11.348355594584904,"lat":44.45408744598989},"tipo_di_area":"PARCO","nome":"PARCO JOLA CA BANDIERA","quartiere":"Savena","ubicazione":"Via Jola"}},{"type":"Feature","geometry":{"coordinates":[11.377786115812196,44.50544656058983],"type":"Point"},"properties":{"geo_point_2d":{"lon":11.377786115812196,"lat":44.50544656058983},"tipo_di_area":"GIARDINO","nome":"GIARDINO VIA DELLA CAMPAGNA","quartiere":"San Donato - San Vitale","ubicazione":"Via della Campagna"}},{"type":"Feature","geometry":{"coordinates":[11.39113731994443,44.512678357652185],"type":"Point"},"properties":{"geo_point_2d":{"lon":11.39113731994443,"lat":44.512678357652185},"tipo_di_area":null,"nome":null,"quartiere":null,"ubicazione":null}},{"type":"Feature","geometry":{"coordinates":[11.379155593019373,44.4690281643082],"type":"Point"},"properties":{"geo_point_2d":{"lon":11.379155593019373,"lat":44.4690281643082},"tipo_di_area":null,"nome":null,"quartiere":null,"ubicazione":null}},{"type":"Feature","geometry":{"coordinates":[11.345995924289566,44.50112768772496],"type":"Point"},"properties":{"geo_point_2d":{"lon":11.345995924289566,"lat":44.50112768772496},"tipo_di_area":null,"nome":null,"quartiere":null,"ubicazione":null}},{"type":"Feature","geometry":{"coordinates":[11.326452612150568,44.52366281027883],"type":"Point"},"properties":{"geo_point_2d":{"lon":11.326452612150568,"lat":44.52366281027883},"tipo_di_area":null,"nome":null,"quartiere":null,"ubicazione":null}},{"type":"Feature","geometry":{"coordinates":[11.321128016304456,44.5224549859277],"type":"Point"},"properties":{"geo_point_2d":{"lon":11.321128016304456,"lat":44.5224549859277},"tipo_di_area":null,"nome":null,"quartiere":null,"ubicazione":null}},{"type":"Feature","geometry":{"coordinates":[11.35517046025493,44.53885977891017],"type":"Point"},"properties":{"geo_point_2d":{"lon":11.35517046025493,"lat":44.53885977891017},"tipo_di_area":null,"nome":null,"quartiere":null,"ubicazione":null}},{"type":"Feature","geometry":{"coordinates":[11.367929269318827,44.528239696095454],"type":"Point"},"properties":{"geo_point_2d":{"lon":11.367929269318827,"lat":44.528239696095454},"tipo_di_area":null,"nome":null,"quartiere":null,"ubicazione":null}},{"type":"Feature","geometry":{"coordinates":[11.352613109032195,44.44723143742983],"type":"Point"},"properties":{"geo_point_2d":{"lon":11.352613109032195,"lat":44.44723143742983},"tipo_di_area":null,"nome":null,"quartiere":null,"ubicazione":null}},{"type":"Feature","geometry":{"coordinates":[11.303406161058941,44.503751841264844],"type":"Point"},"properties":{"geo_point_2d":{"lon":11.303406161058941,"lat":44.503751841264844},"tipo_di_area":null,"nome":null,"quartiere":null,"ubicazione":null}},{"type":"Feature","geometry":{"coordinates":[11.304106191643196,44.50503925854178],"type":"Point"},"properties":{"geo_point_2d":{"lon":11.304106191643196,"lat":44.50503925854178},"tipo_di_area":null,"nome":null,"quartiere":null,"ubicazione":null}},{"type":"Feature","geometry":{"coordinates":[11.30548249519094,44.50748588386639],"type":"Point"},"properties":{"geo_point_2d":{"lon":11.30548249519094,"lat":44.50748588386639},"tipo_di_area":null,"nome":null,"quartiere":null,"ubicazione":null}},{"type":"Feature","geometry":{"coordinates":[11.276474097959703,44.51512477022606],"type":"Point"},"properties":{"geo_point_2d":{"lon":11.276474097959703,"lat":44.51512477022606},"tipo_di_area":null,"nome":null,"quartiere":null,"ubicazione":null}},{"type":"Feature","geometry":{"coordinates":[11.291105344810601,44.51158701578035],"type":"Point"},"properties":{"geo_point_2d":{"lon":11.291105344810601,"lat":44.51158701578035},"tipo_di_area":null,"nome":null,"quartiere":null,"ubicazione":null}},{"type":"Feature","geometry":{"coordinates":[11.376718734486444,44.507190274194194],"type":"Point"},"properties":{"geo_point_2d":{"lon":11.376718734486444,"lat":44.507190274194194},"tipo_di_area":null,"nome":null,"quartiere":null,"ubicazione":null}},{"type":"Feature","geometry":{"coordinates":[11.377848853944679,44.499396052733076],"type":"Point"},"properties":{"geo_point_2d":{"lon":11.377848853944679,"lat":44.499396052733076},"tipo_di_area":null,"nome":null,"quartiere":null,"ubicazione":null}},{"type":"Feature","geometry":{"coordinates":[11.281495405244696,44.49203827685438],"type":"Point"},"properties":{"geo_point_2d":{"lon":11.281495405244696,"lat":44.49203827685438},"tipo_di_area":null,"nome":null,"quartiere":null,"ubicazione":null}},{"type":"Feature","geometry":{"coordinates":[11.397277216680026,44.50865228297087],"type":"Point"},"properties":{"geo_point_2d":{"lon":11.397277216680026,"lat":44.50865228297087},"tipo_di_area":"VERDE D'ARREDO","nome":"AREA VIA LARGA","quartiere":"San Donato - San Vitale","ubicazione":"Via Larga"}},{"type":"Feature","geometry":{"coordinates":[11.396941847918196,44.51019290524334],"type":"Point"},"properties":{"geo_point_2d":{"lon":11.396941847918196,"lat":44.51019290524334},"tipo_di_area":"PARCO","nome":"PARCO M.MITILINI-A.MONETA-O.STEFANINI","quartiere":"San Donato - San Vitale","ubicazione":"Via Pirandello"}},{"type":"Feature","geometry":{"coordinates":[11.349226053955228,44.48213325347334],"type":"Point"},"properties":{"geo_point_2d":{"lon":11.349226053955228,"lat":44.48213325347334},"tipo_di_area":null,"nome":null,"quartiere":null,"ubicazione":null}},{"type":"Feature","geometry":{"coordinates":[11.286795280803235,44.507764997485545],"type":"Point"},"properties":{"geo_point_2d":{"lon":11.286795280803235,"lat":44.507764997485545},"tipo_di_area":"PARCO","nome":"AREA VIA ARETUSI","quartiere":"Borgo Panigale - Reno","ubicazione":"Via Aretusi"}},{"type":"Feature","geometry":{"coordinates":[11.401168770505238,44.511264779216994],"type":"Point"},"properties":{"geo_point_2d":{"lon":11.401168770505238,"lat":44.511264779216994},"tipo_di_area":null,"nome":null,"quartiere":null,"ubicazione":null}},{"type":"Feature","geometry":{"coordinates":[11.397104473185859,44.47410005914539],"type":"Point"},"properties":{"geo_point_2d":{"lon":11.397104473185859,"lat":44.47410005914539},"tipo_di_area":"VERDE D'ARREDO","nome":"AREA VIALE CAVINA","quartiere":"Savena","ubicazione":"viale S. Cavina"}},{"type":"Feature","geometry":{"coordinates":[11.281580466739321,44.49454390718031],"type":"Point"},"properties":{"geo_point_2d":{"lon":11.281580466739321,"lat":44.49454390718031},"tipo_di_area":null,"nome":null,"quartiere":null,"ubicazione":null}},{"type":"Feature","geometry":{"coordinates":[11.334117870862341,44.51691379388421],"type":"Point"},"properties":{"geo_point_2d":{"lon":11.334117870862341,"lat":44.51691379388421},"tipo_di_area":"PARCO","nome":"PARCO DI VILLA ANGELETTI","quartiere":"Navile","ubicazione":"Via Yuri Gagarin"}},{"type":"Feature","geometry":{"coordinates":[11.356148693577492,44.51119330154716],"type":"Point"},"properties":{"geo_point_2d":{"lon":11.356148693577492,"lat":44.51119330154716},"tipo_di_area":null,"nome":null,"quartiere":null,"ubicazione":null}},{"type":"Feature","geometry":{"coordinates":[11.285456190021545,44.49189963744921],"type":"Point"},"properties":{"geo_point_2d":{"lon":11.285456190021545,"lat":44.49189963744921},"tipo_di_area":"VERDE D'ARREDO","nome":"GIARDINO G. HORN D' ARTURO","quartiere":"Borgo Panigale - Reno","ubicazione":"Via Masaccio"}},{"type":"Feature","geometry":{"coordinates":[11.38002204198217,44.462741612902846],"type":"Point"},"properties":{"geo_point_2d":{"lon":11.38002204198217,"lat":44.462741612902846},"tipo_di_area":"PARCO","nome":"NUOVA","quartiere":null,"ubicazione":null}},{"type":"Feature","geometry":{"coordinates":[11.348425587820685,44.512574563696106],"type":"Point"},"properties":{"geo_point_2d":{"lon":11.348425587820685,"lat":44.512574563696106},"tipo_di_area":"GIARDINO","nome":"G.NO GIULIETTA MASINA","quartiere":"Navile","ubicazione":"Via Torreggiani"}},{"type":"Feature","geometry":{"coordinates":[11.388101356911797,44.50857525069157],"type":"Point"},"properties":{"geo_point_2d":{"lon":11.388101356911797,"lat":44.50857525069157},"tipo_di_area":"GIARDINO","nome":"GIARDINO PENELOPE VERONESI","quartiere":"San Donato - San Vitale","ubicazione":"Via del Pilatro 6\/4"}},{"type":"Feature","geometry":{"coordinates":[11.357815789097488,44.51032885304926],"type":"Point"},"properties":{"geo_point_2d":{"lon":11.357815789097488,"lat":44.51032885304926},"tipo_di_area":"VERDE D'ARREDO","nome":"GIARDINO PAOLO LACCHINI","quartiere":"San Donato - San Vitale","ubicazione":"Via Serena"}},{"type":"Feature","geometry":{"coordinates":[11.33415414442707,44.51719888234461],"type":"Point"},"properties":{"geo_point_2d":{"lon":11.33415414442707,"lat":44.51719888234461},"tipo_di_area":"PARCO","nome":"PERCORSO LUNGONAVILE","quartiere":"Navile","ubicazione":"Via Yuri Gagarin"}},{"type":"Feature","geometry":{"coordinates":[11.383429919639592,44.49482865520062],"type":"Point"},"properties":{"geo_point_2d":{"lon":11.383429919639592,"lat":44.49482865520062},"tipo_di_area":"GIARDINO","nome":"GIARDINO VIA GHIBERTI","quartiere":"San Donato - San Vitale","ubicazione":"Via Ghiberti"}},{"type":"Feature","geometry":{"coordinates":[11.312526082306814,44.49746443935485],"type":"Point"},"properties":{"geo_point_2d":{"lon":11.312526082306814,"lat":44.49746443935485},"tipo_di_area":"GIARDINO","nome":"VIA TOFANE","quartiere":"Porto - Saragozza","ubicazione":"Via Tofane"}},{"type":"Feature","geometry":{"coordinates":[11.394233940438493,44.47543955272498],"type":"Point"},"properties":{"geo_point_2d":{"lon":11.394233940438493,"lat":44.47543955272498},"tipo_di_area":"GIARDINO","nome":"AREA VIA FERRARA (HORTUS CONCLUSUS)","quartiere":"Savena","ubicazione":"via Ferrara"}},{"type":"Feature","geometry":{"coordinates":[11.372047876578893,44.47651258075315],"type":"Point"},"properties":{"geo_point_2d":{"lon":11.372047876578893,"lat":44.47651258075315},"tipo_di_area":"VERDE D'ARREDO","nome":"GIARDINO LAMPONI-ORTI","quartiere":"Santo Stefano","ubicazione":"via Lamponi"}},{"type":"Feature","geometry":{"coordinates":[11.287347371579301,44.49057999223572],"type":"Point"},"properties":{"geo_point_2d":{"lon":11.287347371579301,"lat":44.49057999223572},"tipo_di_area":"VERDE D'ARREDO","nome":"GIARDINO I.T.I.S.","quartiere":"Borgo Panigale - Reno","ubicazione":"Rotonda Malaguti"}},{"type":"Feature","geometry":{"coordinates":[11.352869779321734,44.53482814753698],"type":"Point"},"properties":{"geo_point_2d":{"lon":11.352869779321734,"lat":44.53482814753698},"tipo_di_area":"VERDE D'ARREDO","nome":"Giardino Papini Corticella","quartiere":"Navile","ubicazione":"Via Giovanni Papini"}},{"type":"Feature","geometry":{"coordinates":[11.304242365342049,44.505968716069376],"type":"Point"},"properties":{"geo_point_2d":{"lon":11.304242365342049,"lat":44.505968716069376},"tipo_di_area":"VERDE D'ARREDO","nome":"G.NO DELLA FERRIERA","quartiere":"Borgo Panigale - Reno","ubicazione":"Via della Ferriera"}},{"type":"Feature","geometry":{"coordinates":[11.291410092685073,44.52284426830723],"type":"Point"},"properties":{"geo_point_2d":{"lon":11.291410092685073,"lat":44.52284426830723},"tipo_di_area":null,"nome":null,"quartiere":null,"ubicazione":null}},{"type":"Feature","geometry":{"coordinates":[11.399628772662536,44.49025527284573],"type":"Point"},"properties":{"geo_point_2d":{"lon":11.399628772662536,"lat":44.49025527284573},"tipo_di_area":"GIARDINO","nome":"G.NO BELLA FUORI 3 CROCE DEL BIACCO","quartiere":"San Donato - San Vitale","ubicazione":"Via Martiri della Croce del Biacco"}},{"type":"Feature","geometry":{"coordinates":[11.381812651344495,44.46485045822992],"type":"Point"},"properties":{"geo_point_2d":{"lon":11.381812651344495,"lat":44.46485045822992},"tipo_di_area":null,"nome":null,"quartiere":null,"ubicazione":null}},{"type":"Feature","geometry":{"coordinates":[11.32474916064764,44.520475970385796],"type":"Point"},"properties":{"geo_point_2d":{"lon":11.32474916064764,"lat":44.520475970385796},"tipo_di_area":null,"nome":null,"quartiere":null,"ubicazione":null}},{"type":"Feature","geometry":{"coordinates":[11.351604622778718,44.539554510783105],"type":"Point"},"properties":{"geo_point_2d":{"lon":11.351604622778718,"lat":44.539554510783105},"tipo_di_area":null,"nome":null,"quartiere":null,"ubicazione":null}},{"type":"Feature","geometry":{"coordinates":[11.316207839794457,44.488835979113496],"type":"Point"},"properties":{"geo_point_2d":{"lon":11.316207839794457,"lat":44.488835979113496},"tipo_di_area":null,"nome":null,"quartiere":null,"ubicazione":null}},{"type":"Feature","geometry":{"coordinates":[11.394860712578051,44.51199512124813],"type":"Point"},"properties":{"geo_point_2d":{"lon":11.394860712578051,"lat":44.51199512124813},"tipo_di_area":null,"nome":null,"quartiere":null,"ubicazione":null}},{"type":"Feature","geometry":{"coordinates":[11.295227395303614,44.50577840727706],"type":"Point"},"properties":{"geo_point_2d":{"lon":11.295227395303614,"lat":44.50577840727706},"tipo_di_area":null,"nome":null,"quartiere":null,"ubicazione":null}},{"type":"Feature","geometry":{"coordinates":[11.31436263094704,44.522458812479144],"type":"Point"},"properties":{"geo_point_2d":{"lon":11.31436263094704,"lat":44.522458812479144},"tipo_di_area":null,"nome":null,"quartiere":null,"ubicazione":null}},{"type":"Feature","geometry":{"coordinates":[11.346401919519648,44.466496757072804],"type":"Point"},"properties":{"geo_point_2d":{"lon":11.346401919519648,"lat":44.466496757072804},"tipo_di_area":"PARCO","nome":"VILLA GUASTAVILLANI","quartiere":"Santo Stefano","ubicazione":"Via Degli Scalini"}},{"type":"Feature","geometry":{"coordinates":[11.330179648333557,44.48211802116866],"type":"Point"},"properties":{"geo_point_2d":{"lon":11.330179648333557,"lat":44.48211802116866},"tipo_di_area":"PARCO","nome":"PARCO DI VILLA ALDINI","quartiere":"Santo Stefano","ubicazione":"via Osservanza"}},{"type":"Feature","geometry":{"coordinates":[11.400618029469147,44.509766967972624],"type":"Point"},"properties":{"geo_point_2d":{"lon":11.400618029469147,"lat":44.509766967972624},"tipo_di_area":"PARCO","nome":"AREA VIA PANZINI","quartiere":"San Donato - San Vitale","ubicazione":"Via Panzini"}},{"type":"Feature","geometry":{"coordinates":[11.385960956643569,44.48405532616983],"type":"Point"},"properties":{"geo_point_2d":{"lon":11.385960956643569,"lat":44.48405532616983},"tipo_di_area":"PARCO","nome":"AREA VIA ALLENDE","quartiere":"Savena","ubicazione":"via Allende"}},{"type":"Feature","geometry":{"coordinates":[11.266844298113902,44.52233961892265],"type":"Point"},"properties":{"geo_point_2d":{"lon":11.266844298113902,"lat":44.52233961892265},"tipo_di_area":"PARCO","nome":"GIARDINO DEI PIOPPI","quartiere":"Borgo Panigale - Reno","ubicazione":"via Legnano"}},{"type":"Feature","geometry":{"coordinates":[11.396913262458682,44.47658886163177],"type":"Point"},"properties":{"geo_point_2d":{"lon":11.396913262458682,"lat":44.47658886163177},"tipo_di_area":"GIARDINO","nome":"PIAZZA LAMBRAKIS","quartiere":"Savena","ubicazione":"Piazza Lambrakis"}},{"type":"Feature","geometry":{"coordinates":[11.387008989621142,44.47951071927924],"type":"Point"},"properties":{"geo_point_2d":{"lon":11.387008989621142,"lat":44.47951071927924},"tipo_di_area":"GIARDINO","nome":"GIARDINO POMPONAZZI","quartiere":"Savena","ubicazione":"via Pomponazzi"}},{"type":"Feature","geometry":{"coordinates":[11.382671901271124,44.4730257545321],"type":"Point"},"properties":{"geo_point_2d":{"lon":11.382671901271124,"lat":44.4730257545321},"tipo_di_area":"GIARDINO","nome":"GIARDINO MAZZONI ORTOLANI","quartiere":"Savena","ubicazione":"Via Corrado Mazzoni - Via degli Ortolani"}},{"type":"Feature","geometry":{"coordinates":[11.375648109942311,44.47905318887749],"type":"Point"},"properties":{"geo_point_2d":{"lon":11.375648109942311,"lat":44.47905318887749},"tipo_di_area":"PARCO","nome":"P.CO LUNETTA GAMBERINI","quartiere":"Santo Stefano","ubicazione":"Via degli Orti 60, Largo Lercaro, Via Nadi"}},{"type":"Feature","geometry":{"coordinates":[11.354611869156518,44.543672504523514],"type":"Point"},"properties":{"geo_point_2d":{"lon":11.354611869156518,"lat":44.543672504523514},"tipo_di_area":"VERDE D'ARREDO","nome":"Giardinetto via Corticella","quartiere":"Navile","ubicazione":"Via Corticella, 218"}},{"type":"Feature","geometry":{"coordinates":[11.363135839941735,44.510248644120985],"type":"Point"},"properties":{"geo_point_2d":{"lon":11.363135839941735,"lat":44.510248644120985},"tipo_di_area":"VERDE D'ARREDO","nome":"PIAZZA  COSTITITUZIONE E  AREA LIMITROFA","quartiere":"San Donato - San Vitale","ubicazione":"Piazza della Costituzione"}},{"type":"Feature","geometry":{"coordinates":[11.317087033169368,44.52567302299779],"type":"Point"},"properties":{"geo_point_2d":{"lon":11.317087033169368,"lat":44.52567302299779},"tipo_di_area":"GIARDINO","nome":"GIARDINO VAPORINO","quartiere":"Navile","ubicazione":"Via Zanardi"}},{"type":"Feature","geometry":{"coordinates":[11.29744015281575,44.49954990734345],"type":"Point"},"properties":{"geo_point_2d":{"lon":11.29744015281575,"lat":44.49954990734345},"tipo_di_area":"VERDE D'ARREDO","nome":"AREA VERDE VIA DE CAROLIS","quartiere":"Borgo Panigale - Reno","ubicazione":"Via De Carolis"}},{"type":"Feature","geometry":{"coordinates":[11.286832956757156,44.49069472323231],"type":"Point"},"properties":{"geo_point_2d":{"lon":11.286832956757156,"lat":44.49069472323231},"tipo_di_area":"GIARDINO","nome":"GIARDINO I.T.I.S.","quartiere":"Borgo Panigale - Reno","ubicazione":"Rotonda Malaguti"}},{"type":"Feature","geometry":{"coordinates":[11.317424514286493,44.52478709560501],"type":"Point"},"properties":{"geo_point_2d":{"lon":11.317424514286493,"lat":44.52478709560501},"tipo_di_area":"VERDE SPORTIVO","nome":"VERDE C.S. PIZZOLI","quartiere":"Navile","ubicazione":"Via Zanardi"}},{"type":"Feature","geometry":{"coordinates":[11.371796939170771,44.50977839747178],"type":"Point"},"properties":{"geo_point_2d":{"lon":11.371796939170771,"lat":44.50977839747178},"tipo_di_area":"GIARDINO","nome":"CENTRO SPORTIVO TRIGARI","quartiere":"San Donato - San Vitale","ubicazione":"Via Michelino, 71"}},{"type":"Feature","geometry":{"coordinates":[11.379342928167645,44.509249546554564],"type":"Point"},"properties":{"geo_point_2d":{"lon":11.379342928167645,"lat":44.509249546554564},"tipo_di_area":"PARCO","nome":"SVINCOLO TANGENZIALE","quartiere":"San Donato - San Vitale","ubicazione":"Via Vico"}},{"type":"Feature","geometry":{"coordinates":[11.362729487515912,44.50758543313377],"type":"Point"},"properties":{"geo_point_2d":{"lon":11.362729487515912,"lat":44.50758543313377},"tipo_di_area":"PARCO","nome":"PARCO DON BOSCO","quartiere":"San Donato - San Vitale","ubicazione":"Via Aldo Moro"}},{"type":"Feature","geometry":{"coordinates":[11.331738980063067,44.52417379631509],"type":"Point"},"properties":{"geo_point_2d":{"lon":11.331738980063067,"lat":44.52417379631509},"tipo_di_area":"GIARDINO","nome":"GIARDINO VIA BEVERARA 220","quartiere":"Navile","ubicazione":"Via della Bevarara"}},{"type":"Feature","geometry":{"coordinates":[11.354100008400692,44.50886915085376],"type":"Point"},"properties":{"geo_point_2d":{"lon":11.354100008400692,"lat":44.50886915085376},"tipo_di_area":null,"nome":null,"quartiere":null,"ubicazione":null}},{"type":"Feature","geometry":{"coordinates":[11.354627181813179,44.50879828760562],"type":"Point"},"properties":{"geo_point_2d":{"lon":11.354627181813179,"lat":44.50879828760562},"tipo_di_area":null,"nome":null,"quartiere":null,"ubicazione":null}},{"type":"Feature","geometry":{"coordinates":[11.311372800165563,44.49515326445749],"type":"Point"},"properties":{"geo_point_2d":{"lon":11.311372800165563,"lat":44.49515326445749},"tipo_di_area":"GIARDINO","nome":"GIARDINO GIACOMO BULGARELLI","quartiere":"Porto - Saragozza","ubicazione":"Via della Certosa"}},{"type":"Feature","geometry":{"coordinates":[11.354723641625329,44.4470033062725],"type":"Point"},"properties":{"geo_point_2d":{"lon":11.354723641625329,"lat":44.4470033062725},"tipo_di_area":"PARCO","nome":"PARCO PALEOTTO","quartiere":"Savena","ubicazione":"Via del Paleotto"}},{"type":"Feature","geometry":{"coordinates":[11.397752565982312,44.502490945498884],"type":"Point"},"properties":{"geo_point_2d":{"lon":11.397752565982312,"lat":44.502490945498884},"tipo_di_area":"VERDE D'ARREDO","nome":"GIARDINO AGENZIA  ENTRATE","quartiere":"San Donato - San Vitale","ubicazione":"Via Larga 35"}},{"type":"Feature","geometry":{"coordinates":[11.353315634688581,44.53634108377342],"type":"Point"},"properties":{"geo_point_2d":{"lon":11.353315634688581,"lat":44.53634108377342},"tipo_di_area":"GIARDINO","nome":"GIARDINO PAPINI RONCAGLIO","quartiere":"Navile","ubicazione":"Via Roncaglio, 6"}},{"type":"Feature","geometry":{"coordinates":[11.36268112666639,44.5122985736999],"type":"Point"},"properties":{"geo_point_2d":{"lon":11.36268112666639,"lat":44.5122985736999},"tipo_di_area":"VERDE D'ARREDO","nome":"PIAZZA  COSTITITUZIONE E  AREA LIMITROFA","quartiere":"San Donato - San Vitale","ubicazione":"Piazza della Costituzione"}},{"type":"Feature","geometry":{"coordinates":[11.329289456920787,44.49014109420725],"type":"Point"},"properties":{"geo_point_2d":{"lon":11.329289456920787,"lat":44.49014109420725},"tipo_di_area":"PARCO","nome":"NUOVA","quartiere":null,"ubicazione":null}},{"type":"Feature","geometry":{"coordinates":[11.399694159561225,44.51069623477525],"type":"Point"},"properties":{"geo_point_2d":{"lon":11.399694159561225,"lat":44.51069623477525},"tipo_di_area":null,"nome":null,"quartiere":null,"ubicazione":null}},{"type":"Feature","geometry":{"coordinates":[11.399992129962222,44.47317312760924],"type":"Point"},"properties":{"geo_point_2d":{"lon":11.399992129962222,"lat":44.47317312760924},"tipo_di_area":"PARCO","nome":"NUOVA","quartiere":null,"ubicazione":null}},{"type":"Feature","geometry":{"coordinates":[11.386913752978167,44.46748755787594],"type":"Point"},"properties":{"geo_point_2d":{"lon":11.386913752978167,"lat":44.46748755787594},"tipo_di_area":"PARCO","nome":"AREA GUERCINO","quartiere":"Savena","ubicazione":"via Longo"}},{"type":"Feature","geometry":{"coordinates":[11.383423730676594,44.46730336629512],"type":"Point"},"properties":{"geo_point_2d":{"lon":11.383423730676594,"lat":44.46730336629512},"tipo_di_area":null,"nome":null,"quartiere":null,"ubicazione":null}},{"type":"Feature","geometry":{"coordinates":[11.36626267013431,44.4930352722456],"type":"Point"},"properties":{"geo_point_2d":{"lon":11.36626267013431,"lat":44.4930352722456},"tipo_di_area":"GIARDINO","nome":"GIARDINO PONTE FOSSA CAVALLINA","quartiere":"San Donato - San Vitale","ubicazione":"Via Massarenti"}},{"type":"Feature","geometry":{"coordinates":[11.311755049570376,44.49234860947669],"type":"Point"},"properties":{"geo_point_2d":{"lon":11.311755049570376,"lat":44.49234860947669},"tipo_di_area":"GIARDINO","nome":"PIAZZA DELLA PACE","quartiere":"Porto - Saragozza","ubicazione":"Piazza della Pace"}},{"type":"Feature","geometry":{"coordinates":[11.378180992538036,44.46684455854081],"type":"Point"},"properties":{"geo_point_2d":{"lon":11.378180992538036,"lat":44.46684455854081},"tipo_di_area":"GIARDINO","nome":"GIARDINO CARISSIMI","quartiere":"Savena","ubicazione":"via Cherubini"}},{"type":"Feature","geometry":{"coordinates":[11.39274287221573,44.48285807658638],"type":"Point"},"properties":{"geo_point_2d":{"lon":11.39274287221573,"lat":44.48285807658638},"tipo_di_area":"VERDE D'ARREDO","nome":"AREA VIA LINCOLN","quartiere":"Savena","ubicazione":"Via Lincoln"}},{"type":"Feature","geometry":{"coordinates":[11.33568789916154,44.48148376014346],"type":"Point"},"properties":{"geo_point_2d":{"lon":11.33568789916154,"lat":44.48148376014346},"tipo_di_area":"VERDE D'ARREDO","nome":"AREA BAGNI DI MARIO","quartiere":"Santo Stefano","ubicazione":"Via Bagni di Mario"}},{"type":"Feature","geometry":{"coordinates":[11.280259598586488,44.51763235174758],"type":"Point"},"properties":{"geo_point_2d":{"lon":11.280259598586488,"lat":44.51763235174758},"tipo_di_area":"VERDE D'ARREDO","nome":"GIARDINO DEGLI IPPOCASTANI","quartiere":"Borgo Panigale - Reno","ubicazione":"Via Nani"}},{"type":"Feature","geometry":{"coordinates":[11.297625004612332,44.49241647514309],"type":"Point"},"properties":{"geo_point_2d":{"lon":11.297625004612332,"lat":44.49241647514309},"tipo_di_area":"VERDE D'ARREDO","nome":"P.ZZA BERNARDI - VIA BERGAMINI","quartiere":"Borgo Panigale - Reno","ubicazione":"Piazza Bernardii"}},{"type":"Feature","geometry":{"coordinates":[11.291126238974163,44.50222529717843],"type":"Point"},"properties":{"geo_point_2d":{"lon":11.291126238974163,"lat":44.50222529717843},"tipo_di_area":"VERDE D'ARREDO","nome":"AREA VERDE VIA DE PISIS","quartiere":"Borgo Panigale - Reno","ubicazione":"Via De Pisis"}},{"type":"Feature","geometry":{"coordinates":[11.355431545812662,44.54527862274093],"type":"Point"},"properties":{"geo_point_2d":{"lon":11.355431545812662,"lat":44.54527862274093},"tipo_di_area":"GIARDINO","nome":"G.NO CORTICELLA","quartiere":"Navile","ubicazione":"Via Corticella"}},{"type":"Feature","geometry":{"coordinates":[11.303799814512612,44.51150336338485],"type":"Point"},"properties":{"geo_point_2d":{"lon":11.303799814512612,"lat":44.51150336338485},"tipo_di_area":"PARCO","nome":"G.NO FARPI VIGNOLI","quartiere":"Borgo Panigale - Reno","ubicazione":"Via del Giacinto"}},{"type":"Feature","geometry":{"coordinates":[11.288490139916366,44.50532155476791],"type":"Point"},"properties":{"geo_point_2d":{"lon":11.288490139916366,"lat":44.50532155476791},"tipo_di_area":"PARCO","nome":"LUNGORENO EINAUDI - PONTE BACCHELLI","quartiere":"Borgo Panigale - Reno","ubicazione":"Via Luigi Einaudi"}},{"type":"Feature","geometry":{"coordinates":[11.354226988787548,44.51104481641742],"type":"Point"},"properties":{"geo_point_2d":{"lon":11.354226988787548,"lat":44.51104481641742},"tipo_di_area":null,"nome":null,"quartiere":null,"ubicazione":null}},{"type":"Feature","geometry":{"coordinates":[11.288717204590059,44.502648574104775],"type":"Point"},"properties":{"geo_point_2d":{"lon":11.288717204590059,"lat":44.502648574104775},"tipo_di_area":"CORPO IDRICO (laghetti, ruscelli, e fossi in collina)","nome":"LUNGORENO BERTOCCHI DE PISIS","quartiere":"Borgo Panigale - Reno","ubicazione":"Via Nino Bertocchi"}},{"type":"Feature","geometry":{"coordinates":[11.368081197203438,44.493535029685674],"type":"Point"},"properties":{"geo_point_2d":{"lon":11.368081197203438,"lat":44.493535029685674},"tipo_di_area":"GIARDINO","nome":"GIARDINO ORESTE BIAVATI","quartiere":"San Donato - San Vitale","ubicazione":"Via Scipione Dal Ferro"}},{"type":"Feature","geometry":{"coordinates":[11.382632817497104,44.45979419245927],"type":"Point"},"properties":{"geo_point_2d":{"lon":11.382632817497104,"lat":44.45979419245927},"tipo_di_area":"PARCO","nome":"NUOVA","quartiere":null,"ubicazione":null}},{"type":"Feature","geometry":{"coordinates":[11.36254568817864,44.51183927410624],"type":"Point"},"properties":{"geo_point_2d":{"lon":11.36254568817864,"lat":44.51183927410624},"tipo_di_area":"VERDE D'ARREDO","nome":"PIAZZA  COSTITITUZIONE E  AREA LIMITROFA","quartiere":"San Donato - San Vitale","ubicazione":"Piazza della Costituzione"}},{"type":"Feature","geometry":{"coordinates":[11.289983301289874,44.5084551063169],"type":"Point"},"properties":{"geo_point_2d":{"lon":11.289983301289874,"lat":44.5084551063169},"tipo_di_area":"CORPO IDRICO (laghetti, ruscelli, e fossi in collina)","nome":"LUNGORENO PONTE BACCHELLI - PONENTE","quartiere":"Borgo Panigale - Reno","ubicazione":"Ponte Riccardo Bacchelli"}},{"type":"Feature","geometry":{"coordinates":[11.362397114579586,44.550910562068886],"type":"Point"},"properties":{"geo_point_2d":{"lon":11.362397114579586,"lat":44.550910562068886},"tipo_di_area":"VERDE SPORTIVO","nome":"CENTRO SPORTIVO BIAVATI","quartiere":"Navile","ubicazione":"Via Shakespeare"}},{"type":"Feature","geometry":{"coordinates":[11.32914662043352,44.511905181813404],"type":"Point"},"properties":{"geo_point_2d":{"lon":11.32914662043352,"lat":44.511905181813404},"tipo_di_area":"GIARDINO","nome":"GIARDINO FANTIN BEVERARA","quartiere":"Navile","ubicazione":"Via Mario Fantin 25"}},{"type":"Feature","geometry":{"coordinates":[11.368108350977602,44.49676528744372],"type":"Point"},"properties":{"geo_point_2d":{"lon":11.368108350977602,"lat":44.49676528744372},"tipo_di_area":"VERDE D'ARREDO","nome":"G.NO PADRE GIOVANNI BREVI","quartiere":"San Donato - San Vitale","ubicazione":"Via Sante Vincenzi"}},{"type":"Feature","geometry":{"coordinates":[11.37370058940271,44.48048308972575],"type":"Point"},"properties":{"geo_point_2d":{"lon":11.37370058940271,"lat":44.48048308972575},"tipo_di_area":null,"nome":null,"quartiere":null,"ubicazione":null}},{"type":"Feature","geometry":{"coordinates":[11.352360857577194,44.509164585427136],"type":"Point"},"properties":{"geo_point_2d":{"lon":11.352360857577194,"lat":44.509164585427136},"tipo_di_area":"GIARDINO","nome":"GIARDINO GUSTAVO TROMBETTI","quartiere":"Navile","ubicazione":"Via Sebastiano Serlio"}},{"type":"Feature","geometry":{"coordinates":[11.368872008826822,44.52694881441428],"type":"Point"},"properties":{"geo_point_2d":{"lon":11.368872008826822,"lat":44.52694881441428},"tipo_di_area":null,"nome":null,"quartiere":null,"ubicazione":null}},{"type":"Feature","geometry":{"coordinates":[11.307621250713096,44.49838228738965],"type":"Point"},"properties":{"geo_point_2d":{"lon":11.307621250713096,"lat":44.49838228738965},"tipo_di_area":"VERDE D'ARREDO","nome":"GIARDINO PERSEGUITATI ANTIFASCISTI","quartiere":"Borgo Panigale - Reno","ubicazione":"Viale Gandhi"}},{"type":"Feature","geometry":{"coordinates":[11.388617944944295,44.466251732274955],"type":"Point"},"properties":{"geo_point_2d":{"lon":11.388617944944295,"lat":44.466251732274955},"tipo_di_area":"PARCO","nome":"PARCO LUNGOSAVENA","quartiere":"Savena","ubicazione":"Rotonda Grazia Verenin - Viale Lungosavena"}},{"type":"Feature","geometry":{"coordinates":[11.373918323805336,44.48077728344623],"type":"Point"},"properties":{"geo_point_2d":{"lon":11.373918323805336,"lat":44.48077728344623},"tipo_di_area":null,"nome":null,"quartiere":null,"ubicazione":null}},{"type":"Feature","geometry":{"coordinates":[11.302155662368495,44.50215111686115],"type":"Point"},"properties":{"geo_point_2d":{"lon":11.302155662368495,"lat":44.50215111686115},"tipo_di_area":"GIARDINO","nome":"G.NO MELOZZO DA FORLI' 23-23\/2","quartiere":"Borgo Panigale - Reno","ubicazione":"Via Melozzo da Forl, 23"}},{"type":"Feature","geometry":{"coordinates":[11.233601434631884,44.53266817676631],"type":"Point"},"properties":{"geo_point_2d":{"lon":11.233601434631884,"lat":44.53266817676631},"tipo_di_area":"GIARDINO","nome":"GIARDINO TEATRO RIDOTTO","quartiere":"Borgo Panigale - Reno","ubicazione":"via Lepido"}},{"type":"Feature","geometry":{"coordinates":[11.398418215801552,44.495075357965135],"type":"Point"},"properties":{"geo_point_2d":{"lon":11.398418215801552,"lat":44.495075357965135},"tipo_di_area":"PARCO","nome":"GIARDINO PIOPPETO MATTEI","quartiere":"San Donato - San Vitale","ubicazione":"Via Provaglia"}},{"type":"Feature","geometry":{"coordinates":[11.24702081008306,44.528374236851114],"type":"Point"},"properties":{"geo_point_2d":{"lon":11.24702081008306,"lat":44.528374236851114},"tipo_di_area":"GIARDINO","nome":"CENTRO \"GIANNA BERETTA MOLLA\"","quartiere":"Borgo Panigale - Reno","ubicazione":"Via del Vivaio"}},{"type":"Feature","geometry":{"coordinates":[11.367976610732015,44.4996679713039],"type":"Point"},"properties":{"geo_point_2d":{"lon":11.367976610732015,"lat":44.4996679713039},"tipo_di_area":"GIARDINO","nome":"GIARDINO QUINTO FERRARI (EX GIARDINO VIA DELLA TORRETTA)","quartiere":"San Donato - San Vitale","ubicazione":"Via della Torretta"}},{"type":"Feature","geometry":{"coordinates":[11.380642656155148,44.48378966539615],"type":"Point"},"properties":{"geo_point_2d":{"lon":11.380642656155148,"lat":44.48378966539615},"tipo_di_area":"VERDE D'ARREDO","nome":"V. FOSSE ARDEATINE-FELSINA-BIANCO","quartiere":"Savena","ubicazione":"viale Felsina"}},{"type":"Feature","geometry":{"coordinates":[11.268111645487522,44.5207135972985],"type":"Point"},"properties":{"geo_point_2d":{"lon":11.268111645487522,"lat":44.5207135972985},"tipo_di_area":"GIARDINO","nome":"GIARDINO VIA M. L. KING","quartiere":"Borgo Panigale - Reno","ubicazione":"via M. L. King"}},{"type":"Feature","geometry":{"coordinates":[11.341305890439026,44.49424815468777],"type":"Point"},"properties":{"geo_point_2d":{"lon":11.341305890439026,"lat":44.49424815468777},"tipo_di_area":"GIARDINO","nome":"GIARDINO GUIDO FANTI","quartiere":"Porto - Saragozza","ubicazione":"Piazza Maggiore, 6"}},{"type":"Feature","geometry":{"coordinates":[11.392370731731768,44.48258879246623],"type":"Point"},"properties":{"geo_point_2d":{"lon":11.392370731731768,"lat":44.48258879246623},"tipo_di_area":"VERDE D'ARREDO","nome":"AREA VIA LINCOLN","quartiere":"Savena","ubicazione":"Via Lincoln"}},{"type":"Feature","geometry":{"coordinates":[11.39093593527184,44.48240326485417],"type":"Point"},"properties":{"geo_point_2d":{"lon":11.39093593527184,"lat":44.48240326485417},"tipo_di_area":"VERDE D'ARREDO","nome":"AREA VIA LINCOLN","quartiere":"Savena","ubicazione":"Via Lincoln"}},{"type":"Feature","geometry":{"coordinates":[11.29817351313491,44.50708756158464],"type":"Point"},"properties":{"geo_point_2d":{"lon":11.29817351313491,"lat":44.50708756158464},"tipo_di_area":"GIARDINO","nome":"GIARDINO LEMONIA","quartiere":"Borgo Panigale - Reno","ubicazione":"Via Lemonia"}},{"type":"Feature","geometry":{"coordinates":[11.370784268009988,44.52712734886206],"type":"Point"},"properties":{"geo_point_2d":{"lon":11.370784268009988,"lat":44.52712734886206},"tipo_di_area":null,"nome":null,"quartiere":null,"ubicazione":null}},{"type":"Feature","geometry":{"coordinates":[11.341980692266246,44.526092756378674],"type":"Point"},"properties":{"geo_point_2d":{"lon":11.341980692266246,"lat":44.526092756378674},"tipo_di_area":"VERDE D'ARREDO","nome":"VIA MARTIRI DI MONTE SOLE","quartiere":"Navile","ubicazione":"Via Martiri di Monte Sole"}},{"type":"Feature","geometry":{"coordinates":[11.352135680694909,44.52505081688268],"type":"Point"},"properties":{"geo_point_2d":{"lon":11.352135680694909,"lat":44.52505081688268},"tipo_di_area":"GIARDINO","nome":"CENTRO \"SELLERI BATTAGLIA\"","quartiere":"Navile","ubicazione":"Via di Saliceto"}},{"type":"Feature","geometry":{"coordinates":[11.386950137369706,44.5116262866942],"type":"Point"},"properties":{"geo_point_2d":{"lon":11.386950137369706,"lat":44.5116262866942},"tipo_di_area":"VERDE D'ARREDO","nome":"VERDE VIA S.DONATO 177-177\/5A","quartiere":"San Donato - San Vitale","ubicazione":"Via San Donato, 177"}},{"type":"Feature","geometry":{"coordinates":[11.323671988350014,44.52498683099439],"type":"Point"},"properties":{"geo_point_2d":{"lon":11.323671988350014,"lat":44.52498683099439},"tipo_di_area":"GIARDINO","nome":"VILLA TAMBA","quartiere":"Navile","ubicazione":"Via Selva di Pescarola"}},{"type":"Feature","geometry":{"coordinates":[11.332942534132455,44.51779591392183],"type":"Point"},"properties":{"geo_point_2d":{"lon":11.332942534132455,"lat":44.51779591392183},"tipo_di_area":"GIARDINO","nome":"GIARDINO MARINAI D ITALIA","quartiere":"Navile","ubicazione":"Via Gagarin"}},{"type":"Feature","geometry":{"coordinates":[11.348765269064424,44.541513936583364],"type":"Point"},"properties":{"geo_point_2d":{"lon":11.348765269064424,"lat":44.541513936583364},"tipo_di_area":"PARCO","nome":"GIARDINO EX PAVIRANI","quartiere":"Navile","ubicazione":"Via Cristoforo Colombo, 59"}},{"type":"Feature","geometry":{"coordinates":[11.321999567570172,44.45164870368422],"type":"Point"},"properties":{"geo_point_2d":{"lon":11.321999567570172,"lat":44.45164870368422},"tipo_di_area":"PARCO","nome":"PARCO PADERNO","quartiere":"Santo Stefano","ubicazione":"Via Paderno"}},{"type":"Feature","geometry":{"coordinates":[11.392207616827502,44.48385639661168],"type":"Point"},"properties":{"geo_point_2d":{"lon":11.392207616827502,"lat":44.48385639661168},"tipo_di_area":"GIARDINO","nome":"GIARDINO DACIA","quartiere":"Savena","ubicazione":"Via Carlo Marx"}},{"type":"Feature","geometry":{"coordinates":[11.347985571574576,44.53282187124435],"type":"Point"},"properties":{"geo_point_2d":{"lon":11.347985571574576,"lat":44.53282187124435},"tipo_di_area":null,"nome":null,"quartiere":null,"ubicazione":null}},{"type":"Feature","geometry":{"coordinates":[11.343126667791173,44.48078740646419],"type":"Point"},"properties":{"geo_point_2d":{"lon":11.343126667791173,"lat":44.48078740646419},"tipo_di_area":"PARCO","nome":"PARCO DEL BELVEDERE DI SAN MICHELE IN BOSCO","quartiere":"Santo Stefano","ubicazione":"Via Cesare Pupilli, 1"}},{"type":"Feature","geometry":{"coordinates":[11.380126517305598,44.48577396763002],"type":"Point"},"properties":{"geo_point_2d":{"lon":11.380126517305598,"lat":44.48577396763002},"tipo_di_area":"VERDE D'ARREDO","nome":"AREA VIA ROSELLE-VETULONIA","quartiere":"Savena","ubicazione":"via Roselle"}},{"type":"Feature","geometry":{"coordinates":[11.353264102882875,44.515979370938986],"type":"Point"},"properties":{"geo_point_2d":{"lon":11.353264102882875,"lat":44.515979370938986},"tipo_di_area":"GIARDINO","nome":"GIARDINO GUIDO ROSSA","quartiere":"Navile","ubicazione":"Via Lombardi"}},{"type":"Feature","geometry":{"coordinates":[11.300615770752081,44.49214106516403],"type":"Point"},"properties":{"geo_point_2d":{"lon":11.300615770752081,"lat":44.49214106516403},"tipo_di_area":"GIARDINO","nome":"GIARDINO DEL GHISELLO (EX GIARDINO CALDA)","quartiere":"Borgo Panigale - Reno","ubicazione":"via Treves"}},{"type":"Feature","geometry":{"coordinates":[11.345455663525822,44.501247228181306],"type":"Point"},"properties":{"geo_point_2d":{"lon":11.345455663525822,"lat":44.501247228181306},"tipo_di_area":null,"nome":null,"quartiere":null,"ubicazione":null}},{"type":"Feature","geometry":{"coordinates":[11.292298215062013,44.521986955605506],"type":"Point"},"properties":{"geo_point_2d":{"lon":11.292298215062013,"lat":44.521986955605506},"tipo_di_area":null,"nome":null,"quartiere":null,"ubicazione":null}},{"type":"Feature","geometry":{"coordinates":[11.37549389030704,44.45944591000052],"type":"Point"},"properties":{"geo_point_2d":{"lon":11.37549389030704,"lat":44.45944591000052},"tipo_di_area":"PARCO","nome":"NUOVA","quartiere":null,"ubicazione":null}},{"type":"Feature","geometry":{"coordinates":[11.384049765598954,44.467601829317665],"type":"Point"},"properties":{"geo_point_2d":{"lon":11.384049765598954,"lat":44.467601829317665},"tipo_di_area":null,"nome":null,"quartiere":null,"ubicazione":null}},{"type":"Feature","geometry":{"coordinates":[11.339248874636613,44.51288301675676],"type":"Point"},"properties":{"geo_point_2d":{"lon":11.339248874636613,"lat":44.51288301675676},"tipo_di_area":null,"nome":null,"quartiere":null,"ubicazione":null}},{"type":"Feature","geometry":{"coordinates":[11.338513390335399,44.51007381603266],"type":"Point"},"properties":{"geo_point_2d":{"lon":11.338513390335399,"lat":44.51007381603266},"tipo_di_area":null,"nome":null,"quartiere":null,"ubicazione":null}},{"type":"Feature","geometry":{"coordinates":[11.332576343709697,44.50883067291035],"type":"Point"},"properties":{"geo_point_2d":{"lon":11.332576343709697,"lat":44.50883067291035},"tipo_di_area":null,"nome":null,"quartiere":null,"ubicazione":null}},{"type":"Feature","geometry":{"coordinates":[11.321642273137758,44.52193840038422],"type":"Point"},"properties":{"geo_point_2d":{"lon":11.321642273137758,"lat":44.52193840038422},"tipo_di_area":null,"nome":null,"quartiere":null,"ubicazione":null}},{"type":"Feature","geometry":{"coordinates":[11.32264594722902,44.52411923747579],"type":"Point"},"properties":{"geo_point_2d":{"lon":11.32264594722902,"lat":44.52411923747579},"tipo_di_area":null,"nome":null,"quartiere":null,"ubicazione":null}},{"type":"Feature","geometry":{"coordinates":[11.321065141129363,44.52589953641495],"type":"Point"},"properties":{"geo_point_2d":{"lon":11.321065141129363,"lat":44.52589953641495},"tipo_di_area":null,"nome":null,"quartiere":null,"ubicazione":null}},{"type":"Feature","geometry":{"coordinates":[11.319570691365868,44.52793657565238],"type":"Point"},"properties":{"geo_point_2d":{"lon":11.319570691365868,"lat":44.52793657565238},"tipo_di_area":null,"nome":null,"quartiere":null,"ubicazione":null}},{"type":"Feature","geometry":{"coordinates":[11.3550881791616,44.53950250292223],"type":"Point"},"properties":{"geo_point_2d":{"lon":11.3550881791616,"lat":44.53950250292223},"tipo_di_area":null,"nome":null,"quartiere":null,"ubicazione":null}},{"type":"Feature","geometry":{"coordinates":[11.351459078391928,44.54086479838252],"type":"Point"},"properties":{"geo_point_2d":{"lon":11.351459078391928,"lat":44.54086479838252},"tipo_di_area":null,"nome":null,"quartiere":null,"ubicazione":null}},{"type":"Feature","geometry":{"coordinates":[11.35129490432364,44.53997639544559],"type":"Point"},"properties":{"geo_point_2d":{"lon":11.35129490432364,"lat":44.53997639544559},"tipo_di_area":null,"nome":null,"quartiere":null,"ubicazione":null}},{"type":"Feature","geometry":{"coordinates":[11.359507100803567,44.52875511728379],"type":"Point"},"properties":{"geo_point_2d":{"lon":11.359507100803567,"lat":44.52875511728379},"tipo_di_area":null,"nome":null,"quartiere":null,"ubicazione":null}},{"type":"Feature","geometry":{"coordinates":[11.368363573768987,44.527230976465425],"type":"Point"},"properties":{"geo_point_2d":{"lon":11.368363573768987,"lat":44.527230976465425},"tipo_di_area":null,"nome":null,"quartiere":null,"ubicazione":null}},{"type":"Feature","geometry":{"coordinates":[11.336485471879607,44.50038211234664],"type":"Point"},"properties":{"geo_point_2d":{"lon":11.336485471879607,"lat":44.50038211234664},"tipo_di_area":null,"nome":null,"quartiere":null,"ubicazione":null}},{"type":"Feature","geometry":{"coordinates":[11.336818089318205,44.50020939967433],"type":"Point"},"properties":{"geo_point_2d":{"lon":11.336818089318205,"lat":44.50020939967433},"tipo_di_area":null,"nome":null,"quartiere":null,"ubicazione":null}},{"type":"Feature","geometry":{"coordinates":[11.364411874960048,44.50115019061397],"type":"Point"},"properties":{"geo_point_2d":{"lon":11.364411874960048,"lat":44.50115019061397},"tipo_di_area":null,"nome":null,"quartiere":null,"ubicazione":null}},{"type":"Feature","geometry":{"coordinates":[11.392605377062022,44.51588276915638],"type":"Point"},"properties":{"geo_point_2d":{"lon":11.392605377062022,"lat":44.51588276915638},"tipo_di_area":null,"nome":null,"quartiere":null,"ubicazione":null}},{"type":"Feature","geometry":{"coordinates":[11.304023859198752,44.442243975525756],"type":"Point"},"properties":{"geo_point_2d":{"lon":11.304023859198752,"lat":44.442243975525756},"tipo_di_area":null,"nome":null,"quartiere":null,"ubicazione":null}},{"type":"Feature","geometry":{"coordinates":[11.292446524831709,44.497341994220854],"type":"Point"},"properties":{"geo_point_2d":{"lon":11.292446524831709,"lat":44.497341994220854},"tipo_di_area":null,"nome":null,"quartiere":null,"ubicazione":null}},{"type":"Feature","geometry":{"coordinates":[11.292390407693011,44.50037027164006],"type":"Point"},"properties":{"geo_point_2d":{"lon":11.292390407693011,"lat":44.50037027164006},"tipo_di_area":null,"nome":null,"quartiere":null,"ubicazione":null}},{"type":"Feature","geometry":{"coordinates":[11.303119431153144,44.497046662417944],"type":"Point"},"properties":{"geo_point_2d":{"lon":11.303119431153144,"lat":44.497046662417944},"tipo_di_area":null,"nome":null,"quartiere":null,"ubicazione":null}},{"type":"Feature","geometry":{"coordinates":[11.301480564934549,44.49269881301102],"type":"Point"},"properties":{"geo_point_2d":{"lon":11.301480564934549,"lat":44.49269881301102},"tipo_di_area":null,"nome":null,"quartiere":null,"ubicazione":null}},{"type":"Feature","geometry":{"coordinates":[11.303702312090197,44.50517688889654],"type":"Point"},"properties":{"geo_point_2d":{"lon":11.303702312090197,"lat":44.50517688889654},"tipo_di_area":null,"nome":null,"quartiere":null,"ubicazione":null}},{"type":"Feature","geometry":{"coordinates":[11.311053247646093,44.505926073179],"type":"Point"},"properties":{"geo_point_2d":{"lon":11.311053247646093,"lat":44.505926073179},"tipo_di_area":null,"nome":null,"quartiere":null,"ubicazione":null}},{"type":"Feature","geometry":{"coordinates":[11.291500177496212,44.510468825502564],"type":"Point"},"properties":{"geo_point_2d":{"lon":11.291500177496212,"lat":44.510468825502564},"tipo_di_area":null,"nome":null,"quartiere":null,"ubicazione":null}},{"type":"Feature","geometry":{"coordinates":[11.286406869339787,44.499102399561465],"type":"Point"},"properties":{"geo_point_2d":{"lon":11.286406869339787,"lat":44.499102399561465},"tipo_di_area":null,"nome":null,"quartiere":null,"ubicazione":null}},{"type":"Feature","geometry":{"coordinates":[11.278520932035061,44.507629312065916],"type":"Point"},"properties":{"geo_point_2d":{"lon":11.278520932035061,"lat":44.507629312065916},"tipo_di_area":null,"nome":null,"quartiere":null,"ubicazione":null}},{"type":"Feature","geometry":{"coordinates":[11.288242054341955,44.51439471487852],"type":"Point"},"properties":{"geo_point_2d":{"lon":11.288242054341955,"lat":44.51439471487852},"tipo_di_area":null,"nome":null,"quartiere":null,"ubicazione":null}},{"type":"Feature","geometry":{"coordinates":[11.364323868191072,44.50732757818155],"type":"Point"},"properties":{"geo_point_2d":{"lon":11.364323868191072,"lat":44.50732757818155},"tipo_di_area":null,"nome":null,"quartiere":null,"ubicazione":null}},{"type":"Feature","geometry":{"coordinates":[11.3934510672321,44.51442050123727],"type":"Point"},"properties":{"geo_point_2d":{"lon":11.3934510672321,"lat":44.51442050123727},"tipo_di_area":null,"nome":null,"quartiere":null,"ubicazione":null}},{"type":"Feature","geometry":{"coordinates":[11.39399827385499,44.51424401538031],"type":"Point"},"properties":{"geo_point_2d":{"lon":11.39399827385499,"lat":44.51424401538031},"tipo_di_area":null,"nome":null,"quartiere":null,"ubicazione":null}},{"type":"Feature","geometry":{"coordinates":[11.395859580103522,44.5177168015979],"type":"Point"},"properties":{"geo_point_2d":{"lon":11.395859580103522,"lat":44.5177168015979},"tipo_di_area":null,"nome":null,"quartiere":null,"ubicazione":null}},{"type":"Feature","geometry":{"coordinates":[11.310363066260926,44.47842441906161],"type":"Point"},"properties":{"geo_point_2d":{"lon":11.310363066260926,"lat":44.47842441906161},"tipo_di_area":null,"nome":null,"quartiere":null,"ubicazione":null}},{"type":"Feature","geometry":{"coordinates":[11.357380974858314,44.5320510029933],"type":"Point"},"properties":{"geo_point_2d":{"lon":11.357380974858314,"lat":44.5320510029933},"tipo_di_area":null,"nome":null,"quartiere":null,"ubicazione":null}},{"type":"Feature","geometry":{"coordinates":[11.331882619737549,44.52168354728247],"type":"Point"},"properties":{"geo_point_2d":{"lon":11.331882619737549,"lat":44.52168354728247},"tipo_di_area":null,"nome":null,"quartiere":null,"ubicazione":null}},{"type":"Feature","geometry":{"coordinates":[11.349062570656173,44.53218022626912],"type":"Point"},"properties":{"geo_point_2d":{"lon":11.349062570656173,"lat":44.53218022626912},"tipo_di_area":null,"nome":null,"quartiere":null,"ubicazione":null}},{"type":"Feature","geometry":{"coordinates":[11.304383853158633,44.49006741889695],"type":"Point"},"properties":{"geo_point_2d":{"lon":11.304383853158633,"lat":44.49006741889695},"tipo_di_area":null,"nome":null,"quartiere":null,"ubicazione":null}},{"type":"Feature","geometry":{"coordinates":[11.329326130787294,44.51918963515277],"type":"Point"},"properties":{"geo_point_2d":{"lon":11.329326130787294,"lat":44.51918963515277},"tipo_di_area":"VERDE D'ARREDO","nome":"CENTRO CIVICO LINO BORGATTI","quartiere":"Navile","ubicazione":"Via Marco Polo"}},{"type":"Feature","geometry":{"coordinates":[11.3180346523831,44.53283810001996],"type":"Point"},"properties":{"geo_point_2d":{"lon":11.3180346523831,"lat":44.53283810001996},"tipo_di_area":"PARCO","nome":"GIARDINO VIA ZANARDI 395","quartiere":"Navile","ubicazione":"Via Francesco Zanardi"}},{"type":"Feature","geometry":{"coordinates":[11.305291421945887,44.5072458600814],"type":"Point"},"properties":{"geo_point_2d":{"lon":11.305291421945887,"lat":44.5072458600814},"tipo_di_area":"GIARDINO","nome":"CENTRO ANZIANI S.VIOLA","quartiere":"Borgo Panigale - Reno","ubicazione":"Via Emilia Ponente"}},{"type":"Feature","geometry":{"coordinates":[11.37525837272946,44.489333745991615],"type":"Point"},"properties":{"geo_point_2d":{"lon":11.37525837272946,"lat":44.489333745991615},"tipo_di_area":"PARCO","nome":"LARGO MOLINA","quartiere":"San Donato - San Vitale","ubicazione":"Largo Molina"}},{"type":"Feature","geometry":{"coordinates":[11.343904072133478,44.4910219046484],"type":"Point"},"properties":{"geo_point_2d":{"lon":11.343904072133478,"lat":44.4910219046484},"tipo_di_area":"GIARDINO","nome":"PIAZZA CAVOUR","quartiere":"Santo Stefano","ubicazione":"P.zza Cavour"}},{"type":"Feature","geometry":{"coordinates":[11.296801993952394,44.49505322807816],"type":"Point"},"properties":{"geo_point_2d":{"lon":11.296801993952394,"lat":44.49505322807816},"tipo_di_area":null,"nome":null,"quartiere":null,"ubicazione":null}},{"type":"Feature","geometry":{"coordinates":[11.390811726981529,44.4825288681037],"type":"Point"},"properties":{"geo_point_2d":{"lon":11.390811726981529,"lat":44.4825288681037},"tipo_di_area":"VERDE D'ARREDO","nome":"AREA VIA LINCOLN","quartiere":"Savena","ubicazione":"Via Lincoln"}},{"type":"Feature","geometry":{"coordinates":[11.397843800119748,44.49443904867848],"type":"Point"},"properties":{"geo_point_2d":{"lon":11.397843800119748,"lat":44.49443904867848},"tipo_di_area":"VERDE D'ARREDO","nome":"AREA IACP VIA MATTEI","quartiere":"San Donato - San Vitale","ubicazione":"Via Enrico Mattei"}},{"type":"Feature","geometry":{"coordinates":[11.392153138882676,44.48219838690951],"type":"Point"},"properties":{"geo_point_2d":{"lon":11.392153138882676,"lat":44.48219838690951},"tipo_di_area":"VERDE D'ARREDO","nome":"AREA VIA LINCOLN","quartiere":"Savena","ubicazione":"Via Lincoln"}},{"type":"Feature","geometry":{"coordinates":[11.355312974137458,44.48278829395951],"type":"Point"},"properties":{"geo_point_2d":{"lon":11.355312974137458,"lat":44.48278829395951},"tipo_di_area":null,"nome":null,"quartiere":null,"ubicazione":null}},{"type":"Feature","geometry":{"coordinates":[11.377029120891667,44.50412012984222],"type":"Point"},"properties":{"geo_point_2d":{"lon":11.377029120891667,"lat":44.50412012984222},"tipo_di_area":"VERDE D'ARREDO","nome":"GIARDINO VIA DELLA CAMPAGNA","quartiere":"San Donato - San Vitale","ubicazione":"Via della Campagna"}},{"type":"Feature","geometry":{"coordinates":[11.385791814735251,44.512092449153485],"type":"Point"},"properties":{"geo_point_2d":{"lon":11.385791814735251,"lat":44.512092449153485},"tipo_di_area":"VERDE D'ARREDO","nome":"VERDE VIA S.DONATO 177-177\/5A","quartiere":"San Donato - San Vitale","ubicazione":"Via San Donato, 177"}},{"type":"Feature","geometry":{"coordinates":[11.329874118424405,44.51249390585736],"type":"Point"},"properties":{"geo_point_2d":{"lon":11.329874118424405,"lat":44.51249390585736},"tipo_di_area":"GIARDINO","nome":"GIARDINO FANTIN BEVERARA","quartiere":"Navile","ubicazione":"Via Mario Fantin 25"}},{"type":"Feature","geometry":{"coordinates":[11.368179936270844,44.496497351419315],"type":"Point"},"properties":{"geo_point_2d":{"lon":11.368179936270844,"lat":44.496497351419315},"tipo_di_area":"VERDE D'ARREDO","nome":"G.NO PADRE GIOVANNI BREVI","quartiere":"San Donato - San Vitale","ubicazione":"Via Sante Vincenzi"}},{"type":"Feature","geometry":{"coordinates":[11.359639745297477,44.54961415085225],"type":"Point"},"properties":{"geo_point_2d":{"lon":11.359639745297477,"lat":44.54961415085225},"tipo_di_area":"CORPO IDRICO (laghetti, ruscelli, e fossi in collina)","nome":"AREA EX CENTRO AVICOLO","quartiere":"Navile","ubicazione":"Via S.Anna"}},{"type":"Feature","geometry":{"coordinates":[11.332867012000953,44.5212293471909],"type":"Point"},"properties":{"geo_point_2d":{"lon":11.332867012000953,"lat":44.5212293471909},"tipo_di_area":"VERDE D'ARREDO","nome":"VERDE TRALICCIO ENEL BEVERARA","quartiere":"Navile","ubicazione":"Via Beverara 123\/3"}},{"type":"Feature","geometry":{"coordinates":[11.351486226611408,44.456121756882276],"type":"Point"},"properties":{"geo_point_2d":{"lon":11.351486226611408,"lat":44.456121756882276},"tipo_di_area":"PARCO","nome":"PARCO JOLA CA BANDIERA","quartiere":"Savena","ubicazione":"Via Jola"}},{"type":"Feature","geometry":{"coordinates":[11.358909265166343,44.50898721618125],"type":"Point"},"properties":{"geo_point_2d":{"lon":11.358909265166343,"lat":44.50898721618125},"tipo_di_area":"GIARDINO","nome":"GIARDINO PAOLO LACCHINI","quartiere":"San Donato - San Vitale","ubicazione":"Via Serena\/Viale della Repubblica"}},{"type":"Feature","geometry":{"coordinates":[11.376545108898013,44.47219986758501],"type":"Point"},"properties":{"geo_point_2d":{"lon":11.376545108898013,"lat":44.47219986758501},"tipo_di_area":null,"nome":null,"quartiere":null,"ubicazione":null}},{"type":"Feature","geometry":{"coordinates":[11.408871993423055,44.521875259659836],"type":"Point"},"properties":{"geo_point_2d":{"lon":11.408871993423055,"lat":44.521875259659836},"tipo_di_area":"VERDE D'ARREDO","nome":"GIARDINO CENTRO IMMIGRAZIONE VIA  CANAPA","quartiere":"San Donato - San Vitale","ubicazione":"Via della Canapa"}},{"type":"Feature","geometry":{"coordinates":[11.388713879444591,44.47390103202505],"type":"Point"},"properties":{"geo_point_2d":{"lon":11.388713879444591,"lat":44.47390103202505},"tipo_di_area":"GIARDINO","nome":"G.NO BONCOMPAGNI LUDOVISI","quartiere":"Savena","ubicazione":"Via Faenza"}},{"type":"Feature","geometry":{"coordinates":[11.273944868084055,44.52039361370995],"type":"Point"},"properties":{"geo_point_2d":{"lon":11.273944868084055,"lat":44.52039361370995},"tipo_di_area":"GIARDINO","nome":"GIARDINO LUIGI PASTEUR","quartiere":"Borgo Panigale - Reno","ubicazione":"Via Luigi Pasteur"}},{"type":"Feature","geometry":{"coordinates":[11.372801275244381,44.49066733189627],"type":"Point"},"properties":{"geo_point_2d":{"lon":11.372801275244381,"lat":44.49066733189627},"tipo_di_area":"PARCO","nome":"GIARDINO DOMENICO MARIA NOVARA","quartiere":"San Donato - San Vitale","ubicazione":"Via Venturoli"}},{"type":"Feature","geometry":{"coordinates":[11.332992283651897,44.49951382878621],"type":"Point"},"properties":{"geo_point_2d":{"lon":11.332992283651897,"lat":44.49951382878621},"tipo_di_area":"GIARDINO","nome":"PIAZZA AZZARITA","quartiere":"Porto - Saragozza","ubicazione":"Piazza Azzarita"}},{"type":"Feature","geometry":{"coordinates":[11.381323424834754,44.489132045331004],"type":"Point"},"properties":{"geo_point_2d":{"lon":11.381323424834754,"lat":44.489132045331004},"tipo_di_area":"PARCO","nome":"VIALE FELSINA-VICOLO NERO","quartiere":"Savena","ubicazione":"via Felsina"}},{"type":"Feature","geometry":{"coordinates":[11.382156270341081,44.47601248517484],"type":"Point"},"properties":{"geo_point_2d":{"lon":11.382156270341081,"lat":44.47601248517484},"tipo_di_area":"GIARDINO","nome":"GIARDINO VIA ABRUZZO","quartiere":"Savena","ubicazione":"via Lombardia"}},{"type":"Feature","geometry":{"coordinates":[11.375034946240236,44.4901420175247],"type":"Point"},"properties":{"geo_point_2d":{"lon":11.375034946240236,"lat":44.4901420175247},"tipo_di_area":"VERDE D'ARREDO","nome":"LARGO MOLINA","quartiere":"San Donato - San Vitale","ubicazione":"Largo Molina"}},{"type":"Feature","geometry":{"coordinates":[11.392512803712082,44.48245969283486],"type":"Point"},"properties":{"geo_point_2d":{"lon":11.392512803712082,"lat":44.48245969283486},"tipo_di_area":"VERDE D'ARREDO","nome":"AREA VIA LINCOLN","quartiere":"Savena","ubicazione":"Via Lincoln"}},{"type":"Feature","geometry":{"coordinates":[11.391173546899196,44.48279218653658],"type":"Point"},"properties":{"geo_point_2d":{"lon":11.391173546899196,"lat":44.48279218653658},"tipo_di_area":"VERDE D'ARREDO","nome":"AREA VIA LINCOLN","quartiere":"Savena","ubicazione":"Via Lincoln"}},{"type":"Feature","geometry":{"coordinates":[11.294040018366994,44.51048522390929],"type":"Point"},"properties":{"geo_point_2d":{"lon":11.294040018366994,"lat":44.51048522390929},"tipo_di_area":"PARCO","nome":"LUNGORENO PONENTE DEL MILLIARIO","quartiere":"Borgo Panigale - Reno","ubicazione":"Via Emilia Ponente"}},{"type":"Feature","geometry":{"coordinates":[11.37575063060536,44.47849514746145],"type":"Point"},"properties":{"geo_point_2d":{"lon":11.37575063060536,"lat":44.47849514746145},"tipo_di_area":null,"nome":null,"quartiere":null,"ubicazione":null}},{"type":"Feature","geometry":{"coordinates":[11.343806811921906,44.53480430035089],"type":"Point"},"properties":{"geo_point_2d":{"lon":11.343806811921906,"lat":44.53480430035089},"tipo_di_area":"PARCO","nome":"PERCORSO LUNGONAVILE","quartiere":"Navile","ubicazione":"Via Yuri Gagarin - Via dei Terraioli"}},{"type":"Feature","geometry":{"coordinates":[11.35501180950108,44.51110134317027],"type":"Point"},"properties":{"geo_point_2d":{"lon":11.35501180950108,"lat":44.51110134317027},"tipo_di_area":null,"nome":null,"quartiere":null,"ubicazione":null}},{"type":"Feature","geometry":{"coordinates":[11.397865821520293,44.51159088644544],"type":"Point"},"properties":{"geo_point_2d":{"lon":11.397865821520293,"lat":44.51159088644544},"tipo_di_area":"GIARDINO","nome":"CENTRO ACCOGLIENZA TEMPORANEA (EX ADA NEGRI)","quartiere":"San Donato - San Vitale","ubicazione":"Via Dino Campana"}},{"type":"Feature","geometry":{"coordinates":[11.355689779906115,44.543098661616085],"type":"Point"},"properties":{"geo_point_2d":{"lon":11.355689779906115,"lat":44.543098661616085},"tipo_di_area":"GIARDINO","nome":"GIARDINETTO BENTINI CORTICELLA","quartiere":"Navile","ubicazione":"Via Genuzio Bentini"}},{"type":"Feature","geometry":{"coordinates":[11.380179372392892,44.485584018128684],"type":"Point"},"properties":{"geo_point_2d":{"lon":11.380179372392892,"lat":44.485584018128684},"tipo_di_area":"PARCO","nome":"AREA VIA ROSELLE-VETULONIA","quartiere":"Savena","ubicazione":"via Roselle"}},{"type":"Feature","geometry":{"coordinates":[11.339381605584009,44.52802199695952],"type":"Point"},"properties":{"geo_point_2d":{"lon":11.339381605584009,"lat":44.52802199695952},"tipo_di_area":"PARCO","nome":"PERCORSO LUNGONAVILE","quartiere":"Navile","ubicazione":"Via Yuri Gagarin - Via dei Terraioli"}},{"type":"Feature","geometry":{"coordinates":[11.350359858756736,44.533978222460505],"type":"Point"},"properties":{"geo_point_2d":{"lon":11.350359858756736,"lat":44.533978222460505},"tipo_di_area":"GIARDINO","nome":"GIARDINO DON BEDETTI","quartiere":"Navile","ubicazione":"Via Don Bedetti"}},{"type":"Feature","geometry":{"coordinates":[11.336294212160377,44.50217771830339],"type":"Point"},"properties":{"geo_point_2d":{"lon":11.336294212160377,"lat":44.50217771830339},"tipo_di_area":"GIARDINO","nome":"GIARDINO DEL CAVATICCIO","quartiere":"Porto - Saragozza","ubicazione":"Via Azzo Gardino - Rosselli"}},{"type":"Feature","geometry":{"coordinates":[11.337927492735467,44.51643626783425],"type":"Point"},"properties":{"geo_point_2d":{"lon":11.337927492735467,"lat":44.51643626783425},"tipo_di_area":"GIARDINO","nome":"G.NO DONATORI DI SANGUE","quartiere":"Navile","ubicazione":"Via del Battiferro"}},{"type":"Feature","geometry":{"coordinates":[11.35613004224138,44.54055777882669],"type":"Point"},"properties":{"geo_point_2d":{"lon":11.35613004224138,"lat":44.54055777882669},"tipo_di_area":null,"nome":null,"quartiere":null,"ubicazione":null}},{"type":"Feature","geometry":{"coordinates":[11.356755550594178,44.53869379194814],"type":"Point"},"properties":{"geo_point_2d":{"lon":11.356755550594178,"lat":44.53869379194814},"tipo_di_area":"GIARDINO","nome":"GIARDINO CORTICELLA - STENDHAL","quartiere":"Navile","ubicazione":"Via Corticella"}},{"type":"Feature","geometry":{"coordinates":[11.394927501075982,44.47599851158257],"type":"Point"},"properties":{"geo_point_2d":{"lon":11.394927501075982,"lat":44.47599851158257},"tipo_di_area":"PARCO","nome":"AREA VIA DOZZA","quartiere":"Savena","ubicazione":"via Dozza"}},{"type":"Feature","geometry":{"coordinates":[11.336456003070774,44.502491432487545],"type":"Point"},"properties":{"geo_point_2d":{"lon":11.336456003070774,"lat":44.502491432487545},"tipo_di_area":"GIARDINO","nome":"GIARDINO DEL CAVATICCIO","quartiere":"Porto - Saragozza","ubicazione":"Via del Porto - Rosselli"}},{"type":"Feature","geometry":{"coordinates":[11.395400172331144,44.47644641563658],"type":"Point"},"properties":{"geo_point_2d":{"lon":11.395400172331144,"lat":44.47644641563658},"tipo_di_area":"PARCO","nome":"AREA VIA DOZZA","quartiere":"Savena","ubicazione":"via Dozza"}},{"type":"Feature","geometry":{"coordinates":[11.277354855907017,44.51735058379586],"type":"Point"},"properties":{"geo_point_2d":{"lon":11.277354855907017,"lat":44.51735058379586},"tipo_di_area":"PARCO","nome":"PARCO DEI PLATANI","quartiere":"Borgo Panigale - Reno","ubicazione":"via Miliani"}},{"type":"Feature","geometry":{"coordinates":[11.321468451315331,44.49046416363974],"type":"Point"},"properties":{"geo_point_2d":{"lon":11.321468451315331,"lat":44.49046416363974},"tipo_di_area":"GIARDINO","nome":"CENTRO SOCIALE 2 AGOSTO","quartiere":"Porto - Saragozza","ubicazione":"via Turati"}},{"type":"Feature","geometry":{"coordinates":[11.264208117775695,44.52347873559308],"type":"Point"},"properties":{"geo_point_2d":{"lon":11.264208117775695,"lat":44.52347873559308},"tipo_di_area":"VERDE D'ARREDO","nome":"AREE VIA NORMANDIA","quartiere":"Borgo Panigale - Reno","ubicazione":"Via Normandia"}},{"type":"Feature","geometry":{"coordinates":[11.291711713266377,44.49577353855292],"type":"Point"},"properties":{"geo_point_2d":{"lon":11.291711713266377,"lat":44.49577353855292},"tipo_di_area":"VERDE D'ARREDO","nome":"VIA DELLA BARCA 44","quartiere":"Borgo Panigale - Reno","ubicazione":"Via della Barca"}},{"type":"Feature","geometry":{"coordinates":[11.35240948535971,44.53485072205202],"type":"Point"},"properties":{"geo_point_2d":{"lon":11.35240948535971,"lat":44.53485072205202},"tipo_di_area":"GIARDINO","nome":"CENTRO SOCIALE CROCE COPERTA","quartiere":"Navile","ubicazione":"Via Papini"}},{"type":"Feature","geometry":{"coordinates":[11.348200397048757,44.540430151984225],"type":"Point"},"properties":{"geo_point_2d":{"lon":11.348200397048757,"lat":44.540430151984225},"tipo_di_area":"PARCO","nome":"PERCORSO LUNGONAVILE","quartiere":"Navile","ubicazione":"Via Yuri Gagarin - Via dei Terraioli"}},{"type":"Feature","geometry":{"coordinates":[11.39400114204267,44.508423493943944],"type":"Point"},"properties":{"geo_point_2d":{"lon":11.39400114204267,"lat":44.508423493943944},"tipo_di_area":"VERDE D'ARREDO","nome":"AREA VIA LARGA","quartiere":"San Donato - San Vitale","ubicazione":"Via Larga"}},{"type":"Feature","geometry":{"coordinates":[11.371901020179811,44.51077938644755],"type":"Point"},"properties":{"geo_point_2d":{"lon":11.371901020179811,"lat":44.51077938644755},"tipo_di_area":null,"nome":null,"quartiere":null,"ubicazione":null}},{"type":"Feature","geometry":{"coordinates":[11.297438072619052,44.5177971746636],"type":"Point"},"properties":{"geo_point_2d":{"lon":11.297438072619052,"lat":44.5177971746636},"tipo_di_area":null,"nome":null,"quartiere":null,"ubicazione":null}},{"type":"Feature","geometry":{"coordinates":[11.352866351102183,44.52429335771293],"type":"Point"},"properties":{"geo_point_2d":{"lon":11.352866351102183,"lat":44.52429335771293},"tipo_di_area":"GIARDINO","nome":"GIARDINO SALICETO BOSCAFIN","quartiere":"Navile","ubicazione":"Via di Saliceto"}},{"type":"Feature","geometry":{"coordinates":[11.395869550444138,44.490951877760104],"type":"Point"},"properties":{"geo_point_2d":{"lon":11.395869550444138,"lat":44.490951877760104},"tipo_di_area":"GIARDINO","nome":"AREA VERDE VIA RIVANI","quartiere":"San Donato - San Vitale","ubicazione":"Via Giuseppe Rivani 11"}},{"type":"Feature","geometry":{"coordinates":[11.316964591120623,44.53302787296108],"type":"Point"},"properties":{"geo_point_2d":{"lon":11.316964591120623,"lat":44.53302787296108},"tipo_di_area":"GIARDINO","nome":"GIARDINO NOCE CAPOLINEA","quartiere":"Navile","ubicazione":"Via Zanardi"}},{"type":"Feature","geometry":{"coordinates":[11.284945691058413,44.511081929383444],"type":"Point"},"properties":{"geo_point_2d":{"lon":11.284945691058413,"lat":44.511081929383444},"tipo_di_area":"GIARDINO","nome":"GIARDINO I. NAGY","quartiere":"Borgo Panigale - Reno","ubicazione":"Via della pietra"}},{"type":"Feature","geometry":{"coordinates":[11.317683713002971,44.52900251958551],"type":"Point"},"properties":{"geo_point_2d":{"lon":11.317683713002971,"lat":44.52900251958551},"tipo_di_area":null,"nome":null,"quartiere":null,"ubicazione":null}},{"type":"Feature","geometry":{"coordinates":[11.401322108160933,44.49066247085084],"type":"Point"},"properties":{"geo_point_2d":{"lon":11.401322108160933,"lat":44.49066247085084},"tipo_di_area":"GIARDINO","nome":"GIARDINO PALLAVICINI","quartiere":"San Donato - San Vitale","ubicazione":"Via Martiri Croce del Biacco"}},{"type":"Feature","geometry":{"coordinates":[11.315616598145953,44.485108950543854],"type":"Point"},"properties":{"geo_point_2d":{"lon":11.315616598145953,"lat":44.485108950543854},"tipo_di_area":"GIARDINO","nome":"PARCO FELICE BATTAGLIA","quartiere":"Porto - Saragozza","ubicazione":"Via Felice Battaglia"}},{"type":"Feature","geometry":{"coordinates":[11.281293002046377,44.50688049298594],"type":"Point"},"properties":{"geo_point_2d":{"lon":11.281293002046377,"lat":44.50688049298594},"tipo_di_area":"PARCO","nome":"PARCO GIOCO DEL MONDO","quartiere":"Borgo Panigale - Reno","ubicazione":"Viale Salvemini 11"}},{"type":"Feature","geometry":{"coordinates":[11.389538038188693,44.499275388657196],"type":"Point"},"properties":{"geo_point_2d":{"lon":11.389538038188693,"lat":44.499275388657196},"tipo_di_area":"PARCO","nome":"PARCO CAMPAGNA VIA LARGA","quartiere":"San Donato - San Vitale","ubicazione":"Via del Carpentiere"}},{"type":"Feature","geometry":{"coordinates":[11.387924648181029,44.48903149056901],"type":"Point"},"properties":{"geo_point_2d":{"lon":11.387924648181029,"lat":44.48903149056901},"tipo_di_area":"GIARDINO","nome":"G.NO CASA DI RIPOSO NOTTURNO \"MADRE TERESA DI CALCUTTA\"","quartiere":"Savena","ubicazione":"Viale Lenin 20"}},{"type":"Feature","geometry":{"coordinates":[11.293957591435158,44.50948459611632],"type":"Point"},"properties":{"geo_point_2d":{"lon":11.293957591435158,"lat":44.50948459611632},"tipo_di_area":null,"nome":null,"quartiere":null,"ubicazione":null}},{"type":"Feature","geometry":{"coordinates":[11.299969491265978,44.49510447732796],"type":"Point"},"properties":{"geo_point_2d":{"lon":11.299969491265978,"lat":44.49510447732796},"tipo_di_area":"VERDE D'ARREDO","nome":"PARCO NICHOLAS GREEN ( EX  VILLA CONTRI)","quartiere":"Borgo Panigale - Reno","ubicazione":"Via della Certosa"}},{"type":"Feature","geometry":{"coordinates":[11.357747119207502,44.509889621306925],"type":"Point"},"properties":{"geo_point_2d":{"lon":11.357747119207502,"lat":44.509889621306925},"tipo_di_area":"VERDE D'ARREDO","nome":"GIARDINO PAOLO LACCHINI","quartiere":"San Donato - San Vitale","ubicazione":"Via Serena"}},{"type":"Feature","geometry":{"coordinates":[11.29676447290737,44.49625596055081],"type":"Point"},"properties":{"geo_point_2d":{"lon":11.29676447290737,"lat":44.49625596055081},"tipo_di_area":"GIARDINO","nome":"GIARDINO GIANGUIDO BORGHESE","quartiere":"Borgo Panigale - Reno","ubicazione":"Via Gianguido Borghese"}},{"type":"Feature","geometry":{"coordinates":[11.360643082476903,44.49535983895741],"type":"Point"},"properties":{"geo_point_2d":{"lon":11.360643082476903,"lat":44.49535983895741},"tipo_di_area":"PARCO","nome":"NUOVA","quartiere":"SAN DONATO - SAN VITALE","ubicazione":null}},{"type":"Feature","geometry":{"coordinates":[11.378928737835148,44.46084313611367],"type":"Point"},"properties":{"geo_point_2d":{"lon":11.378928737835148,"lat":44.46084313611367},"tipo_di_area":"PARCO","nome":"NUOVA","quartiere":null,"ubicazione":null}},{"type":"Feature","geometry":{"coordinates":[11.383963991440343,44.46731966726648],"type":"Point"},"properties":{"geo_point_2d":{"lon":11.383963991440343,"lat":44.46731966726648},"tipo_di_area":null,"nome":null,"quartiere":null,"ubicazione":null}},{"type":"Feature","geometry":{"coordinates":[11.384347840503088,44.46917720176023],"type":"Point"},"properties":{"geo_point_2d":{"lon":11.384347840503088,"lat":44.46917720176023},"tipo_di_area":null,"nome":null,"quartiere":null,"ubicazione":null}},{"type":"Feature","geometry":{"coordinates":[11.338731900974757,44.51098667042655],"type":"Point"},"properties":{"geo_point_2d":{"lon":11.338731900974757,"lat":44.51098667042655},"tipo_di_area":null,"nome":null,"quartiere":null,"ubicazione":null}},{"type":"Feature","geometry":{"coordinates":[11.325188122518178,44.515890934083714],"type":"Point"},"properties":{"geo_point_2d":{"lon":11.325188122518178,"lat":44.515890934083714},"tipo_di_area":null,"nome":null,"quartiere":null,"ubicazione":null}},{"type":"Feature","geometry":{"coordinates":[11.326057507655243,44.515046388522],"type":"Point"},"properties":{"geo_point_2d":{"lon":11.326057507655243,"lat":44.515046388522},"tipo_di_area":null,"nome":null,"quartiere":null,"ubicazione":null}},{"type":"Feature","geometry":{"coordinates":[11.32083964435944,44.522123144725846],"type":"Point"},"properties":{"geo_point_2d":{"lon":11.32083964435944,"lat":44.522123144725846},"tipo_di_area":null,"nome":null,"quartiere":null,"ubicazione":null}},{"type":"Feature","geometry":{"coordinates":[11.320771335527242,44.52529368364755],"type":"Point"},"properties":{"geo_point_2d":{"lon":11.320771335527242,"lat":44.52529368364755},"tipo_di_area":null,"nome":null,"quartiere":null,"ubicazione":null}},{"type":"Feature","geometry":{"coordinates":[11.319604069545239,44.52775260754749],"type":"Point"},"properties":{"geo_point_2d":{"lon":11.319604069545239,"lat":44.52775260754749},"tipo_di_area":null,"nome":null,"quartiere":null,"ubicazione":null}},{"type":"Feature","geometry":{"coordinates":[11.351525252573115,44.54142912248488],"type":"Point"},"properties":{"geo_point_2d":{"lon":11.351525252573115,"lat":44.54142912248488},"tipo_di_area":null,"nome":null,"quartiere":null,"ubicazione":null}},{"type":"Feature","geometry":{"coordinates":[11.351816535405874,44.53855238916532],"type":"Point"},"properties":{"geo_point_2d":{"lon":11.351816535405874,"lat":44.53855238916532},"tipo_di_area":null,"nome":null,"quartiere":null,"ubicazione":null}},{"type":"Feature","geometry":{"coordinates":[11.354347843380825,44.53827915383654],"type":"Point"},"properties":{"geo_point_2d":{"lon":11.354347843380825,"lat":44.53827915383654},"tipo_di_area":null,"nome":null,"quartiere":null,"ubicazione":null}},{"type":"Feature","geometry":{"coordinates":[11.369845409685645,44.530145745384786],"type":"Point"},"properties":{"geo_point_2d":{"lon":11.369845409685645,"lat":44.530145745384786},"tipo_di_area":null,"nome":null,"quartiere":null,"ubicazione":null}},{"type":"Feature","geometry":{"coordinates":[11.315409868436516,44.48916044606642],"type":"Point"},"properties":{"geo_point_2d":{"lon":11.315409868436516,"lat":44.48916044606642},"tipo_di_area":null,"nome":null,"quartiere":null,"ubicazione":null}},{"type":"Feature","geometry":{"coordinates":[11.314569204058449,44.48972011274842],"type":"Point"},"properties":{"geo_point_2d":{"lon":11.314569204058449,"lat":44.48972011274842},"tipo_di_area":null,"nome":null,"quartiere":null,"ubicazione":null}},{"type":"Feature","geometry":{"coordinates":[11.300882986162003,44.49013733999059],"type":"Point"},"properties":{"geo_point_2d":{"lon":11.300882986162003,"lat":44.49013733999059},"tipo_di_area":null,"nome":null,"quartiere":null,"ubicazione":null}},{"type":"Feature","geometry":{"coordinates":[11.358565404199629,44.50382460437803],"type":"Point"},"properties":{"geo_point_2d":{"lon":11.358565404199629,"lat":44.50382460437803},"tipo_di_area":null,"nome":null,"quartiere":null,"ubicazione":null}},{"type":"Feature","geometry":{"coordinates":[11.389371063724827,44.51432132001234],"type":"Point"},"properties":{"geo_point_2d":{"lon":11.389371063724827,"lat":44.51432132001234},"tipo_di_area":null,"nome":null,"quartiere":null,"ubicazione":null}},{"type":"Feature","geometry":{"coordinates":[11.396019920625706,44.51333660759307],"type":"Point"},"properties":{"geo_point_2d":{"lon":11.396019920625706,"lat":44.51333660759307},"tipo_di_area":null,"nome":null,"quartiere":null,"ubicazione":null}},{"type":"Feature","geometry":{"coordinates":[11.292059439458905,44.50650997815095],"type":"Point"},"properties":{"geo_point_2d":{"lon":11.292059439458905,"lat":44.50650997815095},"tipo_di_area":null,"nome":null,"quartiere":null,"ubicazione":null}},{"type":"Feature","geometry":{"coordinates":[11.290852716169722,44.49937613809529],"type":"Point"},"properties":{"geo_point_2d":{"lon":11.290852716169722,"lat":44.49937613809529},"tipo_di_area":null,"nome":null,"quartiere":null,"ubicazione":null}},{"type":"Feature","geometry":{"coordinates":[11.304030822639387,44.49752570616773],"type":"Point"},"properties":{"geo_point_2d":{"lon":11.304030822639387,"lat":44.49752570616773},"tipo_di_area":null,"nome":null,"quartiere":null,"ubicazione":null}},{"type":"Feature","geometry":{"coordinates":[11.301093889175899,44.500773127157885],"type":"Point"},"properties":{"geo_point_2d":{"lon":11.301093889175899,"lat":44.500773127157885},"tipo_di_area":null,"nome":null,"quartiere":null,"ubicazione":null}},{"type":"Feature","geometry":{"coordinates":[11.302031905581952,44.49976875325933],"type":"Point"},"properties":{"geo_point_2d":{"lon":11.302031905581952,"lat":44.49976875325933},"tipo_di_area":null,"nome":null,"quartiere":null,"ubicazione":null}},{"type":"Feature","geometry":{"coordinates":[11.305059363772834,44.501979440832955],"type":"Point"},"properties":{"geo_point_2d":{"lon":11.305059363772834,"lat":44.501979440832955},"tipo_di_area":null,"nome":null,"quartiere":null,"ubicazione":null}},{"type":"Feature","geometry":{"coordinates":[11.314800397900482,44.50018041548136],"type":"Point"},"properties":{"geo_point_2d":{"lon":11.314800397900482,"lat":44.50018041548136},"tipo_di_area":null,"nome":null,"quartiere":null,"ubicazione":null}},{"type":"Feature","geometry":{"coordinates":[11.284975893880993,44.50826727327554],"type":"Point"},"properties":{"geo_point_2d":{"lon":11.284975893880993,"lat":44.50826727327554},"tipo_di_area":null,"nome":null,"quartiere":null,"ubicazione":null}},{"type":"Feature","geometry":{"coordinates":[11.278036014538118,44.49749426847018],"type":"Point"},"properties":{"geo_point_2d":{"lon":11.278036014538118,"lat":44.49749426847018},"tipo_di_area":null,"nome":null,"quartiere":null,"ubicazione":null}},{"type":"Feature","geometry":{"coordinates":[11.277601330207327,44.49706695167041],"type":"Point"},"properties":{"geo_point_2d":{"lon":11.277601330207327,"lat":44.49706695167041},"tipo_di_area":null,"nome":null,"quartiere":null,"ubicazione":null}},{"type":"Feature","geometry":{"coordinates":[11.28194750373973,44.49757665086261],"type":"Point"},"properties":{"geo_point_2d":{"lon":11.28194750373973,"lat":44.49757665086261},"tipo_di_area":null,"nome":null,"quartiere":null,"ubicazione":null}},{"type":"Feature","geometry":{"coordinates":[11.293937155828475,44.51425406201337],"type":"Point"},"properties":{"geo_point_2d":{"lon":11.293937155828475,"lat":44.51425406201337},"tipo_di_area":null,"nome":null,"quartiere":null,"ubicazione":null}},{"type":"Feature","geometry":{"coordinates":[11.356253742610555,44.51081978788998],"type":"Point"},"properties":{"geo_point_2d":{"lon":11.356253742610555,"lat":44.51081978788998},"tipo_di_area":null,"nome":null,"quartiere":null,"ubicazione":null}},{"type":"Feature","geometry":{"coordinates":[11.389853032987054,44.51375206524013],"type":"Point"},"properties":{"geo_point_2d":{"lon":11.389853032987054,"lat":44.51375206524013},"tipo_di_area":null,"nome":null,"quartiere":null,"ubicazione":null}},{"type":"Feature","geometry":{"coordinates":[11.390300443053269,44.513973091171046],"type":"Point"},"properties":{"geo_point_2d":{"lon":11.390300443053269,"lat":44.513973091171046},"tipo_di_area":null,"nome":null,"quartiere":null,"ubicazione":null}},{"type":"Feature","geometry":{"coordinates":[11.390988637429063,44.512409165265986],"type":"Point"},"properties":{"geo_point_2d":{"lon":11.390988637429063,"lat":44.512409165265986},"tipo_di_area":null,"nome":null,"quartiere":null,"ubicazione":null}},{"type":"Feature","geometry":{"coordinates":[11.3631738635748,44.548159439815656],"type":"Point"},"properties":{"geo_point_2d":{"lon":11.3631738635748,"lat":44.548159439815656},"tipo_di_area":null,"nome":null,"quartiere":null,"ubicazione":null}},{"type":"Feature","geometry":{"coordinates":[11.310013443424747,44.48333454360565],"type":"Point"},"properties":{"geo_point_2d":{"lon":11.310013443424747,"lat":44.48333454360565},"tipo_di_area":null,"nome":null,"quartiere":null,"ubicazione":null}},{"type":"Feature","geometry":{"coordinates":[11.311249849086764,44.48423472194246],"type":"Point"},"properties":{"geo_point_2d":{"lon":11.311249849086764,"lat":44.48423472194246},"tipo_di_area":null,"nome":null,"quartiere":null,"ubicazione":null}},{"type":"Feature","geometry":{"coordinates":[11.309574070665118,44.47744989563895],"type":"Point"},"properties":{"geo_point_2d":{"lon":11.309574070665118,"lat":44.47744989563895},"tipo_di_area":null,"nome":null,"quartiere":null,"ubicazione":null}},{"type":"Feature","geometry":{"coordinates":[11.316682063670628,44.48687095850023],"type":"Point"},"properties":{"geo_point_2d":{"lon":11.316682063670628,"lat":44.48687095850023},"tipo_di_area":null,"nome":null,"quartiere":null,"ubicazione":null}},{"type":"Feature","geometry":{"coordinates":[11.329942949749903,44.510786299112915],"type":"Point"},"properties":{"geo_point_2d":{"lon":11.329942949749903,"lat":44.510786299112915},"tipo_di_area":null,"nome":null,"quartiere":null,"ubicazione":null}},{"type":"Feature","geometry":{"coordinates":[11.349902930862418,44.54081819747574],"type":"Point"},"properties":{"geo_point_2d":{"lon":11.349902930862418,"lat":44.54081819747574},"tipo_di_area":null,"nome":null,"quartiere":null,"ubicazione":null}},{"type":"Feature","geometry":{"coordinates":[11.321077800593654,44.47736148526682],"type":"Point"},"properties":{"geo_point_2d":{"lon":11.321077800593654,"lat":44.47736148526682},"tipo_di_area":null,"nome":null,"quartiere":null,"ubicazione":null}},{"type":"Feature","geometry":{"coordinates":[11.276630698653316,44.518380840648355],"type":"Point"},"properties":{"geo_point_2d":{"lon":11.276630698653316,"lat":44.518380840648355},"tipo_di_area":null,"nome":null,"quartiere":null,"ubicazione":null}},{"type":"Feature","geometry":{"coordinates":[11.318875786696248,44.52160580991327],"type":"Point"},"properties":{"geo_point_2d":{"lon":11.318875786696248,"lat":44.52160580991327},"tipo_di_area":null,"nome":null,"quartiere":null,"ubicazione":null}},{"type":"Feature","geometry":{"coordinates":[11.320571658384432,44.52087173591238],"type":"Point"},"properties":{"geo_point_2d":{"lon":11.320571658384432,"lat":44.52087173591238},"tipo_di_area":null,"nome":null,"quartiere":null,"ubicazione":null}},{"type":"Feature","geometry":{"coordinates":[11.298903718521785,44.49106640262747],"type":"Point"},"properties":{"geo_point_2d":{"lon":11.298903718521785,"lat":44.49106640262747},"tipo_di_area":"GIARDINO","nome":"GIARDINO DEL GHISELLO (EX GIARDINO CALDA)","quartiere":"Borgo Panigale - Reno","ubicazione":"via Treves"}},{"type":"Feature","geometry":{"coordinates":[11.35588758349315,44.48423099476946],"type":"Point"},"properties":{"geo_point_2d":{"lon":11.35588758349315,"lat":44.48423099476946},"tipo_di_area":"PARCO","nome":"NUOVA","quartiere":null,"ubicazione":null}},{"type":"Feature","geometry":{"coordinates":[11.349221977236903,44.484981143383514],"type":"Point"},"properties":{"geo_point_2d":{"lon":11.349221977236903,"lat":44.484981143383514},"tipo_di_area":"PARCO","nome":"NUOVA","quartiere":null,"ubicazione":null}},{"type":"Feature","geometry":{"coordinates":[11.377996671582212,44.4743057978322],"type":"Point"},"properties":{"geo_point_2d":{"lon":11.377996671582212,"lat":44.4743057978322},"tipo_di_area":null,"nome":null,"quartiere":null,"ubicazione":null}},{"type":"Feature","geometry":{"coordinates":[11.301449566481741,44.49955478953801],"type":"Point"},"properties":{"geo_point_2d":{"lon":11.301449566481741,"lat":44.49955478953801},"tipo_di_area":null,"nome":null,"quartiere":null,"ubicazione":null}},{"type":"Feature","geometry":{"coordinates":[11.335989311258182,44.49491342288726],"type":"Point"},"properties":{"geo_point_2d":{"lon":11.335989311258182,"lat":44.49491342288726},"tipo_di_area":"GIARDINO","nome":"GIARDINO CHIESA S.FRANCESCO","quartiere":"Porto - Saragozza","ubicazione":"Piazza San Francesco"}},{"type":"Feature","geometry":{"coordinates":[11.344100412760552,44.526343204506276],"type":"Point"},"properties":{"geo_point_2d":{"lon":11.344100412760552,"lat":44.526343204506276},"tipo_di_area":"GIARDINO","nome":"VIA MARTIRI DI MONTE SOLE","quartiere":"Navile","ubicazione":"Via Martiri di Monte Sole"}},{"type":"Feature","geometry":{"coordinates":[11.355448210733494,44.48189481765715],"type":"Point"},"properties":{"geo_point_2d":{"lon":11.355448210733494,"lat":44.48189481765715},"tipo_di_area":"PARCO","nome":"NUOVA","quartiere":null,"ubicazione":null}},{"type":"Feature","geometry":{"coordinates":[11.357351110764327,44.46204937177427],"type":"Point"},"properties":{"geo_point_2d":{"lon":11.357351110764327,"lat":44.46204937177427},"tipo_di_area":"PARCO","nome":"GIARDINO MONTE DONATO","quartiere":"Savena","ubicazione":"Via Monte Donato"}},{"type":"Feature","geometry":{"coordinates":[11.314520343628397,44.502923188988156],"type":"Point"},"properties":{"geo_point_2d":{"lon":11.314520343628397,"lat":44.502923188988156},"tipo_di_area":"GIARDINO","nome":"G.NO VITTIME INNOCENTI DI TUTTE LE MAFIE","quartiere":"Porto - Saragozza","ubicazione":"Via Baracca"}},{"type":"Feature","geometry":{"coordinates":[11.340156722919222,44.487240715287776],"type":"Point"},"properties":{"geo_point_2d":{"lon":11.340156722919222,"lat":44.487240715287776},"tipo_di_area":"VERDE D'ARREDO","nome":"G.NO SC.  LAVINIA FONTANA","quartiere":"Santo Stefano","ubicazione":"via D'Azeglio 81 - via Paglietta 15"}},{"type":"Feature","geometry":{"coordinates":[11.328997730321621,44.50184369728688],"type":"Point"},"properties":{"geo_point_2d":{"lon":11.328997730321621,"lat":44.50184369728688},"tipo_di_area":"VERDE D'ARREDO","nome":"GIARDINO PIERFRANCESCO LORUSSO","quartiere":"Porto - Saragozza","ubicazione":"Via dello Scalo"}},{"type":"Feature","geometry":{"coordinates":[11.356825336064924,44.54211614621008],"type":"Point"},"properties":{"geo_point_2d":{"lon":11.356825336064924,"lat":44.54211614621008},"tipo_di_area":"GIARDINO","nome":"GIARDINO MARESCALCHI","quartiere":"Navile","ubicazione":"Via Stoppato"}},{"type":"Feature","geometry":{"coordinates":[11.284250842162503,44.491550487599],"type":"Point"},"properties":{"geo_point_2d":{"lon":11.284250842162503,"lat":44.491550487599},"tipo_di_area":"VERDE D'ARREDO","nome":"GIARDINO G. HORN D' ARTURO","quartiere":"Borgo Panigale - Reno","ubicazione":"Via Masaccio"}},{"type":"Feature","geometry":{"coordinates":[11.30828814917784,44.504415462115865],"type":"Point"},"properties":{"geo_point_2d":{"lon":11.30828814917784,"lat":44.504415462115865},"tipo_di_area":"GIARDINO","nome":"GIARDINO MAGGIORE","quartiere":"Borgo Panigale - Reno","ubicazione":"Via Beretta Rossa"}},{"type":"Feature","geometry":{"coordinates":[11.379445905556215,44.47408146541736],"type":"Point"},"properties":{"geo_point_2d":{"lon":11.379445905556215,"lat":44.47408146541736},"tipo_di_area":null,"nome":null,"quartiere":null,"ubicazione":null}},{"type":"Feature","geometry":{"coordinates":[11.392799943783821,44.51100979440788],"type":"Point"},"properties":{"geo_point_2d":{"lon":11.392799943783821,"lat":44.51100979440788},"tipo_di_area":null,"nome":null,"quartiere":null,"ubicazione":null}},{"type":"Feature","geometry":{"coordinates":[11.372002690929062,44.50519774885206],"type":"Point"},"properties":{"geo_point_2d":{"lon":11.372002690929062,"lat":44.50519774885206},"tipo_di_area":"GIARDINO","nome":"GIARDINO PIU","quartiere":"San Donato - San Vitale","ubicazione":"Via Andreini"}},{"type":"Feature","geometry":{"coordinates":[11.347641862331786,44.50157225301955],"type":"Point"},"properties":{"geo_point_2d":{"lon":11.347641862331786,"lat":44.50157225301955},"tipo_di_area":"VERDE D'ARREDO","nome":"CENTRO ANZIANI VIA DEL PALLONE","quartiere":"Santo Stefano","ubicazione":"Via del Pallone, 8"}},{"type":"Feature","geometry":{"coordinates":[11.36065758798673,44.527406931967484],"type":"Point"},"properties":{"geo_point_2d":{"lon":11.36065758798673,"lat":44.527406931967484},"tipo_di_area":"VERDE D'ARREDO","nome":"PARCO DOZZA","quartiere":"Navile","ubicazione":"Via Andrea da Formigine"}},{"type":"Feature","geometry":{"coordinates":[11.38751383494715,44.51197181959894],"type":"Point"},"properties":{"geo_point_2d":{"lon":11.38751383494715,"lat":44.51197181959894},"tipo_di_area":"VERDE D'ARREDO","nome":"VERDE VIA S.DONATO 177-177\/5A","quartiere":"San Donato - San Vitale","ubicazione":"Via San Donato, 177"}},{"type":"Feature","geometry":{"coordinates":[11.296975072802544,44.49708721121529],"type":"Point"},"properties":{"geo_point_2d":{"lon":11.296975072802544,"lat":44.49708721121529},"tipo_di_area":"VERDE D'ARREDO","nome":"GIARDINO GIANGUIDO BORGHESE","quartiere":"Borgo Panigale - Reno","ubicazione":"Via Gianguido Borghese"}},{"type":"Feature","geometry":{"coordinates":[11.415789795465964,44.51235793423425],"type":"Point"},"properties":{"geo_point_2d":{"lon":11.415789795465964,"lat":44.51235793423425},"tipo_di_area":"VERDE D'ARREDO","nome":"VERDE NUOVO LINK","quartiere":"San Donato - San Vitale","ubicazione":"Via Francesco Fantoni"}},{"type":"Feature","geometry":{"coordinates":[11.281249597618501,44.493045619278924],"type":"Point"},"properties":{"geo_point_2d":{"lon":11.281249597618501,"lat":44.493045619278924},"tipo_di_area":null,"nome":null,"quartiere":null,"ubicazione":null}},{"type":"Feature","geometry":{"coordinates":[11.334091608568363,44.521649139660205],"type":"Point"},"properties":{"geo_point_2d":{"lon":11.334091608568363,"lat":44.521649139660205},"tipo_di_area":"VERDE D'ARREDO","nome":"MUSEO DEL PATRIMONIO INDUSTRIALE - EX FORNACE GALLOTTI","quartiere":"Navile","ubicazione":"Via Beverara"}},{"type":"Feature","geometry":{"coordinates":[11.350650989269106,44.51363872243677],"type":"Point"},"properties":{"geo_point_2d":{"lon":11.350650989269106,"lat":44.51363872243677},"tipo_di_area":"GIARDINO","nome":"GIARDINO  MUSEO MEMORIA","quartiere":"Navile","ubicazione":"Via di Saliceto 3\/Via Ferrarese 24\/9"}},{"type":"Feature","geometry":{"coordinates":[11.392735634362097,44.51162605889826],"type":"Point"},"properties":{"geo_point_2d":{"lon":11.392735634362097,"lat":44.51162605889826},"tipo_di_area":null,"nome":null,"quartiere":null,"ubicazione":null}},{"type":"Feature","geometry":{"coordinates":[11.354137286777013,44.48542832709696],"type":"Point"},"properties":{"geo_point_2d":{"lon":11.354137286777013,"lat":44.48542832709696},"tipo_di_area":"GIARDINO","nome":"GIARDINO S. TERESA VERZERI (EX PIAZZA DEL BARACCANO)","quartiere":"Santo Stefano","ubicazione":"Piazza del Baraccano 6"}},{"type":"Feature","geometry":{"coordinates":[11.385025660410722,44.49873153787014],"type":"Point"},"properties":{"geo_point_2d":{"lon":11.385025660410722,"lat":44.49873153787014},"tipo_di_area":"CORPO IDRICO (laghetti, ruscelli, e fossi in collina)","nome":"PARCO SCANDELLARA","quartiere":"San Donato - San Vitale","ubicazione":"Via Scandellara 54"}},{"type":"Feature","geometry":{"coordinates":[11.362000110548294,44.487875398759314],"type":"Point"},"properties":{"geo_point_2d":{"lon":11.362000110548294,"lat":44.487875398759314},"tipo_di_area":"VERDE D'ARREDO","nome":"G.NO PADRE E. CAROLI (EX PIAZZA TRENTO TRIESTE)","quartiere":"Santo Stefano","ubicazione":"Piazza Trento Trieste"}},{"type":"Feature","geometry":{"coordinates":[11.335208154568667,44.50143629141458],"type":"Point"},"properties":{"geo_point_2d":{"lon":11.335208154568667,"lat":44.50143629141458},"tipo_di_area":"VERDE D'ARREDO","nome":"CENTRO SOCIALE G.COSTA","quartiere":"Porto - Saragozza","ubicazione":"Via Azzo Giardino"}},{"type":"Feature","geometry":{"coordinates":[11.290900305298875,44.49977618764749],"type":"Point"},"properties":{"geo_point_2d":{"lon":11.290900305298875,"lat":44.49977618764749},"tipo_di_area":"GIARDINO","nome":"PARCO DELCISA GALLARANI","quartiere":"Borgo Panigale - Reno","ubicazione":"Via Lino Gucci"}},{"type":"Feature","geometry":{"coordinates":[11.300892020519207,44.4944373222258],"type":"Point"},"properties":{"geo_point_2d":{"lon":11.300892020519207,"lat":44.4944373222258},"tipo_di_area":"VERDE SPORTIVO","nome":"CENTRO SPORTIVO NETTUNO","quartiere":"Borgo Panigale - Reno","ubicazione":"Via Fancelli"}},{"type":"Feature","geometry":{"coordinates":[11.355770824523095,44.51124204563114],"type":"Point"},"properties":{"geo_point_2d":{"lon":11.355770824523095,"lat":44.51124204563114},"tipo_di_area":null,"nome":null,"quartiere":null,"ubicazione":null}},{"type":"Feature","geometry":{"coordinates":[11.369161720950208,44.4964271917455],"type":"Point"},"properties":{"geo_point_2d":{"lon":11.369161720950208,"lat":44.4964271917455},"tipo_di_area":"VERDE D'ARREDO","nome":"G.NO PADRE GIOVANNI BREVI","quartiere":"San Donato - San Vitale","ubicazione":"Via Sante Vincenzi"}},{"type":"Feature","geometry":{"coordinates":[11.370484859168553,44.496608498072234],"type":"Point"},"properties":{"geo_point_2d":{"lon":11.370484859168553,"lat":44.496608498072234},"tipo_di_area":"GIARDINO","nome":"G.NO PADRE GIOVANNI BREVI","quartiere":"San Donato - San Vitale","ubicazione":"Via Sante Vincenzi"}},{"type":"Feature","geometry":{"coordinates":[11.359908298238942,44.50959783670548],"type":"Point"},"properties":{"geo_point_2d":{"lon":11.359908298238942,"lat":44.50959783670548},"tipo_di_area":"GIARDINO","nome":"GIARDINO BELLETTINI","quartiere":"San Donato - San Vitale","ubicazione":"Via Athos Bellettini"}},{"type":"Feature","geometry":{"coordinates":[11.387794125685161,44.4993356394213],"type":"Point"},"properties":{"geo_point_2d":{"lon":11.387794125685161,"lat":44.4993356394213},"tipo_di_area":"PARCO","nome":"PARCO CAMPAGNA VIA LARGA","quartiere":"San Donato - San Vitale","ubicazione":"Via del Carpentiere"}},{"type":"Feature","geometry":{"coordinates":[11.388016358564027,44.48389279494584],"type":"Point"},"properties":{"geo_point_2d":{"lon":11.388016358564027,"lat":44.48389279494584},"tipo_di_area":"PARCO","nome":"AREA VIA NERUDA","quartiere":"Savena","ubicazione":"via Allende"}},{"type":"Feature","geometry":{"coordinates":[11.359837231785699,44.50831346024829],"type":"Point"},"properties":{"geo_point_2d":{"lon":11.359837231785699,"lat":44.50831346024829},"tipo_di_area":"GIARDINO","nome":"GIARDINO PAOLO LACCHINI","quartiere":"San Donato - San Vitale","ubicazione":"Via Serena\/Viale della Repubblica"}},{"type":"Feature","geometry":{"coordinates":[11.39079138594342,44.483576230081574],"type":"Point"},"properties":{"geo_point_2d":{"lon":11.39079138594342,"lat":44.483576230081574},"tipo_di_area":"PARCO","nome":"GIARDINO AREA CARLO MARX","quartiere":"Savena","ubicazione":"Via Carlo Marx"}},{"type":"Feature","geometry":{"coordinates":[11.389687865564378,44.485228011689046],"type":"Point"},"properties":{"geo_point_2d":{"lon":11.389687865564378,"lat":44.485228011689046},"tipo_di_area":"PARCO","nome":"AREA V.LI LENIN-MARX","quartiere":"Savena","ubicazione":"viali Lenin -marx"}},{"type":"Feature","geometry":{"coordinates":[11.357568075824899,44.537836636086006],"type":"Point"},"properties":{"geo_point_2d":{"lon":11.357568075824899,"lat":44.537836636086006},"tipo_di_area":"VERDE D'ARREDO","nome":"GIARDINO CORTICELLA - STENDHAL","quartiere":"Navile","ubicazione":"Via Corticella"}},{"type":"Feature","geometry":{"coordinates":[11.372457058162018,44.47678820289322],"type":"Point"},"properties":{"geo_point_2d":{"lon":11.372457058162018,"lat":44.47678820289322},"tipo_di_area":null,"nome":null,"quartiere":null,"ubicazione":null}},{"type":"Feature","geometry":{"coordinates":[11.304906766075984,44.50549577161323],"type":"Point"},"properties":{"geo_point_2d":{"lon":11.304906766075984,"lat":44.50549577161323},"tipo_di_area":"VERDE D'ARREDO","nome":"G.NO DELLA FERRIERA","quartiere":"Borgo Panigale - Reno","ubicazione":"Via della Ferriera"}},{"type":"Feature","geometry":{"coordinates":[11.372155332342802,44.51733888964254],"type":"Point"},"properties":{"geo_point_2d":{"lon":11.372155332342802,"lat":44.51733888964254},"tipo_di_area":"VERDE D'ARREDO","nome":"AREA PREDIO GRANDE","quartiere":"San Donato - San Vitale","ubicazione":"Via Michelino N.133"}},{"type":"Feature","geometry":{"coordinates":[11.373283040682583,44.47869554470808],"type":"Point"},"properties":{"geo_point_2d":{"lon":11.373283040682583,"lat":44.47869554470808},"tipo_di_area":"GIARDINO","nome":"VIA DAGNINI-G.NO L.LERCARO","quartiere":"Santo Stefano","ubicazione":"Via Dagnini"}},{"type":"Feature","geometry":{"coordinates":[11.399454635084743,44.47072677241923],"type":"Point"},"properties":{"geo_point_2d":{"lon":11.399454635084743,"lat":44.47072677241923},"tipo_di_area":"PARCO","nome":"NUOVA","quartiere":null,"ubicazione":null}},{"type":"Feature","geometry":{"coordinates":[11.374406964826566,44.47996533982715],"type":"Point"},"properties":{"geo_point_2d":{"lon":11.374406964826566,"lat":44.47996533982715},"tipo_di_area":null,"nome":null,"quartiere":null,"ubicazione":null}},{"type":"Feature","geometry":{"coordinates":[11.360862939680898,44.54376053808514],"type":"Point"},"properties":{"geo_point_2d":{"lon":11.360862939680898,"lat":44.54376053808514},"tipo_di_area":"GIARDINO","nome":"GIARDINO GUIDO GRANDI (EX P.E.E.P. CORTICELLA)","quartiere":"Navile","ubicazione":"Via Shakespeare"}},{"type":"Feature","geometry":{"coordinates":[11.291837562918452,44.51963172925249],"type":"Point"},"properties":{"geo_point_2d":{"lon":11.291837562918452,"lat":44.51963172925249},"tipo_di_area":"GIARDINO","nome":"GIARDINO R.S.A.  VILLA CALVI","quartiere":"Borgo Panigale - Reno","ubicazione":"Via Calvi 5"}},{"type":"Feature","geometry":{"coordinates":[11.26571151432358,44.52286020763074],"type":"Point"},"properties":{"geo_point_2d":{"lon":11.26571151432358,"lat":44.52286020763074},"tipo_di_area":"GIARDINO","nome":"BIBLIOTECA BORGO PANIGALE","quartiere":"Borgo Panigale - Reno","ubicazione":"via Legnano"}},{"type":"Feature","geometry":{"coordinates":[11.317169075972206,44.498055470755745],"type":"Point"},"properties":{"geo_point_2d":{"lon":11.317169075972206,"lat":44.498055470755745},"tipo_di_area":"GIARDINO","nome":"GIARDINO GARIBALDINI DI SPAGNA","quartiere":"Porto - Saragozza","ubicazione":"Via Tolmino"}},{"type":"Feature","geometry":{"coordinates":[11.298117329922322,44.4923118411349],"type":"Point"},"properties":{"geo_point_2d":{"lon":11.298117329922322,"lat":44.4923118411349},"tipo_di_area":"VERDE D'ARREDO","nome":"P.ZZA BERNARDI - VIA BERGAMINI","quartiere":"Borgo Panigale - Reno","ubicazione":"Piazza Bernardii"}},{"type":"Feature","geometry":{"coordinates":[11.31163013670746,44.49081664861708],"type":"Point"},"properties":{"geo_point_2d":{"lon":11.31163013670746,"lat":44.49081664861708},"tipo_di_area":"GIARDINO","nome":"GIARDINO BANDIERA DE COUBERTIN","quartiere":"Porto - Saragozza","ubicazione":"via Bandiera"}},{"type":"Feature","geometry":{"coordinates":[11.39262199889054,44.4829955659027],"type":"Point"},"properties":{"geo_point_2d":{"lon":11.39262199889054,"lat":44.4829955659027},"tipo_di_area":"VERDE D'ARREDO","nome":"AREA VIA LINCOLN","quartiere":"Savena","ubicazione":"Via Lincoln"}},{"type":"Feature","geometry":{"coordinates":[11.311295245581217,44.49296825202642],"type":"Point"},"properties":{"geo_point_2d":{"lon":11.311295245581217,"lat":44.49296825202642},"tipo_di_area":"VERDE D'ARREDO","nome":"PIAZZA DELLA PACE","quartiere":"Porto - Saragozza","ubicazione":"Piazza della Pace"}},{"type":"Feature","geometry":{"coordinates":[11.361562792655823,44.52882300116733],"type":"Point"},"properties":{"geo_point_2d":{"lon":11.361562792655823,"lat":44.52882300116733},"tipo_di_area":"GIARDINO","nome":"PARCO DOZZA","quartiere":"Navile","ubicazione":"Via Andrea da Formigine"}},{"type":"Feature","geometry":{"coordinates":[11.334797041278858,44.52098625688315],"type":"Point"},"properties":{"geo_point_2d":{"lon":11.334797041278858,"lat":44.52098625688315},"tipo_di_area":"PARCO","nome":"PERCORSO LUNGONAVILE","quartiere":"Navile","ubicazione":"Via Yuri Gagarin - Via dei Terraioli"}},{"type":"Feature","geometry":{"coordinates":[11.385206574803448,44.51061496498536],"type":"Point"},"properties":{"geo_point_2d":{"lon":11.385206574803448,"lat":44.51061496498536},"tipo_di_area":"VERDE D'ARREDO","nome":"VERDE VIA S.DONATO 177-177\/5A","quartiere":"San Donato - San Vitale","ubicazione":"Via San Donato, 177"}},{"type":"Feature","geometry":{"coordinates":[11.400168083134073,44.513348076789555],"type":"Point"},"properties":{"geo_point_2d":{"lon":11.400168083134073,"lat":44.513348076789555},"tipo_di_area":null,"nome":null,"quartiere":null,"ubicazione":null}},{"type":"Feature","geometry":{"coordinates":[11.401840128098923,44.52332709673901],"type":"Point"},"properties":{"geo_point_2d":{"lon":11.401840128098923,"lat":44.52332709673901},"tipo_di_area":null,"nome":null,"quartiere":null,"ubicazione":null}},{"type":"Feature","geometry":{"coordinates":[11.29998180191842,44.49328805824831],"type":"Point"},"properties":{"geo_point_2d":{"lon":11.29998180191842,"lat":44.49328805824831},"tipo_di_area":"VERDE D'ARREDO","nome":"AREA VIA DELLA BARCA 9","quartiere":"Borgo Panigale - Reno","ubicazione":"Via della Barca 9"}},{"type":"Feature","geometry":{"coordinates":[11.361144940556677,44.528126613155045],"type":"Point"},"properties":{"geo_point_2d":{"lon":11.361144940556677,"lat":44.528126613155045},"tipo_di_area":"GIARDINO","nome":"PARCO DOZZA","quartiere":"Navile","ubicazione":"Via Andrea da Formigine"}},{"type":"Feature","geometry":{"coordinates":[11.35012037881376,44.45735764688559],"type":"Point"},"properties":{"geo_point_2d":{"lon":11.35012037881376,"lat":44.45735764688559},"tipo_di_area":"PARCO","nome":"PARCO JOLA CA BANDIERA","quartiere":"Savena","ubicazione":"Via Jola"}},{"type":"Feature","geometry":{"coordinates":[11.317322753477326,44.45364490262077],"type":"Point"},"properties":{"geo_point_2d":{"lon":11.317322753477326,"lat":44.45364490262077},"tipo_di_area":"PARCO","nome":"PARCO PADERNO","quartiere":"Santo Stefano","ubicazione":"Via Paderno"}},{"type":"Feature","geometry":{"coordinates":[11.33802675537339,44.52611970753365],"type":"Point"},"properties":{"geo_point_2d":{"lon":11.33802675537339,"lat":44.52611970753365},"tipo_di_area":"PARCO","nome":"PERCORSO LUNGONAVILE","quartiere":"Navile","ubicazione":"Via Yuri Gagarin - Via dei Terraioli"}},{"type":"Feature","geometry":{"coordinates":[11.395724917661429,44.49188917434499],"type":"Point"},"properties":{"geo_point_2d":{"lon":11.395724917661429,"lat":44.49188917434499},"tipo_di_area":"GIARDINO","nome":"AREA IACP VIA MATTEI","quartiere":"San Donato - San Vitale","ubicazione":"Via Enrico Mattei"}},{"type":"Feature","geometry":{"coordinates":[11.373335444194499,44.479132523303015],"type":"Point"},"properties":{"geo_point_2d":{"lon":11.373335444194499,"lat":44.479132523303015},"tipo_di_area":"PARCO","nome":"P.CO LUNETTA GAMBERINI","quartiere":"Santo Stefano","ubicazione":"Via degli Orti 60, Largo Lercaro, Via Nadi"}},{"type":"Feature","geometry":{"coordinates":[11.29405495324183,44.49095037689657],"type":"Point"},"properties":{"geo_point_2d":{"lon":11.29405495324183,"lat":44.49095037689657},"tipo_di_area":"PARCO","nome":"GIARDINO WILIGELMO CANALE RENO","quartiere":"Borgo Panigale - Reno","ubicazione":"Via Wiligelmo"}},{"type":"Feature","geometry":{"coordinates":[11.355178960962856,44.540305943220545],"type":"Point"},"properties":{"geo_point_2d":{"lon":11.355178960962856,"lat":44.540305943220545},"tipo_di_area":null,"nome":null,"quartiere":null,"ubicazione":null}},{"type":"Feature","geometry":{"coordinates":[11.358123086165739,44.543937844535336],"type":"Point"},"properties":{"geo_point_2d":{"lon":11.358123086165739,"lat":44.543937844535336},"tipo_di_area":null,"nome":null,"quartiere":null,"ubicazione":null}},{"type":"Feature","geometry":{"coordinates":[11.386568827202966,44.51133450388699],"type":"Point"},"properties":{"geo_point_2d":{"lon":11.386568827202966,"lat":44.51133450388699},"tipo_di_area":"VERDE D'ARREDO","nome":"VERDE VIA S.DONATO 177-177\/5A","quartiere":"San Donato - San Vitale","ubicazione":"Via San Donato, 177"}},{"type":"Feature","geometry":{"coordinates":[11.373108320778087,44.480779224038066],"type":"Point"},"properties":{"geo_point_2d":{"lon":11.373108320778087,"lat":44.480779224038066},"tipo_di_area":null,"nome":null,"quartiere":null,"ubicazione":null}},{"type":"Feature","geometry":{"coordinates":[11.38029083630758,44.48612987657775],"type":"Point"},"properties":{"geo_point_2d":{"lon":11.38029083630758,"lat":44.48612987657775},"tipo_di_area":"VERDE D'ARREDO","nome":"AREA VIA ROSELLE-VETULONIA","quartiere":"Savena","ubicazione":"via Roselle"}},{"type":"Feature","geometry":{"coordinates":[11.314120841974136,44.52178635782878],"type":"Point"},"properties":{"geo_point_2d":{"lon":11.314120841974136,"lat":44.52178635782878},"tipo_di_area":null,"nome":null,"quartiere":null,"ubicazione":null}},{"type":"Feature","geometry":{"coordinates":[11.34614033380686,44.47967189631624],"type":"Point"},"properties":{"geo_point_2d":{"lon":11.34614033380686,"lat":44.47967189631624},"tipo_di_area":"PARCO","nome":"PARCO   UMBERTO BAGNARESI","quartiere":"Santo Stefano","ubicazione":"Piazzale G. Bacchelli - Via Castiglione"}},{"type":"Feature","geometry":{"coordinates":[11.299389798566564,44.521345645518075],"type":"Point"},"properties":{"geo_point_2d":{"lon":11.299389798566564,"lat":44.521345645518075},"tipo_di_area":null,"nome":null,"quartiere":null,"ubicazione":null}},{"type":"Feature","geometry":{"coordinates":[11.341254192494779,44.522626707487596],"type":"Point"},"properties":{"geo_point_2d":{"lon":11.341254192494779,"lat":44.522626707487596},"tipo_di_area":"GIARDINO","nome":"AREA NOMADI VIA ERBOSA","quartiere":"Navile","ubicazione":"Via Erbosa"}},{"type":"Feature","geometry":{"coordinates":[11.391685310133242,44.48245430928],"type":"Point"},"properties":{"geo_point_2d":{"lon":11.391685310133242,"lat":44.48245430928},"tipo_di_area":"PARCO","nome":"AREA VIA LINCOLN","quartiere":"Savena","ubicazione":"Via Lincoln"}},{"type":"Feature","geometry":{"coordinates":[11.278401847258312,44.504737362032216],"type":"Point"},"properties":{"geo_point_2d":{"lon":11.278401847258312,"lat":44.504737362032216},"tipo_di_area":"VERDE D'ARREDO","nome":"AREA VIA EINAUDI-DE NICOLA","quartiere":"Borgo Panigale - Reno","ubicazione":"Via Luigi Einaudi"}},{"type":"Feature","geometry":{"coordinates":[11.370780374240175,44.479637851797904],"type":"Point"},"properties":{"geo_point_2d":{"lon":11.370780374240175,"lat":44.479637851797904},"tipo_di_area":"GIARDINO","nome":"VIA DAGNINI-G.NO L.LERCARO","quartiere":"Santo Stefano","ubicazione":"Via Dagnini"}},{"type":"Feature","geometry":{"coordinates":[11.391913288268345,44.47401776386129],"type":"Point"},"properties":{"geo_point_2d":{"lon":11.391913288268345,"lat":44.47401776386129},"tipo_di_area":"VERDE D'ARREDO","nome":"BIBLIOTECA GINZBURG","quartiere":"Savena","ubicazione":"via Genova"}},{"type":"Feature","geometry":{"coordinates":[11.398559696044774,44.49453517923508],"type":"Point"},"properties":{"geo_point_2d":{"lon":11.398559696044774,"lat":44.49453517923508},"tipo_di_area":"VERDE D'ARREDO","nome":"AREA IACP VIA MATTEI","quartiere":"San Donato - San Vitale","ubicazione":"Via Enrico Mattei"}},{"type":"Feature","geometry":{"coordinates":[11.39135288164971,44.5000055047512],"type":"Point"},"properties":{"geo_point_2d":{"lon":11.39135288164971,"lat":44.5000055047512},"tipo_di_area":"PARCO","nome":"PARCO VINCENZO TANARA","quartiere":"San Donato - San Vitale","ubicazione":"Via Larga"}},{"type":"Feature","geometry":{"coordinates":[11.396054489795072,44.49092769169198],"type":"Point"},"properties":{"geo_point_2d":{"lon":11.396054489795072,"lat":44.49092769169198},"tipo_di_area":"VERDE D'ARREDO","nome":"AREA IACP VIA MATTEI","quartiere":"San Donato - San Vitale","ubicazione":"Via Enrico Mattei"}},{"type":"Feature","geometry":{"coordinates":[11.376788191662165,44.46434949236628],"type":"Point"},"properties":{"geo_point_2d":{"lon":11.376788191662165,"lat":44.46434949236628},"tipo_di_area":"PARCO","nome":"GIARDINO EDMEA PIRAMI (EX AREA G.C.ABBA-A.MARIO-VECCHI CLEOFE)","quartiere":"Savena","ubicazione":"Via San Ruffillo"}},{"type":"Feature","geometry":{"coordinates":[11.398758656526413,44.4793100383045],"type":"Point"},"properties":{"geo_point_2d":{"lon":11.398758656526413,"lat":44.4793100383045},"tipo_di_area":"PARCO","nome":"AREA VIA C. CARLI","quartiere":"Savena","ubicazione":"via C. Carli"}},{"type":"Feature","geometry":{"coordinates":[11.354024019992304,44.53444775625697],"type":"Point"},"properties":{"geo_point_2d":{"lon":11.354024019992304,"lat":44.53444775625697},"tipo_di_area":"GIARDINO","nome":"Giardino Papini Corticella","quartiere":"Navile","ubicazione":"Via Giovanni Papini"}},{"type":"Feature","geometry":{"coordinates":[11.307629611969457,44.477831928448936],"type":"Point"},"properties":{"geo_point_2d":{"lon":11.307629611969457,"lat":44.477831928448936},"tipo_di_area":"PARCO","nome":"PARCO VILLA PUGLIOLI","quartiere":"Porto - Saragozza","ubicazione":"Via Casaglia"}},{"type":"Feature","geometry":{"coordinates":[11.314650815346559,44.42168928008001],"type":"Point"},"properties":{"geo_point_2d":{"lon":11.314650815346559,"lat":44.42168928008001},"tipo_di_area":"PARCO","nome":"GIARDINO MONUMENTO CADUTI DI SABBIUNO","quartiere":"Santo Stefano","ubicazione":"Via di Sabbiuno"}},{"type":"Feature","geometry":{"coordinates":[11.33951237478889,44.51649853172784],"type":"Point"},"properties":{"geo_point_2d":{"lon":11.33951237478889,"lat":44.51649853172784},"tipo_di_area":"GIARDINO","nome":"G.NO DONATORI DI SANGUE","quartiere":"Navile","ubicazione":"Via del Battiferro"}},{"type":"Feature","geometry":{"coordinates":[11.34640935179431,44.45382484092073],"type":"Point"},"properties":{"geo_point_2d":{"lon":11.34640935179431,"lat":44.45382484092073},"tipo_di_area":"PARCO","nome":"PARCO JOLA CA BANDIERA","quartiere":"Savena","ubicazione":"Via Jola"}},{"type":"Feature","geometry":{"coordinates":[11.341768836132681,44.489050953124924],"type":"Point"},"properties":{"geo_point_2d":{"lon":11.341768836132681,"lat":44.489050953124924},"tipo_di_area":"GIARDINO","nome":"GIARDINO E CORTILI EX MATERNITA","quartiere":"Santo Stefano","ubicazione":"via D'Azeglio"}},{"type":"Feature","geometry":{"coordinates":[11.383943676222561,44.511028431851464],"type":"Point"},"properties":{"geo_point_2d":{"lon":11.383943676222561,"lat":44.511028431851464},"tipo_di_area":null,"nome":null,"quartiere":null,"ubicazione":null}},{"type":"Feature","geometry":{"coordinates":[11.300077975916528,44.44363758181021],"type":"Point"},"properties":{"geo_point_2d":{"lon":11.300077975916528,"lat":44.44363758181021},"tipo_di_area":"PARCO","nome":"PARCO CAVAIONI","quartiere":"Santo Stefano","ubicazione":"Via Cavaioni"}},{"type":"Feature","geometry":{"coordinates":[11.34850258146272,44.52744008986565],"type":"Point"},"properties":{"geo_point_2d":{"lon":11.34850258146272,"lat":44.52744008986565},"tipo_di_area":"VERDE SPORTIVO","nome":"C.S.ARCOVEGGIO","quartiere":"Navile","ubicazione":"Via Arcoveggio"}},{"type":"Feature","geometry":{"coordinates":[11.39554339459831,44.47589896223626],"type":"Point"},"properties":{"geo_point_2d":{"lon":11.39554339459831,"lat":44.47589896223626},"tipo_di_area":"PARCO","nome":"AREA VIA DOZZA","quartiere":"Savena","ubicazione":"via Dozza"}},{"type":"Feature","geometry":{"coordinates":[11.389373521409732,44.51198856742169],"type":"Point"},"properties":{"geo_point_2d":{"lon":11.389373521409732,"lat":44.51198856742169},"tipo_di_area":null,"nome":null,"quartiere":null,"ubicazione":null}},{"type":"Feature","geometry":{"coordinates":[11.372578151091838,44.4797778786571],"type":"Point"},"properties":{"geo_point_2d":{"lon":11.372578151091838,"lat":44.4797778786571},"tipo_di_area":null,"nome":null,"quartiere":null,"ubicazione":null}},{"type":"Feature","geometry":{"coordinates":[11.34045728527089,44.50988516155604],"type":"Point"},"properties":{"geo_point_2d":{"lon":11.34045728527089,"lat":44.50988516155604},"tipo_di_area":"PARCO","nome":"NUOVA","quartiere":"NAVILE","ubicazione":null}},{"type":"Feature","geometry":{"coordinates":[11.379015676348851,44.460553987931874],"type":"Point"},"properties":{"geo_point_2d":{"lon":11.379015676348851,"lat":44.460553987931874},"tipo_di_area":"PARCO","nome":"NUOVA","quartiere":null,"ubicazione":null}},{"type":"Feature","geometry":{"coordinates":[11.339445262529182,44.51046038192396],"type":"Point"},"properties":{"geo_point_2d":{"lon":11.339445262529182,"lat":44.51046038192396},"tipo_di_area":null,"nome":null,"quartiere":null,"ubicazione":null}},{"type":"Feature","geometry":{"coordinates":[11.336845645722033,44.51478363238901],"type":"Point"},"properties":{"geo_point_2d":{"lon":11.336845645722033,"lat":44.51478363238901},"tipo_di_area":null,"nome":null,"quartiere":null,"ubicazione":null}},{"type":"Feature","geometry":{"coordinates":[11.334887976690194,44.51470678495279],"type":"Point"},"properties":{"geo_point_2d":{"lon":11.334887976690194,"lat":44.51470678495279},"tipo_di_area":null,"nome":null,"quartiere":null,"ubicazione":null}},{"type":"Feature","geometry":{"coordinates":[11.333379748724745,44.5169322556563],"type":"Point"},"properties":{"geo_point_2d":{"lon":11.333379748724745,"lat":44.5169322556563},"tipo_di_area":null,"nome":null,"quartiere":null,"ubicazione":null}},{"type":"Feature","geometry":{"coordinates":[11.327874289720674,44.51588064894706],"type":"Point"},"properties":{"geo_point_2d":{"lon":11.327874289720674,"lat":44.51588064894706},"tipo_di_area":null,"nome":null,"quartiere":null,"ubicazione":null}},{"type":"Feature","geometry":{"coordinates":[11.321824882828388,44.53531664635828],"type":"Point"},"properties":{"geo_point_2d":{"lon":11.321824882828388,"lat":44.53531664635828},"tipo_di_area":null,"nome":null,"quartiere":null,"ubicazione":null}},{"type":"Feature","geometry":{"coordinates":[11.362024824635752,44.526852172941425],"type":"Point"},"properties":{"geo_point_2d":{"lon":11.362024824635752,"lat":44.526852172941425},"tipo_di_area":null,"nome":null,"quartiere":null,"ubicazione":null}},{"type":"Feature","geometry":{"coordinates":[11.331515228100516,44.499610144919174],"type":"Point"},"properties":{"geo_point_2d":{"lon":11.331515228100516,"lat":44.499610144919174},"tipo_di_area":null,"nome":null,"quartiere":null,"ubicazione":null}},{"type":"Feature","geometry":{"coordinates":[11.356736247177441,44.50429545658844],"type":"Point"},"properties":{"geo_point_2d":{"lon":11.356736247177441,"lat":44.50429545658844},"tipo_di_area":null,"nome":null,"quartiere":null,"ubicazione":null}},{"type":"Feature","geometry":{"coordinates":[11.389682370479674,44.514483527216186],"type":"Point"},"properties":{"geo_point_2d":{"lon":11.389682370479674,"lat":44.514483527216186},"tipo_di_area":null,"nome":null,"quartiere":null,"ubicazione":null}},{"type":"Feature","geometry":{"coordinates":[11.294676873884521,44.510957568603764],"type":"Point"},"properties":{"geo_point_2d":{"lon":11.294676873884521,"lat":44.510957568603764},"tipo_di_area":null,"nome":null,"quartiere":null,"ubicazione":null}},{"type":"Feature","geometry":{"coordinates":[11.29174321733425,44.50440538064259],"type":"Point"},"properties":{"geo_point_2d":{"lon":11.29174321733425,"lat":44.50440538064259},"tipo_di_area":null,"nome":null,"quartiere":null,"ubicazione":null}},{"type":"Feature","geometry":{"coordinates":[11.29122628427554,44.50354273324036],"type":"Point"},"properties":{"geo_point_2d":{"lon":11.29122628427554,"lat":44.50354273324036},"tipo_di_area":null,"nome":null,"quartiere":null,"ubicazione":null}},{"type":"Feature","geometry":{"coordinates":[11.299970727173527,44.49550856128052],"type":"Point"},"properties":{"geo_point_2d":{"lon":11.299970727173527,"lat":44.49550856128052},"tipo_di_area":null,"nome":null,"quartiere":null,"ubicazione":null}},{"type":"Feature","geometry":{"coordinates":[11.304568236405649,44.498870059811665],"type":"Point"},"properties":{"geo_point_2d":{"lon":11.304568236405649,"lat":44.498870059811665},"tipo_di_area":null,"nome":null,"quartiere":null,"ubicazione":null}},{"type":"Feature","geometry":{"coordinates":[11.297236962329007,44.497895178132076],"type":"Point"},"properties":{"geo_point_2d":{"lon":11.297236962329007,"lat":44.497895178132076},"tipo_di_area":null,"nome":null,"quartiere":null,"ubicazione":null}},{"type":"Feature","geometry":{"coordinates":[11.30372361202605,44.50187539883856],"type":"Point"},"properties":{"geo_point_2d":{"lon":11.30372361202605,"lat":44.50187539883856},"tipo_di_area":null,"nome":null,"quartiere":null,"ubicazione":null}},{"type":"Feature","geometry":{"coordinates":[11.303332020897589,44.50515927548805],"type":"Point"},"properties":{"geo_point_2d":{"lon":11.303332020897589,"lat":44.50515927548805},"tipo_di_area":null,"nome":null,"quartiere":null,"ubicazione":null}},{"type":"Feature","geometry":{"coordinates":[11.305587356413628,44.5086999802103],"type":"Point"},"properties":{"geo_point_2d":{"lon":11.305587356413628,"lat":44.5086999802103},"tipo_di_area":null,"nome":null,"quartiere":null,"ubicazione":null}},{"type":"Feature","geometry":{"coordinates":[11.313399517503672,44.50429089348775],"type":"Point"},"properties":{"geo_point_2d":{"lon":11.313399517503672,"lat":44.50429089348775},"tipo_di_area":null,"nome":null,"quartiere":null,"ubicazione":null}},{"type":"Feature","geometry":{"coordinates":[11.290660278958743,44.51012322131968],"type":"Point"},"properties":{"geo_point_2d":{"lon":11.290660278958743,"lat":44.51012322131968},"tipo_di_area":null,"nome":null,"quartiere":null,"ubicazione":null}},{"type":"Feature","geometry":{"coordinates":[11.286734054695073,44.50929269963987],"type":"Point"},"properties":{"geo_point_2d":{"lon":11.286734054695073,"lat":44.50929269963987},"tipo_di_area":null,"nome":null,"quartiere":null,"ubicazione":null}},{"type":"Feature","geometry":{"coordinates":[11.287110803440957,44.50573719614212],"type":"Point"},"properties":{"geo_point_2d":{"lon":11.287110803440957,"lat":44.50573719614212},"tipo_di_area":null,"nome":null,"quartiere":null,"ubicazione":null}},{"type":"Feature","geometry":{"coordinates":[11.28125160694513,44.49623709976617],"type":"Point"},"properties":{"geo_point_2d":{"lon":11.28125160694513,"lat":44.49623709976617},"tipo_di_area":null,"nome":null,"quartiere":null,"ubicazione":null}},{"type":"Feature","geometry":{"coordinates":[11.285553575291393,44.51893847219765],"type":"Point"},"properties":{"geo_point_2d":{"lon":11.285553575291393,"lat":44.51893847219765},"tipo_di_area":null,"nome":null,"quartiere":null,"ubicazione":null}},{"type":"Feature","geometry":{"coordinates":[11.357031352022027,44.51304009383236],"type":"Point"},"properties":{"geo_point_2d":{"lon":11.357031352022027,"lat":44.51304009383236},"tipo_di_area":null,"nome":null,"quartiere":null,"ubicazione":null}},{"type":"Feature","geometry":{"coordinates":[11.366550202113352,44.50823177517165],"type":"Point"},"properties":{"geo_point_2d":{"lon":11.366550202113352,"lat":44.50823177517165},"tipo_di_area":null,"nome":null,"quartiere":null,"ubicazione":null}},{"type":"Feature","geometry":{"coordinates":[11.365891142973904,44.50697996467201],"type":"Point"},"properties":{"geo_point_2d":{"lon":11.365891142973904,"lat":44.50697996467201},"tipo_di_area":null,"nome":null,"quartiere":null,"ubicazione":null}},{"type":"Feature","geometry":{"coordinates":[11.377972889200487,44.5067361663725],"type":"Point"},"properties":{"geo_point_2d":{"lon":11.377972889200487,"lat":44.5067361663725},"tipo_di_area":null,"nome":null,"quartiere":null,"ubicazione":null}},{"type":"Feature","geometry":{"coordinates":[11.398516244815527,44.51352434155378],"type":"Point"},"properties":{"geo_point_2d":{"lon":11.398516244815527,"lat":44.51352434155378},"tipo_di_area":null,"nome":null,"quartiere":null,"ubicazione":null}},{"type":"Feature","geometry":{"coordinates":[11.401040963744546,44.51306454063994],"type":"Point"},"properties":{"geo_point_2d":{"lon":11.401040963744546,"lat":44.51306454063994},"tipo_di_area":null,"nome":null,"quartiere":null,"ubicazione":null}},{"type":"Feature","geometry":{"coordinates":[11.39622929620614,44.512374002049725],"type":"Point"},"properties":{"geo_point_2d":{"lon":11.39622929620614,"lat":44.512374002049725},"tipo_di_area":null,"nome":null,"quartiere":null,"ubicazione":null}},{"type":"Feature","geometry":{"coordinates":[11.34458893166283,44.48056167283603],"type":"Point"},"properties":{"geo_point_2d":{"lon":11.34458893166283,"lat":44.48056167283603},"tipo_di_area":null,"nome":null,"quartiere":null,"ubicazione":null}},{"type":"Feature","geometry":{"coordinates":[11.335064053591596,44.52146787955595],"type":"Point"},"properties":{"geo_point_2d":{"lon":11.335064053591596,"lat":44.52146787955595},"tipo_di_area":null,"nome":null,"quartiere":null,"ubicazione":null}},{"type":"Feature","geometry":{"coordinates":[11.370909309489189,44.47002773449314],"type":"Point"},"properties":{"geo_point_2d":{"lon":11.370909309489189,"lat":44.47002773449314},"tipo_di_area":null,"nome":null,"quartiere":null,"ubicazione":null}},{"type":"Feature","geometry":{"coordinates":[11.382785769510873,44.47200893056488],"type":"Point"},"properties":{"geo_point_2d":{"lon":11.382785769510873,"lat":44.47200893056488},"tipo_di_area":null,"nome":null,"quartiere":null,"ubicazione":null}},{"type":"Feature","geometry":{"coordinates":[11.274974276568319,44.501244993687344],"type":"Point"},"properties":{"geo_point_2d":{"lon":11.274974276568319,"lat":44.501244993687344},"tipo_di_area":"PARCO","nome":"AREA SALVEMINI PONTE NUOVO","quartiere":"Borgo Panigale - Reno","ubicazione":"Via Salvemini"}},{"type":"Feature","geometry":{"coordinates":[11.345800428848396,44.537652627386116],"type":"Point"},"properties":{"geo_point_2d":{"lon":11.345800428848396,"lat":44.537652627386116},"tipo_di_area":null,"nome":null,"quartiere":null,"ubicazione":null}},{"type":"Feature","geometry":{"coordinates":[11.391044998174209,44.482914679044605],"type":"Point"},"properties":{"geo_point_2d":{"lon":11.391044998174209,"lat":44.482914679044605},"tipo_di_area":"VERDE D'ARREDO","nome":"AREA VIA LINCOLN","quartiere":"Savena","ubicazione":"Via Lincoln"}},{"type":"Feature","geometry":{"coordinates":[11.38857498714258,44.49752376650561],"type":"Point"},"properties":{"geo_point_2d":{"lon":11.38857498714258,"lat":44.49752376650561},"tipo_di_area":"GIARDINO","nome":"PARCO VINCENZO TANARA","quartiere":"San Donato - San Vitale","ubicazione":"Via Larga"}},{"type":"Feature","geometry":{"coordinates":[11.338481391673648,44.518799162519635],"type":"Point"},"properties":{"geo_point_2d":{"lon":11.338481391673648,"lat":44.518799162519635},"tipo_di_area":"GIARDINO","nome":"GIARDINO DANIELE MANIN","quartiere":"Navile","ubicazione":"Via Daniele Manin"}},{"type":"Feature","geometry":{"coordinates":[11.357582289152946,44.50394122485333],"type":"Point"},"properties":{"geo_point_2d":{"lon":11.357582289152946,"lat":44.50394122485333},"tipo_di_area":"GIARDINO","nome":"GIARDINO J. LENNON - G.NO C.PARKER","quartiere":"San Donato - San Vitale","ubicazione":"Via Giovanni Antonio Sacco"}},{"type":"Feature","geometry":{"coordinates":[11.309285270620805,44.49825207609664],"type":"Point"},"properties":{"geo_point_2d":{"lon":11.309285270620805,"lat":44.49825207609664},"tipo_di_area":null,"nome":null,"quartiere":null,"ubicazione":null}},{"type":"Feature","geometry":{"coordinates":[11.281273709538235,44.49346690809875],"type":"Point"},"properties":{"geo_point_2d":{"lon":11.281273709538235,"lat":44.49346690809875},"tipo_di_area":null,"nome":null,"quartiere":null,"ubicazione":null}},{"type":"Feature","geometry":{"coordinates":[11.362926538964533,44.51010600149887],"type":"Point"},"properties":{"geo_point_2d":{"lon":11.362926538964533,"lat":44.51010600149887},"tipo_di_area":"VERDE D'ARREDO","nome":"PIAZZA  COSTITITUZIONE E  AREA LIMITROFA","quartiere":"San Donato - San Vitale","ubicazione":"Piazza della Costituzione"}},{"type":"Feature","geometry":{"coordinates":[11.384217305477396,44.47670616138933],"type":"Point"},"properties":{"geo_point_2d":{"lon":11.384217305477396,"lat":44.47670616138933},"tipo_di_area":"GIARDINO","nome":"GIARDINO ROSA PARKS","quartiere":"Savena","ubicazione":"Via Lombardia"}},{"type":"Feature","geometry":{"coordinates":[11.388863551791614,44.51179850645583],"type":"Point"},"properties":{"geo_point_2d":{"lon":11.388863551791614,"lat":44.51179850645583},"tipo_di_area":null,"nome":null,"quartiere":null,"ubicazione":null}},{"type":"Feature","geometry":{"coordinates":[11.379496590542658,44.48851567929022],"type":"Point"},"properties":{"geo_point_2d":{"lon":11.379496590542658,"lat":44.48851567929022},"tipo_di_area":"PARCO","nome":"G.NO EMILIO BASSI","quartiere":"Savena","ubicazione":"Viale Felsina"}},{"type":"Feature","geometry":{"coordinates":[11.34706807966834,44.511471164922284],"type":"Point"},"properties":{"geo_point_2d":{"lon":11.34706807966834,"lat":44.511471164922284},"tipo_di_area":"GIARDINO","nome":"PIAZZA DELL UNITA","quartiere":"Navile","ubicazione":"Piazza dell'Unit"}},{"type":"Feature","geometry":{"coordinates":[11.33247777035996,44.5054280056808],"type":"Point"},"properties":{"geo_point_2d":{"lon":11.33247777035996,"lat":44.5054280056808},"tipo_di_area":"GIARDINO","nome":"CENTRO DIURNO","quartiere":"Porto - Saragozza","ubicazione":"Via Bovi Campeggi"}},{"type":"Feature","geometry":{"coordinates":[11.35186493245566,44.536161099599205],"type":"Point"},"properties":{"geo_point_2d":{"lon":11.35186493245566,"lat":44.536161099599205},"tipo_di_area":"GIARDINO","nome":"GIARDINO DON BEDETTI","quartiere":"Navile","ubicazione":"Via Don Bedetti"}},{"type":"Feature","geometry":{"coordinates":[11.29972154556724,44.49957220370227],"type":"Point"},"properties":{"geo_point_2d":{"lon":11.29972154556724,"lat":44.49957220370227},"tipo_di_area":null,"nome":null,"quartiere":null,"ubicazione":null}},{"type":"Feature","geometry":{"coordinates":[11.386468630119131,44.49488523167634],"type":"Point"},"properties":{"geo_point_2d":{"lon":11.386468630119131,"lat":44.49488523167634},"tipo_di_area":"GIARDINO","nome":"GIARDINO MERIDIANA","quartiere":"San Donato - San Vitale","ubicazione":"Via Della Robbia"}},{"type":"Feature","geometry":{"coordinates":[11.390426639392263,44.51143968445946],"type":"Point"},"properties":{"geo_point_2d":{"lon":11.390426639392263,"lat":44.51143968445946},"tipo_di_area":null,"nome":null,"quartiere":null,"ubicazione":null}},{"type":"Feature","geometry":{"coordinates":[11.367681940520594,44.49427076064067],"type":"Point"},"properties":{"geo_point_2d":{"lon":11.367681940520594,"lat":44.49427076064067},"tipo_di_area":"GIARDINO","nome":"GIARDINO SCIPIONE DEL FERRO","quartiere":"San Donato - San Vitale","ubicazione":"Via Scipione dal Ferro 6"}},{"type":"Feature","geometry":{"coordinates":[11.380236677751135,44.47490311597671],"type":"Point"},"properties":{"geo_point_2d":{"lon":11.380236677751135,"lat":44.47490311597671},"tipo_di_area":"GIARDINO","nome":"SC. GRAZIANO -CENTRO CIV.CERVI","quartiere":"Savena","ubicazione":"via Lombardia"}},{"type":"Feature","geometry":{"coordinates":[11.264901676069606,44.52160985772294],"type":"Point"},"properties":{"geo_point_2d":{"lon":11.264901676069606,"lat":44.52160985772294},"tipo_di_area":"VERDE D'ARREDO","nome":"GIARDINO JERZJ POPIELUSZKO","quartiere":"Borgo Panigale - Reno","ubicazione":"Via Normandia"}},{"type":"Feature","geometry":{"coordinates":[11.284703500879282,44.49166046492873],"type":"Point"},"properties":{"geo_point_2d":{"lon":11.284703500879282,"lat":44.49166046492873},"tipo_di_area":"VERDE D'ARREDO","nome":"GIARDINO G. HORN D' ARTURO","quartiere":"Borgo Panigale - Reno","ubicazione":"Via Masaccio"}},{"type":"Feature","geometry":{"coordinates":[11.348706018215577,44.492250887256446],"type":"Point"},"properties":{"geo_point_2d":{"lon":11.348706018215577,"lat":44.492250887256446},"tipo_di_area":"GIARDINO","nome":"GIARDINO PIAZZA SANTO STEFANO","quartiere":"Santo Stefano","ubicazione":"Piazza Santo Stefano"}},{"type":"Feature","geometry":{"coordinates":[11.396382807851476,44.49151831435291],"type":"Point"},"properties":{"geo_point_2d":{"lon":11.396382807851476,"lat":44.49151831435291},"tipo_di_area":"VERDE D'ARREDO","nome":"AREA IACP VIA MATTEI","quartiere":"San Donato - San Vitale","ubicazione":"Via Enrico Mattei"}},{"type":"Feature","geometry":{"coordinates":[11.310173392997788,44.498534721378],"type":"Point"},"properties":{"geo_point_2d":{"lon":11.310173392997788,"lat":44.498534721378},"tipo_di_area":null,"nome":null,"quartiere":null,"ubicazione":null}},{"type":"Feature","geometry":{"coordinates":[11.29780953298744,44.49217204271556],"type":"Point"},"properties":{"geo_point_2d":{"lon":11.29780953298744,"lat":44.49217204271556},"tipo_di_area":"VERDE D'ARREDO","nome":"P.ZZA BERNARDI - VIA BERGAMINI","quartiere":"Borgo Panigale - Reno","ubicazione":"Piazza Bernardii"}},{"type":"Feature","geometry":{"coordinates":[11.363708478475456,44.530016632935435],"type":"Point"},"properties":{"geo_point_2d":{"lon":11.363708478475456,"lat":44.530016632935435},"tipo_di_area":"GIARDINO","nome":"PARCO DOZZA","quartiere":"Navile","ubicazione":"Via Andrea da Formigine"}},{"type":"Feature","geometry":{"coordinates":[11.353359426015473,44.50788771534769],"type":"Point"},"properties":{"geo_point_2d":{"lon":11.353359426015473,"lat":44.50788771534769},"tipo_di_area":null,"nome":null,"quartiere":null,"ubicazione":null}},{"type":"Feature","geometry":{"coordinates":[11.365439101890539,44.52827734357682],"type":"Point"},"properties":{"geo_point_2d":{"lon":11.365439101890539,"lat":44.52827734357682},"tipo_di_area":null,"nome":null,"quartiere":null,"ubicazione":null}},{"type":"Feature","geometry":{"coordinates":[11.334666876179092,44.52199935745991],"type":"Point"},"properties":{"geo_point_2d":{"lon":11.334666876179092,"lat":44.52199935745991},"tipo_di_area":"VERDE D'ARREDO","nome":"MUSEO DEL PATRIMONIO INDUSTRIALE - EX FORNACE GALLOTTI","quartiere":"Navile","ubicazione":"Via della Beverara"}},{"type":"Feature","geometry":{"coordinates":[11.387887383442603,44.48224281015577],"type":"Point"},"properties":{"geo_point_2d":{"lon":11.387887383442603,"lat":44.48224281015577},"tipo_di_area":"VERDE D'ARREDO","nome":"CINEMA FOSSOLO","quartiere":"Savena","ubicazione":"Via Orlandi"}},{"type":"Feature","geometry":{"coordinates":[11.316325892961057,44.42217428221241],"type":"Point"},"properties":{"geo_point_2d":{"lon":11.316325892961057,"lat":44.42217428221241},"tipo_di_area":"PARCO","nome":"PARCO DEI CALANCHI DI SABBIUNO","quartiere":"Santo Stefano","ubicazione":"Via di Sabbiuno"}},{"type":"Feature","geometry":{"coordinates":[11.35729443756225,44.50542860470904],"type":"Point"},"properties":{"geo_point_2d":{"lon":11.35729443756225,"lat":44.50542860470904},"tipo_di_area":"PARCO","nome":"AREA VIA FREGOLI","quartiere":"San Donato - San Vitale","ubicazione":"Via Vestri"}},{"type":"Feature","geometry":{"coordinates":[11.350160181986427,44.52649885534933],"type":"Point"},"properties":{"geo_point_2d":{"lon":11.350160181986427,"lat":44.52649885534933},"tipo_di_area":"PARCO","nome":"PARCO EX CASERME ROSSE","quartiere":"Navile","ubicazione":"Via di Corticella"}},{"type":"Feature","geometry":{"coordinates":[11.312987781582633,44.4921011421322],"type":"Point"},"properties":{"geo_point_2d":{"lon":11.312987781582633,"lat":44.4921011421322},"tipo_di_area":"GIARDINO","nome":"GIARDINO ALDO CUCCHI","quartiere":"Porto - Saragozza","ubicazione":"via XXI Aprile 1945"}},{"type":"Feature","geometry":{"coordinates":[11.276747166999433,44.50653889239657],"type":"Point"},"properties":{"geo_point_2d":{"lon":11.276747166999433,"lat":44.50653889239657},"tipo_di_area":"VERDE D'ARREDO","nome":"PARCO DELLE QUERCE","quartiere":"Borgo Panigale - Reno","ubicazione":"via Galeazza"}},{"type":"Feature","geometry":{"coordinates":[11.304248324844362,44.44502663949307],"type":"Point"},"properties":{"geo_point_2d":{"lon":11.304248324844362,"lat":44.44502663949307},"tipo_di_area":"PARCO","nome":"PARCO CAVAIONI","quartiere":"Santo Stefano","ubicazione":"Via Cavaioni"}},{"type":"Feature","geometry":{"coordinates":[11.312846196316139,44.4978007619574],"type":"Point"},"properties":{"geo_point_2d":{"lon":11.312846196316139,"lat":44.4978007619574},"tipo_di_area":"VERDE D'ARREDO","nome":"VIA TOFANE","quartiere":"Porto - Saragozza","ubicazione":"Via Tofane"}},{"type":"Feature","geometry":{"coordinates":[11.361190745039213,44.487604410970164],"type":"Point"},"properties":{"geo_point_2d":{"lon":11.361190745039213,"lat":44.487604410970164},"tipo_di_area":"GIARDINO","nome":"G.NO PADRE E. CAROLI (EX PIAZZA TRENTO TRIESTE)","quartiere":"Santo Stefano","ubicazione":"Piazza Trento Trieste"}},{"type":"Feature","geometry":{"coordinates":[11.340843794629533,44.48143722956826],"type":"Point"},"properties":{"geo_point_2d":{"lon":11.340843794629533,"lat":44.48143722956826},"tipo_di_area":"PARCO","nome":"PARCO DEL BELVEDERE DI SAN MICHELE IN BOSCO","quartiere":"Santo Stefano","ubicazione":"Via Cesare Pupilli, 1"}},{"type":"Feature","geometry":{"coordinates":[11.388905750720012,44.51234601164825],"type":"Point"},"properties":{"geo_point_2d":{"lon":11.388905750720012,"lat":44.51234601164825},"tipo_di_area":"GIARDINO","nome":"G.NO CIRCOLO LA FATTORIA","quartiere":"San Donato - San Vitale","ubicazione":"Via Luigi Pirandello, 5"}},{"type":"Feature","geometry":{"coordinates":[11.385815298581624,44.487795769311184],"type":"Point"},"properties":{"geo_point_2d":{"lon":11.385815298581624,"lat":44.487795769311184},"tipo_di_area":"PARCO","nome":"GIARDINO VITTIME DELLA UNO BIANCA (EX SC. DON MARELLA)","quartiere":"Savena","ubicazione":"via Populonia"}},{"type":"Feature","geometry":{"coordinates":[11.340946440403513,44.48347073357552],"type":"Point"},"properties":{"geo_point_2d":{"lon":11.340946440403513,"lat":44.48347073357552},"tipo_di_area":"GIARDINO","nome":"GIARDINO REMO SCOTO","quartiere":"Santo Stefano","ubicazione":"Via Codivilla"}},{"type":"Feature","geometry":{"coordinates":[11.273352731225032,44.51876199179836],"type":"Point"},"properties":{"geo_point_2d":{"lon":11.273352731225032,"lat":44.51876199179836},"tipo_di_area":"GIARDINO","nome":"GIARDINO DEI TASSI","quartiere":"Borgo Panigale - Reno","ubicazione":"via Koch"}},{"type":"Feature","geometry":{"coordinates":[11.264785203455563,44.521369677419386],"type":"Point"},"properties":{"geo_point_2d":{"lon":11.264785203455563,"lat":44.521369677419386},"tipo_di_area":"GIARDINO","nome":"GIARDINO JERZJ POPIELUSZKO","quartiere":"Borgo Panigale - Reno","ubicazione":"Via Normandia"}},{"type":"Feature","geometry":{"coordinates":[11.279114414164088,44.51736104710564],"type":"Point"},"properties":{"geo_point_2d":{"lon":11.279114414164088,"lat":44.51736104710564},"tipo_di_area":"VERDE D'ARREDO","nome":"SEDE QUARTIERE BORGO","quartiere":"Borgo Panigale - Reno","ubicazione":"via delle scuole"}},{"type":"Feature","geometry":{"coordinates":[11.37034454430333,44.47980019417616],"type":"Point"},"properties":{"geo_point_2d":{"lon":11.37034454430333,"lat":44.47980019417616},"tipo_di_area":"GIARDINO","nome":"VIA DAGNINI-G.NO L.LERCARO","quartiere":"Santo Stefano","ubicazione":"Via Dagnini"}},{"type":"Feature","geometry":{"coordinates":[11.31091300776075,44.48982451856791],"type":"Point"},"properties":{"geo_point_2d":{"lon":11.31091300776075,"lat":44.48982451856791},"tipo_di_area":"GIARDINO","nome":"AREA V. DEL MELONCELLO","quartiere":"Porto - Saragozza","ubicazione":"via del Meloncello"}},{"type":"Feature","geometry":{"coordinates":[11.33217908908218,44.49624948487478],"type":"Point"},"properties":{"geo_point_2d":{"lon":11.33217908908218,"lat":44.49624948487478},"tipo_di_area":"GIARDINO","nome":"GIARDINO SALA BENJAMIN","quartiere":"Porto - Saragozza","ubicazione":"via Del Pratello"}},{"type":"Feature","geometry":{"coordinates":[11.380940410257484,44.485431913695344],"type":"Point"},"properties":{"geo_point_2d":{"lon":11.380940410257484,"lat":44.485431913695344},"tipo_di_area":"VERDE D'ARREDO","nome":"AREA VIA ROSELLE-VETULONIA","quartiere":"Savena","ubicazione":"via Roselle"}},{"type":"Feature","geometry":{"coordinates":[11.31526845671394,44.486248105992615],"type":"Point"},"properties":{"geo_point_2d":{"lon":11.31526845671394,"lat":44.486248105992615},"tipo_di_area":"GIARDINO","nome":"AREA VIA DOTTI","quartiere":"Porto - Saragozza","ubicazione":"via Del Ravone"}},{"type":"Feature","geometry":{"coordinates":[11.387499694827454,44.49432610423168],"type":"Point"},"properties":{"geo_point_2d":{"lon":11.387499694827454,"lat":44.49432610423168},"tipo_di_area":"VERDE D'ARREDO","nome":"GIARDINO MERIDIANA","quartiere":"San Donato - San Vitale","ubicazione":"Via Della Robbia"}},{"type":"Feature","geometry":{"coordinates":[11.262720537933061,44.52296724170897],"type":"Point"},"properties":{"geo_point_2d":{"lon":11.262720537933061,"lat":44.52296724170897},"tipo_di_area":"VERDE D'ARREDO","nome":"AREE VIA NORMANDIA","quartiere":"Borgo Panigale - Reno","ubicazione":"Via Normandia"}},{"type":"Feature","geometry":{"coordinates":[11.36984726107985,44.456946882164985],"type":"Point"},"properties":{"geo_point_2d":{"lon":11.36984726107985,"lat":44.456946882164985},"tipo_di_area":"VERDE D'ARREDO","nome":"PIAZZA CHIESA S.RUFFILLO (Via Toscana)","quartiere":"Savena","ubicazione":"Via Toscana"}},{"type":"Feature","geometry":{"coordinates":[11.321362860224406,44.52641540844094],"type":"Point"},"properties":{"geo_point_2d":{"lon":11.321362860224406,"lat":44.52641540844094},"tipo_di_area":"VERDE D'ARREDO","nome":"GIARDINO MEDEA  ZANARDI","quartiere":"Navile","ubicazione":"Via Molino di Pescarola"}},{"type":"Feature","geometry":{"coordinates":[11.293294846002144,44.49647823935681],"type":"Point"},"properties":{"geo_point_2d":{"lon":11.293294846002144,"lat":44.49647823935681},"tipo_di_area":"GIARDINO","nome":"PIAZZA BONAZZI","quartiere":"Borgo Panigale - Reno","ubicazione":"Piazza Bonazzi"}},{"type":"Feature","geometry":{"coordinates":[11.287605777499175,44.490651794737346],"type":"Point"},"properties":{"geo_point_2d":{"lon":11.287605777499175,"lat":44.490651794737346},"tipo_di_area":"GIARDINO","nome":"GIARDINO I.T.I.S.","quartiere":"Borgo Panigale - Reno","ubicazione":"Rotonda Malaguti"}},{"type":"Feature","geometry":{"coordinates":[11.359714739040372,44.50473951777692],"type":"Point"},"properties":{"geo_point_2d":{"lon":11.359714739040372,"lat":44.50473951777692},"tipo_di_area":null,"nome":null,"quartiere":null,"ubicazione":null}},{"type":"Feature","geometry":{"coordinates":[11.314752440316102,44.52321164019537],"type":"Point"},"properties":{"geo_point_2d":{"lon":11.314752440316102,"lat":44.52321164019537},"tipo_di_area":null,"nome":null,"quartiere":null,"ubicazione":null}},{"type":"Feature","geometry":{"coordinates":[11.291165406247526,44.503338608417344],"type":"Point"},"properties":{"geo_point_2d":{"lon":11.291165406247526,"lat":44.503338608417344},"tipo_di_area":"VERDE D'ARREDO","nome":"AREA VERDE VIA DE PISIS","quartiere":"Borgo Panigale - Reno","ubicazione":"Via De Pisis"}},{"type":"Feature","geometry":{"coordinates":[11.29125108523775,44.50211997277355],"type":"Point"},"properties":{"geo_point_2d":{"lon":11.29125108523775,"lat":44.50211997277355},"tipo_di_area":"VERDE D'ARREDO","nome":"AREA VERDE VIA DE PISIS","quartiere":"Borgo Panigale - Reno","ubicazione":"Via De Pisis"}},{"type":"Feature","geometry":{"coordinates":[11.387452408341392,44.51174920021206],"type":"Point"},"properties":{"geo_point_2d":{"lon":11.387452408341392,"lat":44.51174920021206},"tipo_di_area":"VERDE D'ARREDO","nome":"VERDE VIA S.DONATO 177-177\/5A","quartiere":"San Donato - San Vitale","ubicazione":"Via San Donato, 177"}},{"type":"Feature","geometry":{"coordinates":[11.398161379220376,44.49013598734832],"type":"Point"},"properties":{"geo_point_2d":{"lon":11.398161379220376,"lat":44.49013598734832},"tipo_di_area":"GIARDINO","nome":"GIARDINO CENTRO SOCIALE  E PALESTRA VIA RIVANI","quartiere":"San Donato - San Vitale","ubicazione":"Via Tommaso Martelli"}},{"type":"Feature","geometry":{"coordinates":[11.354655467416826,44.48504757566669],"type":"Point"},"properties":{"geo_point_2d":{"lon":11.354655467416826,"lat":44.48504757566669},"tipo_di_area":"PARCO","nome":"GIARDINO BARACCANO","quartiere":"Santo Stefano","ubicazione":"P.zza Baraccano"}},{"type":"Feature","geometry":{"coordinates":[11.361905574033155,44.52954689251683],"type":"Point"},"properties":{"geo_point_2d":{"lon":11.361905574033155,"lat":44.52954689251683},"tipo_di_area":"GIARDINO","nome":"PARCO DOZZA","quartiere":"Navile","ubicazione":"Via Andrea da Formigine"}},{"type":"Feature","geometry":{"coordinates":[11.386640105968876,44.485712655934634],"type":"Point"},"properties":{"geo_point_2d":{"lon":11.386640105968876,"lat":44.485712655934634},"tipo_di_area":"VERDE D'ARREDO","nome":"AREA V.LI LENIN-MARX","quartiere":"Savena","ubicazione":"viali Lenin - Marx"}},{"type":"Feature","geometry":{"coordinates":[11.400767322092248,44.49029095108195],"type":"Point"},"properties":{"geo_point_2d":{"lon":11.400767322092248,"lat":44.49029095108195},"tipo_di_area":"VERDE D'ARREDO","nome":"GIARDINO PALLAVICINI","quartiere":"San Donato - San Vitale","ubicazione":"Via Martiri Croce del Biacco"}},{"type":"Feature","geometry":{"coordinates":[11.338419615499063,44.504358807462616],"type":"Point"},"properties":{"geo_point_2d":{"lon":11.338419615499063,"lat":44.504358807462616},"tipo_di_area":"VERDE D'ARREDO","nome":"GIARDINO GRAZIELLA FAVA","quartiere":"Porto - Saragozza","ubicazione":"Via Milazzo"}},{"type":"Feature","geometry":{"coordinates":[11.367743271218279,44.48290353495425],"type":"Point"},"properties":{"geo_point_2d":{"lon":11.367743271218279,"lat":44.48290353495425},"tipo_di_area":"GIARDINO","nome":"GIARDINO SCUOLE MARCONI","quartiere":"Santo Stefano","ubicazione":"Via Laura Bassi"}},{"type":"Feature","geometry":{"coordinates":[11.372278304220133,44.50869879166881],"type":"Point"},"properties":{"geo_point_2d":{"lon":11.372278304220133,"lat":44.50869879166881},"tipo_di_area":"VERDE SPORTIVO","nome":"CENTRO SPORTIVO SAN DONATO","quartiere":"San Donato - San Vitale","ubicazione":"Via Michelino"}},{"type":"Feature","geometry":{"coordinates":[11.282547142619185,44.50274040116481],"type":"Point"},"properties":{"geo_point_2d":{"lon":11.282547142619185,"lat":44.50274040116481},"tipo_di_area":"PARCO","nome":"GIARDINO DEI BAMBU","quartiere":"Borgo Panigale - Reno","ubicazione":"Via Caduti di Casteldebole"}},{"type":"Feature","geometry":{"coordinates":[11.39580832861801,44.47568693427281],"type":"Point"},"properties":{"geo_point_2d":{"lon":11.39580832861801,"lat":44.47568693427281},"tipo_di_area":"PARCO","nome":"AREA VIA DOZZA","quartiere":"Savena","ubicazione":"via Dozza"}},{"type":"Feature","geometry":{"coordinates":[11.380562114690662,44.47125342374645],"type":"Point"},"properties":{"geo_point_2d":{"lon":11.380562114690662,"lat":44.47125342374645},"tipo_di_area":null,"nome":null,"quartiere":null,"ubicazione":null}},{"type":"Feature","geometry":{"coordinates":[11.390708787012843,44.477883676108725],"type":"Point"},"properties":{"geo_point_2d":{"lon":11.390708787012843,"lat":44.477883676108725},"tipo_di_area":"PARCO","nome":"AREA DUE MADONNE","quartiere":"Savena","ubicazione":"via Emilia Levante"}},{"type":"Feature","geometry":{"coordinates":[11.264192850507499,44.52225382772073],"type":"Point"},"properties":{"geo_point_2d":{"lon":11.264192850507499,"lat":44.52225382772073},"tipo_di_area":"GIARDINO","nome":"GIARDINO JERZJ POPIELUSZKO","quartiere":"Borgo Panigale - Reno","ubicazione":"Via Normandia"}},{"type":"Feature","geometry":{"coordinates":[11.393124840134751,44.47392399360615],"type":"Point"},"properties":{"geo_point_2d":{"lon":11.393124840134751,"lat":44.47392399360615},"tipo_di_area":"GIARDINO","nome":"AREA VIA FERRARA (HORTUS CONCLUSUS)","quartiere":"Savena","ubicazione":"via Ferrara"}},{"type":"Feature","geometry":{"coordinates":[11.351606543178008,44.537432664436935],"type":"Point"},"properties":{"geo_point_2d":{"lon":11.351606543178008,"lat":44.537432664436935},"tipo_di_area":"VERDE D'ARREDO","nome":"A.RONCAGLIO-ARCOVEGGIO E SP.","quartiere":"Navile","ubicazione":"Via Roncaglio"}},{"type":"Feature","geometry":{"coordinates":[11.3384068602094,44.49743032857307],"type":"Point"},"properties":{"geo_point_2d":{"lon":11.3384068602094,"lat":44.49743032857307},"tipo_di_area":"GIARDINO","nome":"GIARDINO PINCHERLE","quartiere":"Porto - Saragozza","ubicazione":"Via Pincherle"}},{"type":"Feature","geometry":{"coordinates":[11.27887100443838,44.516913192153076],"type":"Point"},"properties":{"geo_point_2d":{"lon":11.27887100443838,"lat":44.516913192153076},"tipo_di_area":"GIARDINO","nome":"P.ZZA BORGO PANIGALE","quartiere":"Borgo Panigale - Reno","ubicazione":"via E. Lepido"}},{"type":"Feature","geometry":{"coordinates":[11.291263095975129,44.50128298676531],"type":"Point"},"properties":{"geo_point_2d":{"lon":11.291263095975129,"lat":44.50128298676531},"tipo_di_area":"VERDE D'ARREDO","nome":"AREA VERDE VIA DE PISIS","quartiere":"Borgo Panigale - Reno","ubicazione":"Via De Pisis"}},{"type":"Feature","geometry":{"coordinates":[11.396257615424682,44.49131071169582],"type":"Point"},"properties":{"geo_point_2d":{"lon":11.396257615424682,"lat":44.49131071169582},"tipo_di_area":"VERDE D'ARREDO","nome":"AREA IACP VIA MATTEI","quartiere":"San Donato - San Vitale","ubicazione":"Via Enrico Mattei"}},{"type":"Feature","geometry":{"coordinates":[11.334319556519498,44.521680868745094],"type":"Point"},"properties":{"geo_point_2d":{"lon":11.334319556519498,"lat":44.521680868745094},"tipo_di_area":"VERDE D'ARREDO","nome":"MUSEO DEL PATRIMONIO INDUSTRIALE - EX FORNACE GALLOTTI","quartiere":"Navile","ubicazione":"Via Beverara"}},{"type":"Feature","geometry":{"coordinates":[11.344730296030418,44.48983424919946],"type":"Point"},"properties":{"geo_point_2d":{"lon":11.344730296030418,"lat":44.48983424919946},"tipo_di_area":"VERDE D'ARREDO","nome":"GIARDINO  SAN  DOMENICO","quartiere":"Santo Stefano","ubicazione":"Piazza San Domenico"}},{"type":"Feature","geometry":{"coordinates":[11.383469026684944,44.49691659354586],"type":"Point"},"properties":{"geo_point_2d":{"lon":11.383469026684944,"lat":44.49691659354586},"tipo_di_area":"GIARDINO","nome":"BIBLIOTECA SCANDELLARA","quartiere":"San Donato - San Vitale","ubicazione":"Via Scandellara 50"}},{"type":"Feature","geometry":{"coordinates":[11.330158225406285,44.49924009709741],"type":"Point"},"properties":{"geo_point_2d":{"lon":11.330158225406285,"lat":44.49924009709741},"tipo_di_area":"VERDE D'ARREDO","nome":"G.NO DECORATO AL VALORE CIVILE","quartiere":"Porto - Saragozza","ubicazione":"Via Graziano"}},{"type":"Feature","geometry":{"coordinates":[11.397867210491688,44.49316609234523],"type":"Point"},"properties":{"geo_point_2d":{"lon":11.397867210491688,"lat":44.49316609234523},"tipo_di_area":"VERDE D'ARREDO","nome":"AREA IACP VIA MATTEI","quartiere":"San Donato - San Vitale","ubicazione":"Via Enrico Mattei"}},{"type":"Feature","geometry":{"coordinates":[11.382757140371838,44.49587952258299],"type":"Point"},"properties":{"geo_point_2d":{"lon":11.382757140371838,"lat":44.49587952258299},"tipo_di_area":"VERDE D'ARREDO","nome":"VERDE PARCHEGGIO SCANDELLARA","quartiere":"San Donato - San Vitale","ubicazione":"Via Scandellara"}},{"type":"Feature","geometry":{"coordinates":[11.316074909254494,44.527465788075965],"type":"Point"},"properties":{"geo_point_2d":{"lon":11.316074909254494,"lat":44.527465788075965},"tipo_di_area":null,"nome":null,"quartiere":null,"ubicazione":null}},{"type":"Feature","geometry":{"coordinates":[11.298332892751471,44.51999135935959],"type":"Point"},"properties":{"geo_point_2d":{"lon":11.298332892751471,"lat":44.51999135935959},"tipo_di_area":null,"nome":null,"quartiere":null,"ubicazione":null}},{"type":"Feature","geometry":{"coordinates":[11.359766981533134,44.50445687249557],"type":"Point"},"properties":{"geo_point_2d":{"lon":11.359766981533134,"lat":44.50445687249557},"tipo_di_area":null,"nome":null,"quartiere":null,"ubicazione":null}},{"type":"Feature","geometry":{"coordinates":[11.369770015520821,44.528120079324765],"type":"Point"},"properties":{"geo_point_2d":{"lon":11.369770015520821,"lat":44.528120079324765},"tipo_di_area":"VERDE SPORTIVO","nome":"GIARDINO  C.S. DOZZA","quartiere":"Navile","ubicazione":"Via Romita"}},{"type":"Feature","geometry":{"coordinates":[11.368853490895527,44.505628078883156],"type":"Point"},"properties":{"geo_point_2d":{"lon":11.368853490895527,"lat":44.505628078883156},"tipo_di_area":null,"nome":null,"quartiere":null,"ubicazione":null}},{"type":"Feature","geometry":{"coordinates":[11.336901295413728,44.52371198320803],"type":"Point"},"properties":{"geo_point_2d":{"lon":11.336901295413728,"lat":44.52371198320803},"tipo_di_area":"PARCO","nome":"PERCORSO LUNGONAVILE","quartiere":"Navile","ubicazione":"Via Yuri Gagarin - Via dei Terraioli"}},{"type":"Feature","geometry":{"coordinates":[11.37349687691255,44.511051370243905],"type":"Point"},"properties":{"geo_point_2d":{"lon":11.37349687691255,"lat":44.511051370243905},"tipo_di_area":null,"nome":null,"quartiere":null,"ubicazione":null}},{"type":"Feature","geometry":{"coordinates":[11.396879932527835,44.51691816229663],"type":"Point"},"properties":{"geo_point_2d":{"lon":11.396879932527835,"lat":44.51691816229663},"tipo_di_area":"GIARDINO","nome":"GIARDINO COLLINA - MERAVILLE","quartiere":"San Donato - San Vitale","ubicazione":"Viale Tito Carnacini"}},{"type":"Feature","geometry":{"coordinates":[11.296910289487055,44.52142066037949],"type":"Point"},"properties":{"geo_point_2d":{"lon":11.296910289487055,"lat":44.52142066037949},"tipo_di_area":null,"nome":null,"quartiere":null,"ubicazione":null}},{"type":"Feature","geometry":{"coordinates":[11.297821854008188,44.5207040005429],"type":"Point"},"properties":{"geo_point_2d":{"lon":11.297821854008188,"lat":44.5207040005429},"tipo_di_area":null,"nome":null,"quartiere":null,"ubicazione":null}},{"type":"Feature","geometry":{"coordinates":[11.27971638049536,44.517889102178785],"type":"Point"},"properties":{"geo_point_2d":{"lon":11.27971638049536,"lat":44.517889102178785},"tipo_di_area":"GIARDINO","nome":"GIARDINO DEGLI IPPOCASTANI","quartiere":"Borgo Panigale - Reno","ubicazione":"Via Nani"}},{"type":"Feature","geometry":{"coordinates":[11.31593135726661,44.42381217221848],"type":"Point"},"properties":{"geo_point_2d":{"lon":11.31593135726661,"lat":44.42381217221848},"tipo_di_area":"PARCO","nome":"PARCO DEI CALANCHI DI SABBIUNO","quartiere":"Santo Stefano","ubicazione":"Via di Sabbiuno"}},{"type":"Feature","geometry":{"coordinates":[11.31847109067323,44.49689413697245],"type":"Point"},"properties":{"geo_point_2d":{"lon":11.31847109067323,"lat":44.49689413697245},"tipo_di_area":"GIARDINO","nome":"GIARDINO CROCETTA","quartiere":"Porto - Saragozza","ubicazione":"via Valdossola"}},{"type":"Feature","geometry":{"coordinates":[11.33208459170303,44.52449735978711],"type":"Point"},"properties":{"geo_point_2d":{"lon":11.33208459170303,"lat":44.52449735978711},"tipo_di_area":"GIARDINO","nome":"ALLOGGI EDILIZIA SOVVENZIONATA - CONTRATTI DI QUARTIERE","quartiere":"Navile","ubicazione":"Via Beverara"}},{"type":"Feature","geometry":{"coordinates":[11.352909995969128,44.45675867716513],"type":"Point"},"properties":{"geo_point_2d":{"lon":11.352909995969128,"lat":44.45675867716513},"tipo_di_area":"PARCO","nome":"PARCO JOLA CA BANDIERA","quartiere":"Savena","ubicazione":"Via Jola"}},{"type":"Feature","geometry":{"coordinates":[11.317555351491517,44.52680443205157],"type":"Point"},"properties":{"geo_point_2d":{"lon":11.317555351491517,"lat":44.52680443205157},"tipo_di_area":"GIARDINO","nome":"PARCO P.E.E.P. PESCAROLA","quartiere":"Navile","ubicazione":"Via Zanardi"}},{"type":"Feature","geometry":{"coordinates":[11.357940643810847,44.50951959107809],"type":"Point"},"properties":{"geo_point_2d":{"lon":11.357940643810847,"lat":44.50951959107809},"tipo_di_area":"VERDE D'ARREDO","nome":"GIARDINO PAOLO LACCHINI","quartiere":"San Donato - San Vitale","ubicazione":"Via Serena"}},{"type":"Feature","geometry":{"coordinates":[11.291608728709392,44.493301974822714],"type":"Point"},"properties":{"geo_point_2d":{"lon":11.291608728709392,"lat":44.493301974822714},"tipo_di_area":"GIARDINO","nome":"GIARDINO TERESA NOCE","quartiere":"Borgo Panigale - Reno","ubicazione":"Via del Beccaccino"}},{"type":"Feature","geometry":{"coordinates":[11.380515032444832,44.47514794901699],"type":"Point"},"properties":{"geo_point_2d":{"lon":11.380515032444832,"lat":44.47514794901699},"tipo_di_area":"GIARDINO","nome":"SC. GRAZIANO -CENTRO CIV.CERVI","quartiere":"Savena","ubicazione":"via Lombardia"}},{"type":"Feature","geometry":{"coordinates":[11.383734613486775,44.46651160483109],"type":"Point"},"properties":{"geo_point_2d":{"lon":11.383734613486775,"lat":44.46651160483109},"tipo_di_area":null,"nome":null,"quartiere":null,"ubicazione":null}},{"type":"Feature","geometry":{"coordinates":[11.339022213511596,44.51206719195404],"type":"Point"},"properties":{"geo_point_2d":{"lon":11.339022213511596,"lat":44.51206719195404},"tipo_di_area":null,"nome":null,"quartiere":null,"ubicazione":null}},{"type":"Feature","geometry":{"coordinates":[11.32643980424453,44.519589508040674],"type":"Point"},"properties":{"geo_point_2d":{"lon":11.32643980424453,"lat":44.519589508040674},"tipo_di_area":null,"nome":null,"quartiere":null,"ubicazione":null}},{"type":"Feature","geometry":{"coordinates":[11.319119309707654,44.5257790256627],"type":"Point"},"properties":{"geo_point_2d":{"lon":11.319119309707654,"lat":44.5257790256627},"tipo_di_area":null,"nome":null,"quartiere":null,"ubicazione":null}},{"type":"Feature","geometry":{"coordinates":[11.319064973136594,44.53301898563891],"type":"Point"},"properties":{"geo_point_2d":{"lon":11.319064973136594,"lat":44.53301898563891},"tipo_di_area":null,"nome":null,"quartiere":null,"ubicazione":null}},{"type":"Feature","geometry":{"coordinates":[11.351901727386933,44.54162318166727],"type":"Point"},"properties":{"geo_point_2d":{"lon":11.351901727386933,"lat":44.54162318166727},"tipo_di_area":null,"nome":null,"quartiere":null,"ubicazione":null}},{"type":"Feature","geometry":{"coordinates":[11.337338556045347,44.499551539046074],"type":"Point"},"properties":{"geo_point_2d":{"lon":11.337338556045347,"lat":44.499551539046074},"tipo_di_area":null,"nome":null,"quartiere":null,"ubicazione":null}},{"type":"Feature","geometry":{"coordinates":[11.337185249291265,44.50081990986213],"type":"Point"},"properties":{"geo_point_2d":{"lon":11.337185249291265,"lat":44.50081990986213},"tipo_di_area":null,"nome":null,"quartiere":null,"ubicazione":null}},{"type":"Feature","geometry":{"coordinates":[11.330184758346125,44.499485170805734],"type":"Point"},"properties":{"geo_point_2d":{"lon":11.330184758346125,"lat":44.499485170805734},"tipo_di_area":null,"nome":null,"quartiere":null,"ubicazione":null}},{"type":"Feature","geometry":{"coordinates":[11.315012435231004,44.48947559817863],"type":"Point"},"properties":{"geo_point_2d":{"lon":11.315012435231004,"lat":44.48947559817863},"tipo_di_area":null,"nome":null,"quartiere":null,"ubicazione":null}},{"type":"Feature","geometry":{"coordinates":[11.361878783836685,44.502570114776226],"type":"Point"},"properties":{"geo_point_2d":{"lon":11.361878783836685,"lat":44.502570114776226},"tipo_di_area":null,"nome":null,"quartiere":null,"ubicazione":null}},{"type":"Feature","geometry":{"coordinates":[11.388376520565922,44.513000723989144],"type":"Point"},"properties":{"geo_point_2d":{"lon":11.388376520565922,"lat":44.513000723989144},"tipo_di_area":null,"nome":null,"quartiere":null,"ubicazione":null}},{"type":"Feature","geometry":{"coordinates":[11.297458563584705,44.44513257451942],"type":"Point"},"properties":{"geo_point_2d":{"lon":11.297458563584705,"lat":44.44513257451942},"tipo_di_area":null,"nome":null,"quartiere":null,"ubicazione":null}},{"type":"Feature","geometry":{"coordinates":[11.382954048433497,44.50803374279291],"type":"Point"},"properties":{"geo_point_2d":{"lon":11.382954048433497,"lat":44.50803374279291},"tipo_di_area":null,"nome":null,"quartiere":null,"ubicazione":null}},{"type":"Feature","geometry":{"coordinates":[11.388221686416816,44.50705722265665],"type":"Point"},"properties":{"geo_point_2d":{"lon":11.388221686416816,"lat":44.50705722265665},"tipo_di_area":null,"nome":null,"quartiere":null,"ubicazione":null}},{"type":"Feature","geometry":{"coordinates":[11.38635179781698,44.50968243975114],"type":"Point"},"properties":{"geo_point_2d":{"lon":11.38635179781698,"lat":44.50968243975114},"tipo_di_area":null,"nome":null,"quartiere":null,"ubicazione":null}},{"type":"Feature","geometry":{"coordinates":[11.385233551184436,44.510420564451465],"type":"Point"},"properties":{"geo_point_2d":{"lon":11.385233551184436,"lat":44.510420564451465},"tipo_di_area":null,"nome":null,"quartiere":null,"ubicazione":null}},{"type":"Feature","geometry":{"coordinates":[11.294096860246539,44.509659910973006],"type":"Point"},"properties":{"geo_point_2d":{"lon":11.294096860246539,"lat":44.509659910973006},"tipo_di_area":null,"nome":null,"quartiere":null,"ubicazione":null}},{"type":"Feature","geometry":{"coordinates":[11.294853007969499,44.51079208448674],"type":"Point"},"properties":{"geo_point_2d":{"lon":11.294853007969499,"lat":44.51079208448674},"tipo_di_area":null,"nome":null,"quartiere":null,"ubicazione":null}},{"type":"Feature","geometry":{"coordinates":[11.291264788005746,44.50360990996114],"type":"Point"},"properties":{"geo_point_2d":{"lon":11.291264788005746,"lat":44.50360990996114},"tipo_di_area":null,"nome":null,"quartiere":null,"ubicazione":null}},{"type":"Feature","geometry":{"coordinates":[11.290676582084748,44.498594184680805],"type":"Point"},"properties":{"geo_point_2d":{"lon":11.290676582084748,"lat":44.498594184680805},"tipo_di_area":null,"nome":null,"quartiere":null,"ubicazione":null}},{"type":"Feature","geometry":{"coordinates":[11.303648652636385,44.497779052520116],"type":"Point"},"properties":{"geo_point_2d":{"lon":11.303648652636385,"lat":44.497779052520116},"tipo_di_area":null,"nome":null,"quartiere":null,"ubicazione":null}},{"type":"Feature","geometry":{"coordinates":[11.298467443238959,44.49920266650242],"type":"Point"},"properties":{"geo_point_2d":{"lon":11.298467443238959,"lat":44.49920266650242},"tipo_di_area":null,"nome":null,"quartiere":null,"ubicazione":null}},{"type":"Feature","geometry":{"coordinates":[11.302761428385086,44.5024894104511],"type":"Point"},"properties":{"geo_point_2d":{"lon":11.302761428385086,"lat":44.5024894104511},"tipo_di_area":null,"nome":null,"quartiere":null,"ubicazione":null}},{"type":"Feature","geometry":{"coordinates":[11.30435851396028,44.505546360860855],"type":"Point"},"properties":{"geo_point_2d":{"lon":11.30435851396028,"lat":44.505546360860855},"tipo_di_area":null,"nome":null,"quartiere":null,"ubicazione":null}},{"type":"Feature","geometry":{"coordinates":[11.304754201230262,44.50723192309273],"type":"Point"},"properties":{"geo_point_2d":{"lon":11.304754201230262,"lat":44.50723192309273},"tipo_di_area":null,"nome":null,"quartiere":null,"ubicazione":null}},{"type":"Feature","geometry":{"coordinates":[11.31013243503439,44.505629512533595],"type":"Point"},"properties":{"geo_point_2d":{"lon":11.31013243503439,"lat":44.505629512533595},"tipo_di_area":null,"nome":null,"quartiere":null,"ubicazione":null}},{"type":"Feature","geometry":{"coordinates":[11.310350349762782,44.505352203753304],"type":"Point"},"properties":{"geo_point_2d":{"lon":11.310350349762782,"lat":44.505352203753304},"tipo_di_area":null,"nome":null,"quartiere":null,"ubicazione":null}},{"type":"Feature","geometry":{"coordinates":[11.314514896837155,44.49970116692453],"type":"Point"},"properties":{"geo_point_2d":{"lon":11.314514896837155,"lat":44.49970116692453},"tipo_di_area":null,"nome":null,"quartiere":null,"ubicazione":null}},{"type":"Feature","geometry":{"coordinates":[11.315051491375119,44.50061051034004],"type":"Point"},"properties":{"geo_point_2d":{"lon":11.315051491375119,"lat":44.50061051034004},"tipo_di_area":null,"nome":null,"quartiere":null,"ubicazione":null}},{"type":"Feature","geometry":{"coordinates":[11.312971061101615,44.50086590476326],"type":"Point"},"properties":{"geo_point_2d":{"lon":11.312971061101615,"lat":44.50086590476326},"tipo_di_area":null,"nome":null,"quartiere":null,"ubicazione":null}},{"type":"Feature","geometry":{"coordinates":[11.287942329784066,44.508655073317975],"type":"Point"},"properties":{"geo_point_2d":{"lon":11.287942329784066,"lat":44.508655073317975},"tipo_di_area":null,"nome":null,"quartiere":null,"ubicazione":null}},{"type":"Feature","geometry":{"coordinates":[11.285795699152017,44.509047561789224],"type":"Point"},"properties":{"geo_point_2d":{"lon":11.285795699152017,"lat":44.509047561789224},"tipo_di_area":null,"nome":null,"quartiere":null,"ubicazione":null}},{"type":"Feature","geometry":{"coordinates":[11.285811103989627,44.50805696375341],"type":"Point"},"properties":{"geo_point_2d":{"lon":11.285811103989627,"lat":44.50805696375341},"tipo_di_area":null,"nome":null,"quartiere":null,"ubicazione":null}},{"type":"Feature","geometry":{"coordinates":[11.279307918304214,44.49546886721241],"type":"Point"},"properties":{"geo_point_2d":{"lon":11.279307918304214,"lat":44.49546886721241},"tipo_di_area":null,"nome":null,"quartiere":null,"ubicazione":null}},{"type":"Feature","geometry":{"coordinates":[11.278007883965127,44.51455345168342],"type":"Point"},"properties":{"geo_point_2d":{"lon":11.278007883965127,"lat":44.51455345168342},"tipo_di_area":null,"nome":null,"quartiere":null,"ubicazione":null}},{"type":"Feature","geometry":{"coordinates":[11.286333194029522,44.51862367768999],"type":"Point"},"properties":{"geo_point_2d":{"lon":11.286333194029522,"lat":44.51862367768999},"tipo_di_area":null,"nome":null,"quartiere":null,"ubicazione":null}},{"type":"Feature","geometry":{"coordinates":[11.291049083664552,44.51143430695536],"type":"Point"},"properties":{"geo_point_2d":{"lon":11.291049083664552,"lat":44.51143430695536},"tipo_di_area":null,"nome":null,"quartiere":null,"ubicazione":null}},{"type":"Feature","geometry":{"coordinates":[11.354914191514101,44.51359265865964],"type":"Point"},"properties":{"geo_point_2d":{"lon":11.354914191514101,"lat":44.51359265865964},"tipo_di_area":null,"nome":null,"quartiere":null,"ubicazione":null}},{"type":"Feature","geometry":{"coordinates":[11.355713903518678,44.513387707341884],"type":"Point"},"properties":{"geo_point_2d":{"lon":11.355713903518678,"lat":44.513387707341884},"tipo_di_area":null,"nome":null,"quartiere":null,"ubicazione":null}},{"type":"Feature","geometry":{"coordinates":[11.35419150369757,44.51371589736052],"type":"Point"},"properties":{"geo_point_2d":{"lon":11.35419150369757,"lat":44.51371589736052},"tipo_di_area":null,"nome":null,"quartiere":null,"ubicazione":null}},{"type":"Feature","geometry":{"coordinates":[11.361443833333716,44.51146712595734],"type":"Point"},"properties":{"geo_point_2d":{"lon":11.361443833333716,"lat":44.51146712595734},"tipo_di_area":null,"nome":null,"quartiere":null,"ubicazione":null}},{"type":"Feature","geometry":{"coordinates":[11.356574565098153,44.510799024847984],"type":"Point"},"properties":{"geo_point_2d":{"lon":11.356574565098153,"lat":44.510799024847984},"tipo_di_area":null,"nome":null,"quartiere":null,"ubicazione":null}},{"type":"Feature","geometry":{"coordinates":[11.368063894852332,44.50778436510544],"type":"Point"},"properties":{"geo_point_2d":{"lon":11.368063894852332,"lat":44.50778436510544},"tipo_di_area":null,"nome":null,"quartiere":null,"ubicazione":null}},{"type":"Feature","geometry":{"coordinates":[11.367958070315712,44.507697964059716],"type":"Point"},"properties":{"geo_point_2d":{"lon":11.367958070315712,"lat":44.507697964059716},"tipo_di_area":null,"nome":null,"quartiere":null,"ubicazione":null}},{"type":"Feature","geometry":{"coordinates":[11.378902872549189,44.50745550531129],"type":"Point"},"properties":{"geo_point_2d":{"lon":11.378902872549189,"lat":44.50745550531129},"tipo_di_area":null,"nome":null,"quartiere":null,"ubicazione":null}},{"type":"Feature","geometry":{"coordinates":[11.39283353417664,44.514512930262924],"type":"Point"},"properties":{"geo_point_2d":{"lon":11.39283353417664,"lat":44.514512930262924},"tipo_di_area":null,"nome":null,"quartiere":null,"ubicazione":null}},{"type":"Feature","geometry":{"coordinates":[11.392195907854733,44.5145236466717],"type":"Point"},"properties":{"geo_point_2d":{"lon":11.392195907854733,"lat":44.5145236466717},"tipo_di_area":null,"nome":null,"quartiere":null,"ubicazione":null}},{"type":"Feature","geometry":{"coordinates":[11.398267088311588,44.51354979302462],"type":"Point"},"properties":{"geo_point_2d":{"lon":11.398267088311588,"lat":44.51354979302462},"tipo_di_area":null,"nome":null,"quartiere":null,"ubicazione":null}},{"type":"Feature","geometry":{"coordinates":[11.395522013227215,44.512120157116954],"type":"Point"},"properties":{"geo_point_2d":{"lon":11.395522013227215,"lat":44.512120157116954},"tipo_di_area":null,"nome":null,"quartiere":null,"ubicazione":null}},{"type":"Feature","geometry":{"coordinates":[11.362404291469893,44.54795783737564],"type":"Point"},"properties":{"geo_point_2d":{"lon":11.362404291469893,"lat":44.54795783737564},"tipo_di_area":null,"nome":null,"quartiere":null,"ubicazione":null}},{"type":"Feature","geometry":{"coordinates":[11.361501434030894,44.546635700443446],"type":"Point"},"properties":{"geo_point_2d":{"lon":11.361501434030894,"lat":44.546635700443446},"tipo_di_area":null,"nome":null,"quartiere":null,"ubicazione":null}},{"type":"Feature","geometry":{"coordinates":[11.362479306331297,44.546253258605404],"type":"Point"},"properties":{"geo_point_2d":{"lon":11.362479306331297,"lat":44.546253258605404},"tipo_di_area":null,"nome":null,"quartiere":null,"ubicazione":null}},{"type":"Feature","geometry":{"coordinates":[11.356696464248033,44.52920914534221],"type":"Point"},"properties":{"geo_point_2d":{"lon":11.356696464248033,"lat":44.52920914534221},"tipo_di_area":null,"nome":null,"quartiere":null,"ubicazione":null}},{"type":"Feature","geometry":{"coordinates":[11.277377498389626,44.51875122652657],"type":"Point"},"properties":{"geo_point_2d":{"lon":11.277377498389626,"lat":44.51875122652657},"tipo_di_area":null,"nome":null,"quartiere":null,"ubicazione":null}},{"type":"Feature","geometry":{"coordinates":[11.27679814254038,44.518600527028184],"type":"Point"},"properties":{"geo_point_2d":{"lon":11.27679814254038,"lat":44.518600527028184},"tipo_di_area":null,"nome":null,"quartiere":null,"ubicazione":null}},{"type":"Feature","geometry":{"coordinates":[11.35011277871584,44.53239053579127],"type":"Point"},"properties":{"geo_point_2d":{"lon":11.35011277871584,"lat":44.53239053579127},"tipo_di_area":null,"nome":null,"quartiere":null,"ubicazione":null}},{"type":"Feature","geometry":{"coordinates":[11.379289541148978,44.498697476836234],"type":"Point"},"properties":{"geo_point_2d":{"lon":11.379289541148978,"lat":44.498697476836234},"tipo_di_area":null,"nome":null,"quartiere":null,"ubicazione":null}},{"type":"Feature","geometry":{"coordinates":[11.28712888738078,44.493099871098295],"type":"Point"},"properties":{"geo_point_2d":{"lon":11.28712888738078,"lat":44.493099871098295},"tipo_di_area":null,"nome":null,"quartiere":null,"ubicazione":null}},{"type":"Feature","geometry":{"coordinates":[11.337561750742426,44.51982468426916],"type":"Point"},"properties":{"geo_point_2d":{"lon":11.337561750742426,"lat":44.51982468426916},"tipo_di_area":"GIARDINO","nome":"PARCO DI VILLA GROSSO","quartiere":"Navile","ubicazione":"Via Piero Gobetti"}},{"type":"Feature","geometry":{"coordinates":[11.36149422052205,44.46074983435059],"type":"Point"},"properties":{"geo_point_2d":{"lon":11.36149422052205,"lat":44.46074983435059},"tipo_di_area":"GIARDINO","nome":"AREA VIA DELL'ANGELO CUSTODE","quartiere":"Savena","ubicazione":"Via dell'Angelo Custode"}},{"type":"Feature","geometry":{"coordinates":[11.38291003225773,44.477977768282045],"type":"Point"},"properties":{"geo_point_2d":{"lon":11.38291003225773,"lat":44.477977768282045},"tipo_di_area":"GIARDINO","nome":"GIARDINO PARTIGIANI DEL PONTEVECCHIO","quartiere":"Savena","ubicazione":"via Friuli Venezia Giulia"}},{"type":"Feature","geometry":{"coordinates":[11.378060992989182,44.491567342468485],"type":"Point"},"properties":{"geo_point_2d":{"lon":11.378060992989182,"lat":44.491567342468485},"tipo_di_area":"GIARDINO","nome":"CENTRO ANZIANI R.RUOZI","quartiere":"San Donato - San Vitale","ubicazione":"Via Castelmerlo, 13"}},{"type":"Feature","geometry":{"coordinates":[11.38180794805096,44.48124457027061],"type":"Point"},"properties":{"geo_point_2d":{"lon":11.38180794805096,"lat":44.48124457027061},"tipo_di_area":"GIARDINO","nome":"GIARDINO VITTORINA DAL MONTE","quartiere":"Savena","ubicazione":"via Emilia Levante"}},{"type":"Feature","geometry":{"coordinates":[11.308216585367898,44.50089759544397],"type":"Point"},"properties":{"geo_point_2d":{"lon":11.308216585367898,"lat":44.50089759544397},"tipo_di_area":"GIARDINO","nome":"AREA VIA CIVIDALI","quartiere":"Porto - Saragozza","ubicazione":"Via Cividali"}},{"type":"Feature","geometry":{"coordinates":[11.289574620593013,44.48886933590126],"type":"Point"},"properties":{"geo_point_2d":{"lon":11.289574620593013,"lat":44.48886933590126},"tipo_di_area":"GIARDINO","nome":"GIARDINO DEL GHISELLO (EX GIARDINO CALDA)","quartiere":"Borgo Panigale - Reno","ubicazione":"via Treves"}},{"type":"Feature","geometry":{"coordinates":[11.327733752542507,44.49725967904077],"type":"Point"},"properties":{"geo_point_2d":{"lon":11.327733752542507,"lat":44.49725967904077},"tipo_di_area":"VERDE D'ARREDO","nome":"AREA VIALE VICINI-VIA DELLA GRADA","quartiere":"Porto - Saragozza","ubicazione":"Viale Giovanni Vicini"}},{"type":"Feature","geometry":{"coordinates":[11.280562276888062,44.51736993702667],"type":"Point"},"properties":{"geo_point_2d":{"lon":11.280562276888062,"lat":44.51736993702667},"tipo_di_area":"VERDE D'ARREDO","nome":"GIARDINO DEGLI IPPOCASTANI","quartiere":"Borgo Panigale - Reno","ubicazione":"Via Nani"}},{"type":"Feature","geometry":{"coordinates":[11.292294231952553,44.49564082051162],"type":"Point"},"properties":{"geo_point_2d":{"lon":11.292294231952553,"lat":44.49564082051162},"tipo_di_area":"VERDE D'ARREDO","nome":"VIA DELLA BARCA 44","quartiere":"Borgo Panigale - Reno","ubicazione":"Via della Barca"}},{"type":"Feature","geometry":{"coordinates":[11.285609949802597,44.495141784933125],"type":"Point"},"properties":{"geo_point_2d":{"lon":11.285609949802597,"lat":44.495141784933125},"tipo_di_area":"GIARDINO","nome":"GIARDINO GIOVANNI XXIII","quartiere":"Borgo Panigale - Reno","ubicazione":"Piazza Giovanni XXIII"}},{"type":"Feature","geometry":{"coordinates":[11.361634246120579,44.54964220146628],"type":"Point"},"properties":{"geo_point_2d":{"lon":11.361634246120579,"lat":44.54964220146628},"tipo_di_area":"VERDE D'ARREDO","nome":"GIARDINO GUIDO GRANDI (EX P.E.E.P. CORTICELLA)","quartiere":"Navile","ubicazione":"Via Shakespeare"}},{"type":"Feature","geometry":{"coordinates":[11.343049730807628,44.529704182123],"type":"Point"},"properties":{"geo_point_2d":{"lon":11.343049730807628,"lat":44.529704182123},"tipo_di_area":"PARCO","nome":"FASCIA BOSCATA","quartiere":"Navile","ubicazione":"Via Arcoveggio"}},{"type":"Feature","geometry":{"coordinates":[11.35295191958545,44.53534484606557],"type":"Point"},"properties":{"geo_point_2d":{"lon":11.35295191958545,"lat":44.53534484606557},"tipo_di_area":"VERDE D'ARREDO","nome":"Giardino Papini Corticella","quartiere":"Navile","ubicazione":"Via Giovanni Papini"}},{"type":"Feature","geometry":{"coordinates":[11.400255633253632,44.52384547919223],"type":"Point"},"properties":{"geo_point_2d":{"lon":11.400255633253632,"lat":44.52384547919223},"tipo_di_area":"GIARDINO","nome":"GIARDINO OSTELLO COMUNALE","quartiere":"San Donato - San Vitale","ubicazione":"Via Viadagola"}},{"type":"Feature","geometry":{"coordinates":[11.361061679144049,44.50021638665697],"type":"Point"},"properties":{"geo_point_2d":{"lon":11.361061679144049,"lat":44.50021638665697},"tipo_di_area":"GIARDINO","nome":"C. ACCOGL. BELTRAME - C. DIURNO SABATUCCI","quartiere":"San Donato - San Vitale","ubicazione":"Via Francesco Sabatucci"}},{"type":"Feature","geometry":{"coordinates":[11.363984955627693,44.5086746152663],"type":"Point"},"properties":{"geo_point_2d":{"lon":11.363984955627693,"lat":44.5086746152663},"tipo_di_area":"VERDE D'ARREDO","nome":"PIAZZA  COSTITITUZIONE E  AREA LIMITROFA","quartiere":"San Donato - San Vitale","ubicazione":"Piazza della Costituzione"}},{"type":"Feature","geometry":{"coordinates":[11.3633534525304,44.51215576934498],"type":"Point"},"properties":{"geo_point_2d":{"lon":11.3633534525304,"lat":44.51215576934498},"tipo_di_area":"VERDE D'ARREDO","nome":"PIAZZA  COSTITITUZIONE E  AREA LIMITROFA","quartiere":"San Donato - San Vitale","ubicazione":"Piazza della Costituzione"}},{"type":"Feature","geometry":{"coordinates":[11.37514535225644,44.46384715356033],"type":"Point"},"properties":{"geo_point_2d":{"lon":11.37514535225644,"lat":44.46384715356033},"tipo_di_area":"GIARDINO","nome":"GIARDINO CENTRO CIVICO CORELLI","quartiere":"Savena","ubicazione":"Via Amilcare Ponchielli"}},{"type":"Feature","geometry":{"coordinates":[11.391166607356253,44.5114855612444],"type":"Point"},"properties":{"geo_point_2d":{"lon":11.391166607356253,"lat":44.5114855612444},"tipo_di_area":null,"nome":null,"quartiere":null,"ubicazione":null}},{"type":"Feature","geometry":{"coordinates":[11.342422205076122,44.52328692183537],"type":"Point"},"properties":{"geo_point_2d":{"lon":11.342422205076122,"lat":44.52328692183537},"tipo_di_area":"GIARDINO","nome":"ARREDO ORTI ERBOSA","quartiere":"Navile","ubicazione":"Via Erbosa"}},{"type":"Feature","geometry":{"coordinates":[11.265469422341045,44.52454121243139],"type":"Point"},"properties":{"geo_point_2d":{"lon":11.265469422341045,"lat":44.52454121243139},"tipo_di_area":"VERDE D'ARREDO","nome":"AREE VIA NORMANDIA","quartiere":"Borgo Panigale - Reno","ubicazione":"Via Normandia"}},{"type":"Feature","geometry":{"coordinates":[11.395791355929406,44.510269416829786],"type":"Point"},"properties":{"geo_point_2d":{"lon":11.395791355929406,"lat":44.510269416829786},"tipo_di_area":null,"nome":null,"quartiere":null,"ubicazione":null}},{"type":"Feature","geometry":{"coordinates":[11.359822641619274,44.5491627635869],"type":"Point"},"properties":{"geo_point_2d":{"lon":11.359822641619274,"lat":44.5491627635869},"tipo_di_area":null,"nome":null,"quartiere":null,"ubicazione":null}},{"type":"Feature","geometry":{"coordinates":[11.394164368521182,44.510783892203584],"type":"Point"},"properties":{"geo_point_2d":{"lon":11.394164368521182,"lat":44.510783892203584},"tipo_di_area":null,"nome":null,"quartiere":null,"ubicazione":null}},{"type":"Feature","geometry":{"coordinates":[11.37737257725168,44.4722122873727],"type":"Point"},"properties":{"geo_point_2d":{"lon":11.37737257725168,"lat":44.4722122873727},"tipo_di_area":null,"nome":null,"quartiere":null,"ubicazione":null}},{"type":"Feature","geometry":{"coordinates":[11.311361909708173,44.4981619912854],"type":"Point"},"properties":{"geo_point_2d":{"lon":11.311361909708173,"lat":44.4981619912854},"tipo_di_area":null,"nome":null,"quartiere":null,"ubicazione":null}},{"type":"Feature","geometry":{"coordinates":[11.352763103130822,44.53451447661169],"type":"Point"},"properties":{"geo_point_2d":{"lon":11.352763103130822,"lat":44.53451447661169},"tipo_di_area":"VERDE D'ARREDO","nome":"Giardino Papini Corticella","quartiere":"Navile","ubicazione":"Via Giovanni Papini"}},{"type":"Feature","geometry":{"coordinates":[11.385269990996282,44.46673311222992],"type":"Point"},"properties":{"geo_point_2d":{"lon":11.385269990996282,"lat":44.46673311222992},"tipo_di_area":"GIARDINO","nome":"CENTRO SOC. \"CASA DEL GUFO\"","quartiere":"Savena","ubicazione":"via Longo"}},{"type":"Feature","geometry":{"coordinates":[11.291725652988879,44.51923727196939],"type":"Point"},"properties":{"geo_point_2d":{"lon":11.291725652988879,"lat":44.51923727196939},"tipo_di_area":"VERDE D'ARREDO","nome":"VERDE PARCHEGGIO VIA CALVI","quartiere":"Borgo Panigale - Reno","ubicazione":"Via Pier Fortunato Calvi"}},{"type":"Feature","geometry":{"coordinates":[11.400036596991557,44.510800276769636],"type":"Point"},"properties":{"geo_point_2d":{"lon":11.400036596991557,"lat":44.510800276769636},"tipo_di_area":null,"nome":null,"quartiere":null,"ubicazione":null}},{"type":"Feature","geometry":{"coordinates":[11.276804021423981,44.50247655836783],"type":"Point"},"properties":{"geo_point_2d":{"lon":11.276804021423981,"lat":44.50247655836783},"tipo_di_area":"GIARDINO","nome":"G.NO SORELLE MIRABAL","quartiere":"Borgo Panigale - Reno","ubicazione":"via Salvemini"}},{"type":"Feature","geometry":{"coordinates":[11.358462350091058,44.509616118222574],"type":"Point"},"properties":{"geo_point_2d":{"lon":11.358462350091058,"lat":44.509616118222574},"tipo_di_area":"GIARDINO","nome":"GIARDINO PAOLO LACCHINI","quartiere":"San Donato - San Vitale","ubicazione":"Via Serena\/Viale della Repubblica"}},{"type":"Feature","geometry":{"coordinates":[11.40410861191554,44.485773990944764],"type":"Point"},"properties":{"geo_point_2d":{"lon":11.40410861191554,"lat":44.485773990944764},"tipo_di_area":"PARCO","nome":"AREA CANOVA","quartiere":"San Donato - San Vitale","ubicazione":"Via Antonio Canova"}},{"type":"Feature","geometry":{"coordinates":[11.395559274303594,44.47565473910647],"type":"Point"},"properties":{"geo_point_2d":{"lon":11.395559274303594,"lat":44.47565473910647},"tipo_di_area":"PARCO","nome":"AREA VIA DOZZA","quartiere":"Savena","ubicazione":"via Dozza"}},{"type":"Feature","geometry":{"coordinates":[11.383754795641734,44.46674447584989],"type":"Point"},"properties":{"geo_point_2d":{"lon":11.383754795641734,"lat":44.46674447584989},"tipo_di_area":null,"nome":null,"quartiere":null,"ubicazione":null}},{"type":"Feature","geometry":{"coordinates":[11.309180262836916,44.49443511722021],"type":"Point"},"properties":{"geo_point_2d":{"lon":11.309180262836916,"lat":44.49443511722021},"tipo_di_area":"VERDE SPORTIVO","nome":"ANTISTADIO","quartiere":"Porto - Saragozza","ubicazione":"via A. Costa"}},{"type":"Feature","geometry":{"coordinates":[11.393677821602356,44.47468309815315],"type":"Point"},"properties":{"geo_point_2d":{"lon":11.393677821602356,"lat":44.47468309815315},"tipo_di_area":"GIARDINO","nome":"AREA VIA FERRARA (HORTUS CONCLUSUS)","quartiere":"Savena","ubicazione":"via Ferrara"}},{"type":"Feature","geometry":{"coordinates":[11.357333293415182,44.48787977032251],"type":"Point"},"properties":{"geo_point_2d":{"lon":11.357333293415182,"lat":44.48787977032251},"tipo_di_area":"GIARDINO","nome":"GIARDINO MONUMENTO  CASA CARDUCCI","quartiere":"Santo Stefano","ubicazione":"viale Carducci"}},{"type":"Feature","geometry":{"coordinates":[11.285001218822819,44.49384509066237],"type":"Point"},"properties":{"geo_point_2d":{"lon":11.285001218822819,"lat":44.49384509066237},"tipo_di_area":"GIARDINO","nome":"AREA VIA ACHILLE GRANDI","quartiere":"Borgo Panigale - Reno","ubicazione":"Via Grandi"}},{"type":"Feature","geometry":{"coordinates":[11.334806904813401,44.494645286113865],"type":"Point"},"properties":{"geo_point_2d":{"lon":11.334806904813401,"lat":44.494645286113865},"tipo_di_area":"GIARDINO","nome":"GIARDINO PIAZZA SAN FRANCESCO","quartiere":"Porto - Saragozza","ubicazione":"Piazza San Francesco"}},{"type":"Feature","geometry":{"coordinates":[11.272436735732875,44.520633104231884],"type":"Point"},"properties":{"geo_point_2d":{"lon":11.272436735732875,"lat":44.520633104231884},"tipo_di_area":"VERDE D'ARREDO","nome":"GIARDINO LUIGI PASTEUR","quartiere":"Borgo Panigale - Reno","ubicazione":"Via Luigi Pasteur"}},{"type":"Feature","geometry":{"coordinates":[11.386516697681152,44.51138078479602],"type":"Point"},"properties":{"geo_point_2d":{"lon":11.386516697681152,"lat":44.51138078479602},"tipo_di_area":"VERDE D'ARREDO","nome":"VERDE VIA S.DONATO 177-177\/5A","quartiere":"San Donato - San Vitale","ubicazione":"Via San Donato, 177"}},{"type":"Feature","geometry":{"coordinates":[11.35339172899479,44.491338111278026],"type":"Point"},"properties":{"geo_point_2d":{"lon":11.35339172899479,"lat":44.491338111278026},"tipo_di_area":"GIARDINO","nome":"Giardino Chiesa dei Servi","quartiere":"Santo Stefano","ubicazione":"Strada Maggiore, 36"}},{"type":"Feature","geometry":{"coordinates":[11.293132611197194,44.505942195528874],"type":"Point"},"properties":{"geo_point_2d":{"lon":11.293132611197194,"lat":44.505942195528874},"tipo_di_area":"GIARDINO","nome":"AREA ENEL SPERANZA","quartiere":"Borgo Panigale - Reno","ubicazione":"Via Speranza"}},{"type":"Feature","geometry":{"coordinates":[11.291077098779645,44.49387809571089],"type":"Point"},"properties":{"geo_point_2d":{"lon":11.291077098779645,"lat":44.49387809571089},"tipo_di_area":"GIARDINO","nome":"GIARDINO TERESA NOCE","quartiere":"Borgo Panigale - Reno","ubicazione":"Via del Beccaccino"}},{"type":"Feature","geometry":{"coordinates":[11.34676222653569,44.537408159311],"type":"Point"},"properties":{"geo_point_2d":{"lon":11.34676222653569,"lat":44.537408159311},"tipo_di_area":null,"nome":null,"quartiere":null,"ubicazione":null}},{"type":"Feature","geometry":{"coordinates":[11.373539517772347,44.49375425494033],"type":"Point"},"properties":{"geo_point_2d":{"lon":11.373539517772347,"lat":44.49375425494033},"tipo_di_area":"GIARDINO","nome":"GIARDINO MASSARENTI  RIMESSE","quartiere":"San Donato - San Vitale","ubicazione":"Via Massarenti"}},{"type":"Feature","geometry":{"coordinates":[11.352222417019824,44.52604470319672],"type":"Point"},"properties":{"geo_point_2d":{"lon":11.352222417019824,"lat":44.52604470319672},"tipo_di_area":"PARCO","nome":"PARCO EX CASERME ROSSE","quartiere":"Navile","ubicazione":"Via di Corticella"}},{"type":"Feature","geometry":{"coordinates":[11.366903727536227,44.50398306845228],"type":"Point"},"properties":{"geo_point_2d":{"lon":11.366903727536227,"lat":44.50398306845228},"tipo_di_area":null,"nome":null,"quartiere":null,"ubicazione":null}},{"type":"Feature","geometry":{"coordinates":[11.365763361739525,44.50426815990145],"type":"Point"},"properties":{"geo_point_2d":{"lon":11.365763361739525,"lat":44.50426815990145},"tipo_di_area":null,"nome":null,"quartiere":null,"ubicazione":null}},{"type":"Feature","geometry":{"coordinates":[11.367355941559056,44.50506117289801],"type":"Point"},"properties":{"geo_point_2d":{"lon":11.367355941559056,"lat":44.50506117289801},"tipo_di_area":null,"nome":null,"quartiere":null,"ubicazione":null}},{"type":"Feature","geometry":{"coordinates":[11.363482435201112,44.51015676210206],"type":"Point"},"properties":{"geo_point_2d":{"lon":11.363482435201112,"lat":44.51015676210206},"tipo_di_area":"VERDE D'ARREDO","nome":"PIAZZA  COSTITITUZIONE E  AREA LIMITROFA","quartiere":"San Donato - San Vitale","ubicazione":"Piazza della Costituzione"}},{"type":"Feature","geometry":{"coordinates":[11.386020483749142,44.464129654442644],"type":"Point"},"properties":{"geo_point_2d":{"lon":11.386020483749142,"lat":44.464129654442644},"tipo_di_area":"PARCO","nome":"PASSAGGIO ANFIBI","quartiere":"Savena","ubicazione":"Via Alberto Mario"}},{"type":"Feature","geometry":{"coordinates":[11.353773017555953,44.485528738869135],"type":"Point"},"properties":{"geo_point_2d":{"lon":11.353773017555953,"lat":44.485528738869135},"tipo_di_area":"GIARDINO","nome":"GIARDINO S. TERESA VERZERI (EX PIAZZA DEL BARACCANO)","quartiere":"Santo Stefano","ubicazione":"Piazza del Baraccano 6"}},{"type":"Feature","geometry":{"coordinates":[11.366870958404137,44.50479246601488],"type":"Point"},"properties":{"geo_point_2d":{"lon":11.366870958404137,"lat":44.50479246601488},"tipo_di_area":null,"nome":null,"quartiere":null,"ubicazione":null}},{"type":"Feature","geometry":{"coordinates":[11.324133217328079,44.451559623253075],"type":"Point"},"properties":{"geo_point_2d":{"lon":11.324133217328079,"lat":44.451559623253075},"tipo_di_area":"PARCO","nome":"PARCO PADERNO","quartiere":"Santo Stefano","ubicazione":"Via Paderno"}},{"type":"Feature","geometry":{"coordinates":[11.359972646485273,44.523165708763486],"type":"Point"},"properties":{"geo_point_2d":{"lon":11.359972646485273,"lat":44.523165708763486},"tipo_di_area":null,"nome":null,"quartiere":null,"ubicazione":null}},{"type":"Feature","geometry":{"coordinates":[11.375064227920346,44.475786449466185],"type":"Point"},"properties":{"geo_point_2d":{"lon":11.375064227920346,"lat":44.475786449466185},"tipo_di_area":"GIARDINO","nome":"GIARDINO PARISIO MORELLI","quartiere":"Santo Stefano","ubicazione":"Via Parisio"}},{"type":"Feature","geometry":{"coordinates":[11.368083416291434,44.50454342061101],"type":"Point"},"properties":{"geo_point_2d":{"lon":11.368083416291434,"lat":44.50454342061101},"tipo_di_area":null,"nome":null,"quartiere":null,"ubicazione":null}},{"type":"Feature","geometry":{"coordinates":[11.335478230488274,44.50228210302417],"type":"Point"},"properties":{"geo_point_2d":{"lon":11.335478230488274,"lat":44.50228210302417},"tipo_di_area":"GIARDINO","nome":"GIARDINO JOHN KLEMLEN","quartiere":"Porto - Saragozza","ubicazione":"Via Azzo Gardino"}},{"type":"Feature","geometry":{"coordinates":[11.338218535983906,44.504376164351676],"type":"Point"},"properties":{"geo_point_2d":{"lon":11.338218535983906,"lat":44.504376164351676},"tipo_di_area":"VERDE D'ARREDO","nome":"GIARDINO GRAZIELLA FAVA","quartiere":"Porto - Saragozza","ubicazione":"Via Milazzo"}},{"type":"Feature","geometry":{"coordinates":[11.381292510669397,44.46362232621926],"type":"Point"},"properties":{"geo_point_2d":{"lon":11.381292510669397,"lat":44.46362232621926},"tipo_di_area":"PARCO","nome":"NUOVA","quartiere":null,"ubicazione":null}},{"type":"Feature","geometry":{"coordinates":[11.308294026235847,44.49848134855097],"type":"Point"},"properties":{"geo_point_2d":{"lon":11.308294026235847,"lat":44.49848134855097},"tipo_di_area":"VERDE D'ARREDO","nome":"GIARDINO PERSEGUITATI ANTIFASCISTI","quartiere":"Borgo Panigale - Reno","ubicazione":"Viale Gandhi"}},{"type":"Feature","geometry":{"coordinates":[11.3723377946022,44.477577427633996],"type":"Point"},"properties":{"geo_point_2d":{"lon":11.3723377946022,"lat":44.477577427633996},"tipo_di_area":"GIARDINO","nome":"GIARDINO VIA DEI LAMPONI","quartiere":"Santo Stefano","ubicazione":"via dei Lamponi"}},{"type":"Feature","geometry":{"coordinates":[11.375101344416548,44.48570997694646],"type":"Point"},"properties":{"geo_point_2d":{"lon":11.375101344416548,"lat":44.48570997694646},"tipo_di_area":"GIARDINO","nome":"G.NO ARPAD WEISZ","quartiere":"San Donato - San Vitale","ubicazione":"Via Pietro Mainoldi, 4"}},{"type":"Feature","geometry":{"coordinates":[11.395454302848247,44.47578874678083],"type":"Point"},"properties":{"geo_point_2d":{"lon":11.395454302848247,"lat":44.47578874678083},"tipo_di_area":"PARCO","nome":"AREA VIA DOZZA","quartiere":"Savena","ubicazione":"via Dozza"}},{"type":"Feature","geometry":{"coordinates":[11.350414965770874,44.52989631813736],"type":"Point"},"properties":{"geo_point_2d":{"lon":11.350414965770874,"lat":44.52989631813736},"tipo_di_area":"GIARDINO","nome":"GIARDINO ANNA MORANDI MANZOLINI","quartiere":"Navile","ubicazione":"Via Aimo"}},{"type":"Feature","geometry":{"coordinates":[11.36451648621243,44.49280718749799],"type":"Point"},"properties":{"geo_point_2d":{"lon":11.36451648621243,"lat":44.49280718749799},"tipo_di_area":"GIARDINO","nome":"GIARDINO MASSARENTI-BENTIVOGLI","quartiere":"San Donato - San Vitale","ubicazione":"Via Massarenti"}},{"type":"Feature","geometry":{"coordinates":[11.397728354343728,44.4910414957017],"type":"Point"},"properties":{"geo_point_2d":{"lon":11.397728354343728,"lat":44.4910414957017},"tipo_di_area":"GIARDINO","nome":"G.NO BELLA FUORI 3 MARTELLI","quartiere":"San Donato - San Vitale","ubicazione":"Via Tommaso Martelli 37"}},{"type":"Feature","geometry":{"coordinates":[11.371123962901933,44.479530770210516],"type":"Point"},"properties":{"geo_point_2d":{"lon":11.371123962901933,"lat":44.479530770210516},"tipo_di_area":"GIARDINO","nome":"VIA DAGNINI-G.NO L.LERCARO","quartiere":"Santo Stefano","ubicazione":"Via Dagnini"}},{"type":"Feature","geometry":{"coordinates":[11.37194862310426,44.525879160201],"type":"Point"},"properties":{"geo_point_2d":{"lon":11.37194862310426,"lat":44.525879160201},"tipo_di_area":null,"nome":null,"quartiere":null,"ubicazione":null}},{"type":"Feature","geometry":{"coordinates":[11.371198778423478,44.48131366302636],"type":"Point"},"properties":{"geo_point_2d":{"lon":11.371198778423478,"lat":44.48131366302636},"tipo_di_area":null,"nome":null,"quartiere":null,"ubicazione":null}},{"type":"Feature","geometry":{"coordinates":[11.280439435624265,44.50383496296029],"type":"Point"},"properties":{"geo_point_2d":{"lon":11.280439435624265,"lat":44.50383496296029},"tipo_di_area":"GIARDINO","nome":"AREA SALVEMINI","quartiere":"Borgo Panigale - Reno","ubicazione":"via Salvemini"}},{"type":"Feature","geometry":{"coordinates":[11.383528985071047,44.47045637611275],"type":"Point"},"properties":{"geo_point_2d":{"lon":11.383528985071047,"lat":44.47045637611275},"tipo_di_area":"PARCO","nome":"GIARDINO E.BOSCHI","quartiere":"Savena","ubicazione":"Via Cavazzoni"}},{"type":"Feature","geometry":{"coordinates":[11.397493868869347,44.471113500481785],"type":"Point"},"properties":{"geo_point_2d":{"lon":11.397493868869347,"lat":44.471113500481785},"tipo_di_area":"GIARDINO","nome":"CENTRO DIURNO DISABILI","quartiere":"Savena","ubicazione":"Via Cracovia"}},{"type":"Feature","geometry":{"coordinates":[11.284549844250156,44.49288664632346],"type":"Point"},"properties":{"geo_point_2d":{"lon":11.284549844250156,"lat":44.49288664632346},"tipo_di_area":"GIARDINO","nome":"AREA VIA BALDINI - VIA MARCHIONI","quartiere":"Borgo Panigale - Reno","ubicazione":"Via Baldini"}},{"type":"Feature","geometry":{"coordinates":[11.372007635994825,44.46703507237834],"type":"Point"},"properties":{"geo_point_2d":{"lon":11.372007635994825,"lat":44.46703507237834},"tipo_di_area":"GIARDINO","nome":"GIARDINO PONCHIELLI","quartiere":"Savena","ubicazione":"Via Ponchielli"}},{"type":"Feature","geometry":{"coordinates":[11.344891601646108,44.50436913129689],"type":"Point"},"properties":{"geo_point_2d":{"lon":11.344891601646108,"lat":44.50436913129689},"tipo_di_area":"VERDE D'ARREDO","nome":"GIARDINO PIAZZA XX SETTEMBRE","quartiere":"Porto - Saragozza","ubicazione":"Piazza XX Settembre"}},{"type":"Feature","geometry":{"coordinates":[11.37411798888772,44.48840595085232],"type":"Point"},"properties":{"geo_point_2d":{"lon":11.37411798888772,"lat":44.48840595085232},"tipo_di_area":"PARCO","nome":"GIARDINO  MARIO MARAGI  (ARCOBALENO)","quartiere":"San Donato - San Vitale","ubicazione":"Via Arcobaleno"}},{"type":"Feature","geometry":{"coordinates":[11.316217053471519,44.533188696528754],"type":"Point"},"properties":{"geo_point_2d":{"lon":11.316217053471519,"lat":44.533188696528754},"tipo_di_area":"GIARDINO","nome":"GIARDINO NOCE CAPOLINEA","quartiere":"Navile","ubicazione":"Via Zanardi"}},{"type":"Feature","geometry":{"coordinates":[11.372507451110124,44.465708315696915],"type":"Point"},"properties":{"geo_point_2d":{"lon":11.372507451110124,"lat":44.465708315696915},"tipo_di_area":"GIARDINO","nome":"GIARDINO SAN RUFFILLO","quartiere":"Savena","ubicazione":"piazza Caduti di San Ruffillo"}},{"type":"Feature","geometry":{"coordinates":[11.382620609956438,44.4765972953809],"type":"Point"},"properties":{"geo_point_2d":{"lon":11.382620609956438,"lat":44.4765972953809},"tipo_di_area":"GIARDINO","nome":"PIAZZA BELLUNO","quartiere":"Savena","ubicazione":"Piazza Belluno"}},{"type":"Feature","geometry":{"coordinates":[11.365842844713438,44.49713883051532],"type":"Point"},"properties":{"geo_point_2d":{"lon":11.365842844713438,"lat":44.49713883051532},"tipo_di_area":"GIARDINO","nome":"GIARDINO VIA LIBIA","quartiere":"San Donato - San Vitale","ubicazione":"Via Libia"}},{"type":"Feature","geometry":{"coordinates":[11.263508714416261,44.52406344017346],"type":"Point"},"properties":{"geo_point_2d":{"lon":11.263508714416261,"lat":44.52406344017346},"tipo_di_area":"VERDE D'ARREDO","nome":"AREE VIA NORMANDIA","quartiere":"Borgo Panigale - Reno","ubicazione":"Via Normandia"}},{"type":"Feature","geometry":{"coordinates":[11.372778348305275,44.485981955850335],"type":"Point"},"properties":{"geo_point_2d":{"lon":11.372778348305275,"lat":44.485981955850335},"tipo_di_area":"GIARDINO","nome":"AREA AZZURRA FOSSOLO","quartiere":"San Donato - San Vitale","ubicazione":"Via Azzurra, Via Fossolo"}},{"type":"Feature","geometry":{"coordinates":[11.349454643826395,44.495371008919996],"type":"Point"},"properties":{"geo_point_2d":{"lon":11.349454643826395,"lat":44.495371008919996},"tipo_di_area":"GIARDINO","nome":"CONSERVATORIO G.B.MARTINI","quartiere":"Santo Stefano","ubicazione":"Piazza Rossini, 4"}},{"type":"Feature","geometry":{"coordinates":[11.331154545337188,44.49473795691306],"type":"Point"},"properties":{"geo_point_2d":{"lon":11.331154545337188,"lat":44.49473795691306},"tipo_di_area":"VERDE D'ARREDO","nome":"CENTRO CIVICO MALPIGHI","quartiere":"Porto - Saragozza","ubicazione":"via Pietralata"}},{"type":"Feature","geometry":{"coordinates":[11.313126972781923,44.49075827983169],"type":"Point"},"properties":{"geo_point_2d":{"lon":11.313126972781923,"lat":44.49075827983169},"tipo_di_area":"VERDE D'ARREDO","nome":"GIARDINO BANDIERA DE COUBERTIN","quartiere":"Porto - Saragozza","ubicazione":"via Bandiera"}},{"type":"Feature","geometry":{"coordinates":[11.383278539923298,44.49605889438868],"type":"Point"},"properties":{"geo_point_2d":{"lon":11.383278539923298,"lat":44.49605889438868},"tipo_di_area":"VERDE D'ARREDO","nome":"VERDE PARCHEGGIO SCANDELLARA","quartiere":"San Donato - San Vitale","ubicazione":"Via Scandellara"}},{"type":"Feature","geometry":{"coordinates":[11.356785879283718,44.533599858948534],"type":"Point"},"properties":{"geo_point_2d":{"lon":11.356785879283718,"lat":44.533599858948534},"tipo_di_area":null,"nome":null,"quartiere":null,"ubicazione":null}},{"type":"Feature","geometry":{"coordinates":[11.3744862510077,44.502152819358265],"type":"Point"},"properties":{"geo_point_2d":{"lon":11.3744862510077,"lat":44.502152819358265},"tipo_di_area":"PARCO","nome":"GIARDINO AMELIA ROSSELLI","quartiere":"San Donato - San Vitale","ubicazione":"Via Andreini"}},{"type":"Feature","geometry":{"coordinates":[11.361596589824778,44.50448794453909],"type":"Point"},"properties":{"geo_point_2d":{"lon":11.361596589824778,"lat":44.50448794453909},"tipo_di_area":"GIARDINO","nome":"ANFASS","quartiere":"San Donato - San Vitale","ubicazione":"Via Rasi"}},{"type":"Feature","geometry":{"coordinates":[11.286605638923472,44.492463123699046],"type":"Point"},"properties":{"geo_point_2d":{"lon":11.286605638923472,"lat":44.492463123699046},"tipo_di_area":"VERDE D'ARREDO","nome":"GIARDINO G. HORN D' ARTURO","quartiere":"Borgo Panigale - Reno","ubicazione":"Via Masaccio"}},{"type":"Feature","geometry":{"coordinates":[11.285677528748984,44.499193032012684],"type":"Point"},"properties":{"geo_point_2d":{"lon":11.285677528748984,"lat":44.499193032012684},"tipo_di_area":"GIARDINO","nome":"AREA VERDE BOSCHETTO","quartiere":"Borgo Panigale - Reno","ubicazione":"Via Chiarini"}},{"type":"Feature","geometry":{"coordinates":[11.387690092871905,44.51198770663557],"type":"Point"},"properties":{"geo_point_2d":{"lon":11.387690092871905,"lat":44.51198770663557},"tipo_di_area":"VERDE D'ARREDO","nome":"VERDE VIA S.DONATO 177-177\/5A","quartiere":"San Donato - San Vitale","ubicazione":"Via San Donato, 177"}},{"type":"Feature","geometry":{"coordinates":[11.37470196174513,44.50949565569797],"type":"Point"},"properties":{"geo_point_2d":{"lon":11.37470196174513,"lat":44.50949565569797},"tipo_di_area":null,"nome":null,"quartiere":null,"ubicazione":null}},{"type":"Feature","geometry":{"coordinates":[11.350812894985522,44.51285266523547],"type":"Point"},"properties":{"geo_point_2d":{"lon":11.350812894985522,"lat":44.51285266523547},"tipo_di_area":"PARCO","nome":"PARCO ZUCCA","quartiere":"Navile","ubicazione":"Via di Saliceto"}},{"type":"Feature","geometry":{"coordinates":[11.375241013967994,44.508424924306965],"type":"Point"},"properties":{"geo_point_2d":{"lon":11.375241013967994,"lat":44.508424924306965},"tipo_di_area":null,"nome":null,"quartiere":null,"ubicazione":null}},{"type":"Feature","geometry":{"coordinates":[11.395702575601131,44.51151279456037],"type":"Point"},"properties":{"geo_point_2d":{"lon":11.395702575601131,"lat":44.51151279456037},"tipo_di_area":"GIARDINO","nome":"AREA CONDOMINIO VIA NEGRI - CASINI","quartiere":"San Donato - San Vitale","ubicazione":"Via Ada Negri"}},{"type":"Feature","geometry":{"coordinates":[11.346808533301855,44.5428345212814],"type":"Point"},"properties":{"geo_point_2d":{"lon":11.346808533301855,"lat":44.5428345212814},"tipo_di_area":"VERDE D'ARREDO","nome":"AREA VERDE VIA COLOMBO 54","quartiere":"Navile","ubicazione":"Via Cristoforo Colombo 54"}},{"type":"Feature","geometry":{"coordinates":[11.36037242989676,44.52374244548825],"type":"Point"},"properties":{"geo_point_2d":{"lon":11.36037242989676,"lat":44.52374244548825},"tipo_di_area":null,"nome":null,"quartiere":null,"ubicazione":null}},{"type":"Feature","geometry":{"coordinates":[11.355177570497474,44.48810193344642],"type":"Point"},"properties":{"geo_point_2d":{"lon":11.355177570497474,"lat":44.48810193344642},"tipo_di_area":"GIARDINO","nome":"GIARDINO LAVINIA FONTANA","quartiere":"Santo Stefano","ubicazione":"via del Piombo"}},{"type":"Feature","geometry":{"coordinates":[11.37324881962614,44.48104314452616],"type":"Point"},"properties":{"geo_point_2d":{"lon":11.37324881962614,"lat":44.48104314452616},"tipo_di_area":null,"nome":null,"quartiere":null,"ubicazione":null}},{"type":"Feature","geometry":{"coordinates":[11.316134922708086,44.48430307282759],"type":"Point"},"properties":{"geo_point_2d":{"lon":11.316134922708086,"lat":44.48430307282759},"tipo_di_area":"GIARDINO","nome":"PARCO FELICE BATTAGLIA","quartiere":"Porto - Saragozza","ubicazione":"Via Felice Battaglia"}},{"type":"Feature","geometry":{"coordinates":[11.398901141986146,44.477417413130816],"type":"Point"},"properties":{"geo_point_2d":{"lon":11.398901141986146,"lat":44.477417413130816},"tipo_di_area":"VERDE D'ARREDO","nome":"AREA VIALE VIGHI","quartiere":"Savena","ubicazione":"viale Vighi"}},{"type":"Feature","geometry":{"coordinates":[11.298132294974783,44.521114238066176],"type":"Point"},"properties":{"geo_point_2d":{"lon":11.298132294974783,"lat":44.521114238066176},"tipo_di_area":null,"nome":null,"quartiere":null,"ubicazione":null}},{"type":"Feature","geometry":{"coordinates":[11.357790881957001,44.50821734965501],"type":"Point"},"properties":{"geo_point_2d":{"lon":11.357790881957001,"lat":44.50821734965501},"tipo_di_area":"GIARDINO","nome":"GIARDINO DEL LAVORO TOMBA","quartiere":"San Donato - San Vitale","ubicazione":"Via del Lavoro"}},{"type":"Feature","geometry":{"coordinates":[11.319685002341055,44.52854439311052],"type":"Point"},"properties":{"geo_point_2d":{"lon":11.319685002341055,"lat":44.52854439311052},"tipo_di_area":null,"nome":null,"quartiere":null,"ubicazione":null}},{"type":"Feature","geometry":{"coordinates":[11.34896713558039,44.52969492867585],"type":"Point"},"properties":{"geo_point_2d":{"lon":11.34896713558039,"lat":44.52969492867585},"tipo_di_area":"GIARDINO","nome":"GIARDINO ANNA MORANDI MANZOLINI","quartiere":"Navile","ubicazione":"Via Aimo"}},{"type":"Feature","geometry":{"coordinates":[11.381033309668064,44.46864780831071],"type":"Point"},"properties":{"geo_point_2d":{"lon":11.381033309668064,"lat":44.46864780831071},"tipo_di_area":null,"nome":null,"quartiere":null,"ubicazione":null}},{"type":"Feature","geometry":{"coordinates":[11.379782016060085,44.46897460397386],"type":"Point"},"properties":{"geo_point_2d":{"lon":11.379782016060085,"lat":44.46897460397386},"tipo_di_area":null,"nome":null,"quartiere":null,"ubicazione":null}},{"type":"Feature","geometry":{"coordinates":[11.379813065529277,44.46951952215798],"type":"Point"},"properties":{"geo_point_2d":{"lon":11.379813065529277,"lat":44.46951952215798},"tipo_di_area":null,"nome":null,"quartiere":null,"ubicazione":null}},{"type":"Feature","geometry":{"coordinates":[11.33641405810042,44.51591072812026],"type":"Point"},"properties":{"geo_point_2d":{"lon":11.33641405810042,"lat":44.51591072812026},"tipo_di_area":null,"nome":null,"quartiere":null,"ubicazione":null}},{"type":"Feature","geometry":{"coordinates":[11.3332943626845,44.51547060189465],"type":"Point"},"properties":{"geo_point_2d":{"lon":11.3332943626845,"lat":44.51547060189465},"tipo_di_area":null,"nome":null,"quartiere":null,"ubicazione":null}},{"type":"Feature","geometry":{"coordinates":[11.32791077284696,44.516022700268564],"type":"Point"},"properties":{"geo_point_2d":{"lon":11.32791077284696,"lat":44.516022700268564},"tipo_di_area":null,"nome":null,"quartiere":null,"ubicazione":null}},{"type":"Feature","geometry":{"coordinates":[11.321258812193378,44.52459662306444],"type":"Point"},"properties":{"geo_point_2d":{"lon":11.321258812193378,"lat":44.52459662306444},"tipo_di_area":null,"nome":null,"quartiere":null,"ubicazione":null}},{"type":"Feature","geometry":{"coordinates":[11.321348273476461,44.53427454854891],"type":"Point"},"properties":{"geo_point_2d":{"lon":11.321348273476461,"lat":44.53427454854891},"tipo_di_area":null,"nome":null,"quartiere":null,"ubicazione":null}},{"type":"Feature","geometry":{"coordinates":[11.353003983542852,44.54156418767583],"type":"Point"},"properties":{"geo_point_2d":{"lon":11.353003983542852,"lat":44.54156418767583},"tipo_di_area":null,"nome":null,"quartiere":null,"ubicazione":null}},{"type":"Feature","geometry":{"coordinates":[11.362202194728443,44.528060385410875],"type":"Point"},"properties":{"geo_point_2d":{"lon":11.362202194728443,"lat":44.528060385410875},"tipo_di_area":null,"nome":null,"quartiere":null,"ubicazione":null}},{"type":"Feature","geometry":{"coordinates":[11.358162199319596,44.502661204250764],"type":"Point"},"properties":{"geo_point_2d":{"lon":11.358162199319596,"lat":44.502661204250764},"tipo_di_area":null,"nome":null,"quartiere":null,"ubicazione":null}},{"type":"Feature","geometry":{"coordinates":[11.38747864634668,44.513202254151494],"type":"Point"},"properties":{"geo_point_2d":{"lon":11.38747864634668,"lat":44.513202254151494},"tipo_di_area":null,"nome":null,"quartiere":null,"ubicazione":null}},{"type":"Feature","geometry":{"coordinates":[11.297391386863923,44.44506867471187],"type":"Point"},"properties":{"geo_point_2d":{"lon":11.297391386863923,"lat":44.44506867471187},"tipo_di_area":null,"nome":null,"quartiere":null,"ubicazione":null}},{"type":"Feature","geometry":{"coordinates":[11.354370353740473,44.44361290601888],"type":"Point"},"properties":{"geo_point_2d":{"lon":11.354370353740473,"lat":44.44361290601888},"tipo_di_area":null,"nome":null,"quartiere":null,"ubicazione":null}},{"type":"Feature","geometry":{"coordinates":[11.294516305137286,44.510113763452495],"type":"Point"},"properties":{"geo_point_2d":{"lon":11.294516305137286,"lat":44.510113763452495},"tipo_di_area":null,"nome":null,"quartiere":null,"ubicazione":null}},{"type":"Feature","geometry":{"coordinates":[11.291234476558557,44.50044850794289],"type":"Point"},"properties":{"geo_point_2d":{"lon":11.291234476558557,"lat":44.50044850794289},"tipo_di_area":null,"nome":null,"quartiere":null,"ubicazione":null}},{"type":"Feature","geometry":{"coordinates":[11.301838977316764,44.496480575661124],"type":"Point"},"properties":{"geo_point_2d":{"lon":11.301838977316764,"lat":44.496480575661124},"tipo_di_area":null,"nome":null,"quartiere":null,"ubicazione":null}},{"type":"Feature","geometry":{"coordinates":[11.300483564090726,44.495837071829705],"type":"Point"},"properties":{"geo_point_2d":{"lon":11.300483564090726,"lat":44.495837071829705},"tipo_di_area":null,"nome":null,"quartiere":null,"ubicazione":null}},{"type":"Feature","geometry":{"coordinates":[11.296737233064654,44.49818272726618],"type":"Point"},"properties":{"geo_point_2d":{"lon":11.296737233064654,"lat":44.49818272726618},"tipo_di_area":null,"nome":null,"quartiere":null,"ubicazione":null}},{"type":"Feature","geometry":{"coordinates":[11.299904369681066,44.50128842175997],"type":"Point"},"properties":{"geo_point_2d":{"lon":11.299904369681066,"lat":44.50128842175997},"tipo_di_area":null,"nome":null,"quartiere":null,"ubicazione":null}},{"type":"Feature","geometry":{"coordinates":[11.301667348987461,44.502197765175474],"type":"Point"},"properties":{"geo_point_2d":{"lon":11.301667348987461,"lat":44.502197765175474},"tipo_di_area":null,"nome":null,"quartiere":null,"ubicazione":null}},{"type":"Feature","geometry":{"coordinates":[11.313544930527325,44.50116226060158],"type":"Point"},"properties":{"geo_point_2d":{"lon":11.313544930527325,"lat":44.50116226060158},"tipo_di_area":null,"nome":null,"quartiere":null,"ubicazione":null}},{"type":"Feature","geometry":{"coordinates":[11.313128762549793,44.50008599941954],"type":"Point"},"properties":{"geo_point_2d":{"lon":11.313128762549793,"lat":44.50008599941954},"tipo_di_area":null,"nome":null,"quartiere":null,"ubicazione":null}},{"type":"Feature","geometry":{"coordinates":[11.286216987971851,44.50715343653886],"type":"Point"},"properties":{"geo_point_2d":{"lon":11.286216987971851,"lat":44.50715343653886},"tipo_di_area":null,"nome":null,"quartiere":null,"ubicazione":null}},{"type":"Feature","geometry":{"coordinates":[11.282177236752771,44.49683520933074],"type":"Point"},"properties":{"geo_point_2d":{"lon":11.282177236752771,"lat":44.49683520933074},"tipo_di_area":null,"nome":null,"quartiere":null,"ubicazione":null}},{"type":"Feature","geometry":{"coordinates":[11.2791994146654,44.4938908760208],"type":"Point"},"properties":{"geo_point_2d":{"lon":11.2791994146654,"lat":44.4938908760208},"tipo_di_area":null,"nome":null,"quartiere":null,"ubicazione":null}},{"type":"Feature","geometry":{"coordinates":[11.286753813073808,44.51362313344696],"type":"Point"},"properties":{"geo_point_2d":{"lon":11.286753813073808,"lat":44.51362313344696},"tipo_di_area":null,"nome":null,"quartiere":null,"ubicazione":null}},{"type":"Feature","geometry":{"coordinates":[11.29071017723715,44.51230635471916],"type":"Point"},"properties":{"geo_point_2d":{"lon":11.29071017723715,"lat":44.51230635471916},"tipo_di_area":null,"nome":null,"quartiere":null,"ubicazione":null}},{"type":"Feature","geometry":{"coordinates":[11.365602469712622,44.50726194017783],"type":"Point"},"properties":{"geo_point_2d":{"lon":11.365602469712622,"lat":44.50726194017783},"tipo_di_area":null,"nome":null,"quartiere":null,"ubicazione":null}},{"type":"Feature","geometry":{"coordinates":[11.398157914897228,44.51353438818702],"type":"Point"},"properties":{"geo_point_2d":{"lon":11.398157914897228,"lat":44.51353438818702},"tipo_di_area":null,"nome":null,"quartiere":null,"ubicazione":null}},{"type":"Feature","geometry":{"coordinates":[11.402044287515784,44.51263320518688],"type":"Point"},"properties":{"geo_point_2d":{"lon":11.402044287515784,"lat":44.51263320518688},"tipo_di_area":null,"nome":null,"quartiere":null,"ubicazione":null}},{"type":"Feature","geometry":{"coordinates":[11.396724260336276,44.516549382817345],"type":"Point"},"properties":{"geo_point_2d":{"lon":11.396724260336276,"lat":44.516549382817345},"tipo_di_area":null,"nome":null,"quartiere":null,"ubicazione":null}},{"type":"Feature","geometry":{"coordinates":[11.36323481314969,44.54833023258045],"type":"Point"},"properties":{"geo_point_2d":{"lon":11.36323481314969,"lat":44.54833023258045},"tipo_di_area":null,"nome":null,"quartiere":null,"ubicazione":null}},{"type":"Feature","geometry":{"coordinates":[11.316770474042992,44.48539812206969],"type":"Point"},"properties":{"geo_point_2d":{"lon":11.316770474042992,"lat":44.48539812206969},"tipo_di_area":null,"nome":null,"quartiere":null,"ubicazione":null}},{"type":"Feature","geometry":{"coordinates":[11.356558490485101,44.52952527940097],"type":"Point"},"properties":{"geo_point_2d":{"lon":11.356558490485101,"lat":44.52952527940097},"tipo_di_area":null,"nome":null,"quartiere":null,"ubicazione":null}},{"type":"Feature","geometry":{"coordinates":[11.333400331129816,44.5171866742517],"type":"Point"},"properties":{"geo_point_2d":{"lon":11.333400331129816,"lat":44.5171866742517},"tipo_di_area":null,"nome":null,"quartiere":null,"ubicazione":null}},{"type":"Feature","geometry":{"coordinates":[11.279047918606976,44.51817120090176],"type":"Point"},"properties":{"geo_point_2d":{"lon":11.279047918606976,"lat":44.51817120090176},"tipo_di_area":null,"nome":null,"quartiere":null,"ubicazione":null}},{"type":"Feature","geometry":{"coordinates":[11.348344571268441,44.53273346087198],"type":"Point"},"properties":{"geo_point_2d":{"lon":11.348344571268441,"lat":44.53273346087198},"tipo_di_area":null,"nome":null,"quartiere":null,"ubicazione":null}},{"type":"Feature","geometry":{"coordinates":[11.391313351791272,44.47269879937958],"type":"Point"},"properties":{"geo_point_2d":{"lon":11.391313351791272,"lat":44.47269879937958},"tipo_di_area":null,"nome":null,"quartiere":null,"ubicazione":null}},{"type":"Feature","geometry":{"coordinates":[11.376791278353975,44.49893390760479],"type":"Point"},"properties":{"geo_point_2d":{"lon":11.376791278353975,"lat":44.49893390760479},"tipo_di_area":null,"nome":null,"quartiere":null,"ubicazione":null}},{"type":"Feature","geometry":{"coordinates":[11.298979904281335,44.500446752600574],"type":"Point"},"properties":{"geo_point_2d":{"lon":11.298979904281335,"lat":44.500446752600574},"tipo_di_area":"GIARDINO","nome":"GIARDINO GICHIN FUNAKOSHI","quartiere":"Borgo Panigale - Reno","ubicazione":"via De Carolis"}},{"type":"Feature","geometry":{"coordinates":[11.362438779122003,44.50592118841441],"type":"Point"},"properties":{"geo_point_2d":{"lon":11.362438779122003,"lat":44.50592118841441},"tipo_di_area":"GIARDINO","nome":"GIARDINO FRANCO PASELLI","quartiere":"San Donato - San Vitale","ubicazione":"Via Repubblica"}},{"type":"Feature","geometry":{"coordinates":[11.355340508380365,44.494882337190994],"type":"Point"},"properties":{"geo_point_2d":{"lon":11.355340508380365,"lat":44.494882337190994},"tipo_di_area":"GIARDINO","nome":"GIARDINO BELMELORO","quartiere":"Santo Stefano","ubicazione":"Via Belmerolo"}},{"type":"Feature","geometry":{"coordinates":[11.369439383131667,44.476206378195364],"type":"Point"},"properties":{"geo_point_2d":{"lon":11.369439383131667,"lat":44.476206378195364},"tipo_di_area":"GIARDINO","nome":"AREA ROMAGNOLI","quartiere":"Santo Stefano","ubicazione":"via Romagnoli"}},{"type":"Feature","geometry":{"coordinates":[11.339519479022671,44.48433320817348],"type":"Point"},"properties":{"geo_point_2d":{"lon":11.339519479022671,"lat":44.48433320817348},"tipo_di_area":"GIARDINO","nome":"GIARD. CASA DELL'ANGELO","quartiere":"Santo Stefano","ubicazione":"Via S. Mamolo"}},{"type":"Feature","geometry":{"coordinates":[11.340755785505355,44.48899893577877],"type":"Point"},"properties":{"geo_point_2d":{"lon":11.340755785505355,"lat":44.48899893577877},"tipo_di_area":"GIARDINO","nome":"GIARDINO E CORTILI EX MATERNITA","quartiere":"Santo Stefano","ubicazione":"via D'Azeglio"}},{"type":"Feature","geometry":{"coordinates":[11.285997655360589,44.492116214824414],"type":"Point"},"properties":{"geo_point_2d":{"lon":11.285997655360589,"lat":44.492116214824414},"tipo_di_area":"VERDE D'ARREDO","nome":"GIARDINO G. HORN D' ARTURO","quartiere":"Borgo Panigale - Reno","ubicazione":"Via Masaccio"}},{"type":"Feature","geometry":{"coordinates":[11.379094270317747,44.4743057978322],"type":"Point"},"properties":{"geo_point_2d":{"lon":11.379094270317747,"lat":44.4743057978322},"tipo_di_area":null,"nome":null,"quartiere":null,"ubicazione":null}},{"type":"Feature","geometry":{"coordinates":[11.292065555616528,44.49108532131877],"type":"Point"},"properties":{"geo_point_2d":{"lon":11.292065555616528,"lat":44.49108532131877},"tipo_di_area":"GIARDINO","nome":"AREA LORENZETTI-WILIGELMO","quartiere":"Borgo Panigale - Reno","ubicazione":"Via Vitale da Bologna"}},{"type":"Feature","geometry":{"coordinates":[11.321364312659528,44.52423023526536],"type":"Point"},"properties":{"geo_point_2d":{"lon":11.321364312659528,"lat":44.52423023526536},"tipo_di_area":"GIARDINO","nome":"AREA CA' BIANCA ZUCCHELLI (EST.SC.)","quartiere":"Navile","ubicazione":"Via Ca' Bianca"}},{"type":"Feature","geometry":{"coordinates":[11.285330134487321,44.49167558682613],"type":"Point"},"properties":{"geo_point_2d":{"lon":11.285330134487321,"lat":44.49167558682613},"tipo_di_area":"GIARDINO","nome":"GIARDINO G. HORN D' ARTURO","quartiere":"Borgo Panigale - Reno","ubicazione":"Via Masaccio"}},{"type":"Feature","geometry":{"coordinates":[11.37278680101726,44.498230708500415],"type":"Point"},"properties":{"geo_point_2d":{"lon":11.37278680101726,"lat":44.498230708500415},"tipo_di_area":"GIARDINO","nome":"G.NO DIANA SABBI","quartiere":"San Donato - San Vitale","ubicazione":"via Torretta"}},{"type":"Feature","geometry":{"coordinates":[11.361090375910829,44.52305933109969],"type":"Point"},"properties":{"geo_point_2d":{"lon":11.361090375910829,"lat":44.52305933109969},"tipo_di_area":"GIARDINO","nome":"PARCHEGGIO DELLA MANIFATTURA TABACCHI","quartiere":"Navile","ubicazione":"Via Stalingrado"}},{"type":"Feature","geometry":{"coordinates":[11.354333078852678,44.50831166599407],"type":"Point"},"properties":{"geo_point_2d":{"lon":11.354333078852678,"lat":44.50831166599407},"tipo_di_area":null,"nome":null,"quartiere":null,"ubicazione":null}},{"type":"Feature","geometry":{"coordinates":[11.401734127414976,44.521154695151246],"type":"Point"},"properties":{"geo_point_2d":{"lon":11.401734127414976,"lat":44.521154695151246},"tipo_di_area":"GIARDINO","nome":"GIARDINO OSTELLO COMUNALE","quartiere":"San Donato - San Vitale","ubicazione":"Via Viadagola"}},{"type":"Feature","geometry":{"coordinates":[11.388177591872882,44.49196549822653],"type":"Point"},"properties":{"geo_point_2d":{"lon":11.388177591872882,"lat":44.49196549822653},"tipo_di_area":"PARCO","nome":"GIARDINO GUELFA MULTIPLA","quartiere":"San Donato - San Vitale","ubicazione":"Via Guelfa"}},{"type":"Feature","geometry":{"coordinates":[11.34107862785448,44.51583145115972],"type":"Point"},"properties":{"geo_point_2d":{"lon":11.34107862785448,"lat":44.51583145115972},"tipo_di_area":"GIARDINO","nome":"G.NO DONATORI DI SANGUE","quartiere":"Navile","ubicazione":"Via del Battiferro"}},{"type":"Feature","geometry":{"coordinates":[11.354297929514349,44.48566982241085],"type":"Point"},"properties":{"geo_point_2d":{"lon":11.354297929514349,"lat":44.48566982241085},"tipo_di_area":"GIARDINO","nome":"GIARDINO BARACCANO","quartiere":"Santo Stefano","ubicazione":"P.zza Baraccano"}},{"type":"Feature","geometry":{"coordinates":[11.351594380293735,44.48080709788788],"type":"Point"},"properties":{"geo_point_2d":{"lon":11.351594380293735,"lat":44.48080709788788},"tipo_di_area":null,"nome":null,"quartiere":null,"ubicazione":null}},{"type":"Feature","geometry":{"coordinates":[11.388127940024058,44.48605320903708],"type":"Point"},"properties":{"geo_point_2d":{"lon":11.388127940024058,"lat":44.48605320903708},"tipo_di_area":"VERDE D'ARREDO","nome":"GIARDINO LEGNANI BARBACCI","quartiere":"Savena","ubicazione":"Via Alberto Legnani 4, Via Alfredo Barbacci 3"}},{"type":"Feature","geometry":{"coordinates":[11.396739559798993,44.493937895327484],"type":"Point"},"properties":{"geo_point_2d":{"lon":11.396739559798993,"lat":44.493937895327484},"tipo_di_area":"GIARDINO","nome":"AREA IACP VIA MATTEI","quartiere":"San Donato - San Vitale","ubicazione":"Via Enrico Mattei"}},{"type":"Feature","geometry":{"coordinates":[11.332783833479086,44.51659604983079],"type":"Point"},"properties":{"geo_point_2d":{"lon":11.332783833479086,"lat":44.51659604983079},"tipo_di_area":"PARCO","nome":"PARCO LUNETTA MARIOTTI","quartiere":"Navile","ubicazione":"Via della Beverara"}},{"type":"Feature","geometry":{"coordinates":[11.359576499105374,44.5451166495002],"type":"Point"},"properties":{"geo_point_2d":{"lon":11.359576499105374,"lat":44.5451166495002},"tipo_di_area":null,"nome":null,"quartiere":null,"ubicazione":null}},{"type":"Feature","geometry":{"coordinates":[11.403813972241565,44.484970194469675],"type":"Point"},"properties":{"geo_point_2d":{"lon":11.403813972241565,"lat":44.484970194469675},"tipo_di_area":"PARCO","nome":"AREA CANOVA","quartiere":"San Donato - San Vitale","ubicazione":"Via Antonio Canova"}},{"type":"Feature","geometry":{"coordinates":[11.386888034398233,44.490994150977144],"type":"Point"},"properties":{"geo_point_2d":{"lon":11.386888034398233,"lat":44.490994150977144},"tipo_di_area":"PARCO","nome":"GIARDINO AMBASCIATA ROMENA","quartiere":"San Donato - San Vitale","ubicazione":"Via Guelfa 1-9"}},{"type":"Feature","geometry":{"coordinates":[11.332594960209535,44.507222685619055],"type":"Point"},"properties":{"geo_point_2d":{"lon":11.332594960209535,"lat":44.507222685619055},"tipo_di_area":"VERDE D'ARREDO","nome":"PERCORSO LUNGONAVILE BOVA","quartiere":"Porto - Saragozza","ubicazione":"Via Bovi Campeggi"}},{"type":"Feature","geometry":{"coordinates":[11.387634935555981,44.47094779253849],"type":"Point"},"properties":{"geo_point_2d":{"lon":11.387634935555981,"lat":44.47094779253849},"tipo_di_area":"PARCO","nome":"GIARDINO ANGIOLA SBAIZ","quartiere":"Savena","ubicazione":"Via Portazza"}},{"type":"Feature","geometry":{"coordinates":[11.310952168210214,44.49883274625426],"type":"Point"},"properties":{"geo_point_2d":{"lon":11.310952168210214,"lat":44.49883274625426},"tipo_di_area":"VERDE D'ARREDO","nome":"AREA VIA GANDHI - CRB","quartiere":"Porto - Saragozza","ubicazione":"Via Gandhi"}},{"type":"Feature","geometry":{"coordinates":[11.37988451027588,44.48466086281123],"type":"Point"},"properties":{"geo_point_2d":{"lon":11.37988451027588,"lat":44.48466086281123},"tipo_di_area":"PARCO","nome":"AREA VIA ROSELLE-VETULONIA","quartiere":"Savena","ubicazione":"via Roselle"}},{"type":"Feature","geometry":{"coordinates":[11.36978136242825,44.49085058983799],"type":"Point"},"properties":{"geo_point_2d":{"lon":11.36978136242825,"lat":44.49085058983799},"tipo_di_area":"GIARDINO","nome":"GIARDINO SCIPIO SLATAPER","quartiere":"San Donato - San Vitale","ubicazione":"Via Bondi"}},{"type":"Feature","geometry":{"coordinates":[11.278054477835614,44.5041585786638],"type":"Point"},"properties":{"geo_point_2d":{"lon":11.278054477835614,"lat":44.5041585786638},"tipo_di_area":"VERDE D'ARREDO","nome":"AREA VIA EINAUDI-DE NICOLA","quartiere":"Borgo Panigale - Reno","ubicazione":"Via Luigi Einaudi"}},{"type":"Feature","geometry":{"coordinates":[11.344870493279938,44.48989318348235],"type":"Point"},"properties":{"geo_point_2d":{"lon":11.344870493279938,"lat":44.48989318348235},"tipo_di_area":"GIARDINO","nome":"GIARDINO  SAN  DOMENICO","quartiere":"Santo Stefano","ubicazione":"Piazza San Domenico"}},{"type":"Feature","geometry":{"coordinates":[11.391261267342621,44.48293473665492],"type":"Point"},"properties":{"geo_point_2d":{"lon":11.391261267342621,"lat":44.48293473665492},"tipo_di_area":"VERDE D'ARREDO","nome":"AREA VIA LINCOLN","quartiere":"Savena","ubicazione":"Via Lincoln"}},{"type":"Feature","geometry":{"coordinates":[11.289064782198217,44.50832491368129],"type":"Point"},"properties":{"geo_point_2d":{"lon":11.289064782198217,"lat":44.50832491368129},"tipo_di_area":"GIARDINO","nome":"VERDE SPONDA RUZZOLA","quartiere":"Borgo Panigale - Reno","ubicazione":"Ponte Riccardo Bacchelli"}},{"type":"Feature","geometry":{"coordinates":[11.316931098367153,44.52693561838968],"type":"Point"},"properties":{"geo_point_2d":{"lon":11.316931098367153,"lat":44.52693561838968},"tipo_di_area":null,"nome":null,"quartiere":null,"ubicazione":null}},{"type":"Feature","geometry":{"coordinates":[11.372733007374064,44.50343480263903],"type":"Point"},"properties":{"geo_point_2d":{"lon":11.372733007374064,"lat":44.50343480263903},"tipo_di_area":"GIARDINO","nome":"GIARDINO G.CERVI","quartiere":"San Donato - San Vitale","ubicazione":"Via Megazzari Melato"}},{"type":"Feature","geometry":{"coordinates":[11.372104038123528,44.49881176847346],"type":"Point"},"properties":{"geo_point_2d":{"lon":11.372104038123528,"lat":44.49881176847346},"tipo_di_area":"PARCO","nome":"G.NO ZELINDA RESCA","quartiere":"San Donato - San Vitale","ubicazione":"via Torretta"}},{"type":"Feature","geometry":{"coordinates":[11.3769092982155,44.503837926220754],"type":"Point"},"properties":{"geo_point_2d":{"lon":11.3769092982155,"lat":44.503837926220754},"tipo_di_area":"VERDE D'ARREDO","nome":"GIARDINO VIA DELLA CAMPAGNA","quartiere":"San Donato - San Vitale","ubicazione":"Via della Campagna"}},{"type":"Feature","geometry":{"coordinates":[11.295200898441452,44.47885784827808],"type":"Point"},"properties":{"geo_point_2d":{"lon":11.295200898441452,"lat":44.47885784827808},"tipo_di_area":"VERDE D'ARREDO","nome":"AREA VIA MONTE ALBANO","quartiere":"Porto - Saragozza","ubicazione":"Via Monte Albano"}},{"type":"Feature","geometry":{"coordinates":[11.303178075507676,44.51588337566223],"type":"Point"},"properties":{"geo_point_2d":{"lon":11.303178075507676,"lat":44.51588337566223},"tipo_di_area":"VERDE SPORTIVO","nome":"GIARDINO TIRO A SEGNO","quartiere":"Navile","ubicazione":"Via Agucchi"}},{"type":"Feature","geometry":{"coordinates":[11.377622940585155,44.5045403281094],"type":"Point"},"properties":{"geo_point_2d":{"lon":11.377622940585155,"lat":44.5045403281094},"tipo_di_area":"GIARDINO","nome":"GIARDINO VIA DELLA CAMPAGNA","quartiere":"San Donato - San Vitale","ubicazione":"Via della Campagna"}},{"type":"Feature","geometry":{"coordinates":[11.314183131100119,44.52198863004435],"type":"Point"},"properties":{"geo_point_2d":{"lon":11.314183131100119,"lat":44.52198863004435},"tipo_di_area":null,"nome":null,"quartiere":null,"ubicazione":null}},{"type":"Feature","geometry":{"coordinates":[11.2668272017326,44.52490084216339],"type":"Point"},"properties":{"geo_point_2d":{"lon":11.2668272017326,"lat":44.52490084216339},"tipo_di_area":"GIARDINO","nome":"GIARDINO BIANCOLELLI","quartiere":"Borgo Panigale - Reno","ubicazione":"Via Biancolelli"}},{"type":"Feature","geometry":{"coordinates":[11.384886038460504,44.46420695927548],"type":"Point"},"properties":{"geo_point_2d":{"lon":11.384886038460504,"lat":44.46420695927548},"tipo_di_area":"PARCO","nome":"NUOVA","quartiere":null,"ubicazione":null}},{"type":"Feature","geometry":{"coordinates":[11.389002512919806,44.482021224926164],"type":"Point"},"properties":{"geo_point_2d":{"lon":11.389002512919806,"lat":44.482021224926164},"tipo_di_area":"GIARDINO","nome":"AREA ABRAMO LINCOLN NUOVA","quartiere":"Savena","ubicazione":"Viale Abramo Lincoln"}},{"type":"Feature","geometry":{"coordinates":[11.37408034525184,44.470451184282965],"type":"Point"},"properties":{"geo_point_2d":{"lon":11.37408034525184,"lat":44.470451184282965},"tipo_di_area":"GIARDINO","nome":"AREA VIA DELLE ARMI","quartiere":"Savena","ubicazione":"Via Delle Armi"}},{"type":"Feature","geometry":{"coordinates":[11.375355159123464,44.477026023312796],"type":"Point"},"properties":{"geo_point_2d":{"lon":11.375355159123464,"lat":44.477026023312796},"tipo_di_area":"VERDE SPORTIVO","nome":"P.CO LUNETTA GAMBERINI","quartiere":"Santo Stefano","ubicazione":"Via degli Orti 60, Largo Lercaro, Via Nadi"}},{"type":"Feature","geometry":{"coordinates":[11.385214090459762,44.49818148295499],"type":"Point"},"properties":{"geo_point_2d":{"lon":11.385214090459762,"lat":44.49818148295499},"tipo_di_area":"PARCO","nome":"PARCO SCANDELLARA","quartiere":"San Donato - San Vitale","ubicazione":"Via Scandellara 54"}},{"type":"Feature","geometry":{"coordinates":[11.356101911668352,44.54080961443283],"type":"Point"},"properties":{"geo_point_2d":{"lon":11.356101911668352,"lat":44.54080961443283},"tipo_di_area":null,"nome":null,"quartiere":null,"ubicazione":null}},{"type":"Feature","geometry":{"coordinates":[11.3936009032814,44.471547888703874],"type":"Point"},"properties":{"geo_point_2d":{"lon":11.3936009032814,"lat":44.471547888703874},"tipo_di_area":"PARCO","nome":"PISTA CICLABILE GENOVA-CAVINA","quartiere":"Savena","ubicazione":"Via Genova"}},{"type":"Feature","geometry":{"coordinates":[11.396943789235852,44.49087471762705],"type":"Point"},"properties":{"geo_point_2d":{"lon":11.396943789235852,"lat":44.49087471762705},"tipo_di_area":"GIARDINO","nome":"G.NO BELLA FUORI 3 MARTELLI","quartiere":"San Donato - San Vitale","ubicazione":"Via Tommaso Martelli 37"}},{"type":"Feature","geometry":{"coordinates":[11.359681988754152,44.54884930863033],"type":"Point"},"properties":{"geo_point_2d":{"lon":11.359681988754152,"lat":44.54884930863033},"tipo_di_area":null,"nome":null,"quartiere":null,"ubicazione":null}},{"type":"Feature","geometry":{"coordinates":[11.316105958723675,44.52772660361708],"type":"Point"},"properties":{"geo_point_2d":{"lon":11.316105958723675,"lat":44.52772660361708},"tipo_di_area":null,"nome":null,"quartiere":null,"ubicazione":null}},{"type":"Feature","geometry":{"coordinates":[11.280893932566357,44.50066302106359],"type":"Point"},"properties":{"geo_point_2d":{"lon":11.280893932566357,"lat":44.50066302106359},"tipo_di_area":"PARCO","nome":"AREA VIA BRIGATA BOLERO","quartiere":"Borgo Panigale - Reno","ubicazione":"via Bigata Bolero"}},{"type":"Feature","geometry":{"coordinates":[11.380406528618561,44.47343765377149],"type":"Point"},"properties":{"geo_point_2d":{"lon":11.380406528618561,"lat":44.47343765377149},"tipo_di_area":"GIARDINO","nome":"VERDE  MILANO MAZZONI","quartiere":"Savena","ubicazione":"Via Milano - Via Corrado Mazzoni"}},{"type":"Feature","geometry":{"coordinates":[11.378240357593763,44.47295458645498],"type":"Point"},"properties":{"geo_point_2d":{"lon":11.378240357593763,"lat":44.47295458645498},"tipo_di_area":"VERDE D'ARREDO","nome":"AREA TORINO MILANO","quartiere":"Savena","ubicazione":"Via Torino - Via Milano"}},{"type":"Feature","geometry":{"coordinates":[11.334408156540734,44.50282713607641],"type":"Point"},"properties":{"geo_point_2d":{"lon":11.334408156540734,"lat":44.50282713607641},"tipo_di_area":"VERDE D'ARREDO","nome":"MURA DI PORTA LAME","quartiere":"Porto - Saragozza","ubicazione":"Via Pietramellara"}},{"type":"Feature","geometry":{"coordinates":[11.263378048857128,44.521820576331976],"type":"Point"},"properties":{"geo_point_2d":{"lon":11.263378048857128,"lat":44.521820576331976},"tipo_di_area":"GIARDINO","nome":"GIARDINO CENTRO DIURNO TRE GIRASOLI","quartiere":"Borgo Panigale - Reno","ubicazione":"via Normandia"}},{"type":"Feature","geometry":{"coordinates":[11.347463108927151,44.50122468190262],"type":"Point"},"properties":{"geo_point_2d":{"lon":11.347463108927151,"lat":44.50122468190262},"tipo_di_area":"VERDE D'ARREDO","nome":"ALBERGO DEL PALLONE","quartiere":"Santo Stefano","ubicazione":"Via del Pallone, 4"}},{"type":"Feature","geometry":{"coordinates":[11.369869979031103,44.47770680852676],"type":"Point"},"properties":{"geo_point_2d":{"lon":11.369869979031103,"lat":44.47770680852676},"tipo_di_area":"GIARDINO","nome":"GIARDINO VIA B.GIGLI","quartiere":"Santo Stefano","ubicazione":"via degli Orti"}},{"type":"Feature","geometry":{"coordinates":[11.33130497825621,44.50511408362216],"type":"Point"},"properties":{"geo_point_2d":{"lon":11.33130497825621,"lat":44.50511408362216},"tipo_di_area":"VERDE D'ARREDO","nome":"AREA  ZANARDI INVITI","quartiere":"Porto - Saragozza","ubicazione":"Via Inviti"}},{"type":"Feature","geometry":{"coordinates":[11.371981708566674,44.477058472894576],"type":"Point"},"properties":{"geo_point_2d":{"lon":11.371981708566674,"lat":44.477058472894576},"tipo_di_area":"GIARDINO","nome":"GIARDINO QUARTIERE MURRI","quartiere":"Santo Stefano","ubicazione":"via degli Orti"}},{"type":"Feature","geometry":{"coordinates":[11.304933670355956,44.499213881210615],"type":"Point"},"properties":{"geo_point_2d":{"lon":11.304933670355956,"lat":44.499213881210615},"tipo_di_area":"VERDE D'ARREDO","nome":"GIARDINO PERSEGUITATI ANTIFASCISTI","quartiere":"Borgo Panigale - Reno","ubicazione":"Viale Gandhi"}},{"type":"Feature","geometry":{"coordinates":[11.363782590314369,44.50872520219825],"type":"Point"},"properties":{"geo_point_2d":{"lon":11.363782590314369,"lat":44.50872520219825},"tipo_di_area":"VERDE D'ARREDO","nome":"PIAZZA  COSTITITUZIONE E  AREA LIMITROFA","quartiere":"San Donato - San Vitale","ubicazione":"Piazza della Costituzione"}},{"type":"Feature","geometry":{"coordinates":[11.371364893083594,44.48006586248368],"type":"Point"},"properties":{"geo_point_2d":{"lon":11.371364893083594,"lat":44.48006586248368},"tipo_di_area":null,"nome":null,"quartiere":null,"ubicazione":null}},{"type":"Feature","geometry":{"coordinates":[11.297452254664126,44.49159398134802],"type":"Point"},"properties":{"geo_point_2d":{"lon":11.297452254664126,"lat":44.49159398134802},"tipo_di_area":"GIARDINO","nome":"GIARDINO VIA GRIECO","quartiere":"Borgo Panigale - Reno","ubicazione":"Via Grieco"}},{"type":"Feature","geometry":{"coordinates":[11.291103789697297,44.50281453573879],"type":"Point"},"properties":{"geo_point_2d":{"lon":11.291103789697297,"lat":44.50281453573879},"tipo_di_area":"VERDE D'ARREDO","nome":"AREA VERDE VIA DE PISIS","quartiere":"Borgo Panigale - Reno","ubicazione":"Via De Pisis"}},{"type":"Feature","geometry":{"coordinates":[11.2866494544384,44.50099972606242],"type":"Point"},"properties":{"geo_point_2d":{"lon":11.2866494544384,"lat":44.50099972606242},"tipo_di_area":"PARCO","nome":"AREA VERDE BOSCHETTO","quartiere":"Borgo Panigale - Reno","ubicazione":"Via Chiarini"}},{"type":"Feature","geometry":{"coordinates":[11.359821017603966,44.541641893307116],"type":"Point"},"properties":{"geo_point_2d":{"lon":11.359821017603966,"lat":44.541641893307116},"tipo_di_area":"GIARDINO","nome":"GIARDINO GUIDO GRANDI (EX P.E.E.P. CORTICELLA)","quartiere":"Navile","ubicazione":"Via Shakespeare"}},{"type":"Feature","geometry":{"coordinates":[11.388805421163358,44.50745924179666],"type":"Point"},"properties":{"geo_point_2d":{"lon":11.388805421163358,"lat":44.50745924179666},"tipo_di_area":"GIARDINO","nome":"GIARDINO AURELIA ZAMA","quartiere":"San Donato - San Vitale","ubicazione":"Via Terrapieno"}},{"type":"Feature","geometry":{"coordinates":[11.311508737967097,44.49545653062311],"type":"Point"},"properties":{"geo_point_2d":{"lon":11.311508737967097,"lat":44.49545653062311},"tipo_di_area":"GIARDINO","nome":"GIARDINO GIACOMO BULGARELLI","quartiere":"Porto - Saragozza","ubicazione":"Via della Certosa"}},{"type":"Feature","geometry":{"coordinates":[11.426929985946625,44.507892651933986],"type":"Point"},"properties":{"geo_point_2d":{"lon":11.426929985946625,"lat":44.507892651933986},"tipo_di_area":"GIARDINO","nome":"GIARDINO STANDARD P8","quartiere":"San Donato - San Vitale","ubicazione":"Via dell'Industria"}},{"type":"Feature","geometry":{"coordinates":[11.377885863789034,44.46184913891505],"type":"Point"},"properties":{"geo_point_2d":{"lon":11.377885863789034,"lat":44.46184913891505},"tipo_di_area":"PARCO","nome":"NUOVA","quartiere":null,"ubicazione":null}},{"type":"Feature","geometry":{"coordinates":[11.280911696210953,44.50489083298841],"type":"Point"},"properties":{"geo_point_2d":{"lon":11.280911696210953,"lat":44.50489083298841},"tipo_di_area":"VERDE D'ARREDO","nome":"AREA VIA EINAUDI-DE NICOLA","quartiere":"Borgo Panigale - Reno","ubicazione":"Via Luigi Einaudi"}},{"type":"Feature","geometry":{"coordinates":[11.384678172685277,44.483244286399184],"type":"Point"},"properties":{"geo_point_2d":{"lon":11.384678172685277,"lat":44.483244286399184},"tipo_di_area":"GIARDINO","nome":"GIARDINO ALBERT BRUCE SABIN","quartiere":"Savena","ubicazione":"Viale Lenin"}},{"type":"Feature","geometry":{"coordinates":[11.328257283530581,44.50222143771933],"type":"Point"},"properties":{"geo_point_2d":{"lon":11.328257283530581,"lat":44.50222143771933},"tipo_di_area":"GIARDINO","nome":"GIARDINO PIERFRANCESCO LORUSSO","quartiere":"Porto - Saragozza","ubicazione":"Via dello Scalo"}},{"type":"Feature","geometry":{"coordinates":[11.321844914582327,44.51370196727189],"type":"Point"},"properties":{"geo_point_2d":{"lon":11.321844914582327,"lat":44.51370196727189},"tipo_di_area":"GIARDINO","nome":"ALLOGGI SOCIALI PER IMMIGRATI","quartiere":"Navile","ubicazione":"Via Lazzaretto"}},{"type":"Feature","geometry":{"coordinates":[11.301655753042047,44.503345571942035],"type":"Point"},"properties":{"geo_point_2d":{"lon":11.301655753042047,"lat":44.503345571942035},"tipo_di_area":"GIARDINO","nome":"AREA VERDE MELOZZO\/ INNOCENZO DA IMOLA","quartiere":"Borgo Panigale - Reno","ubicazione":"Via Melozzo da Forl"}},{"type":"Feature","geometry":{"coordinates":[11.345252368700868,44.48953888236975],"type":"Point"},"properties":{"geo_point_2d":{"lon":11.345252368700868,"lat":44.48953888236975},"tipo_di_area":"VERDE D'ARREDO","nome":"GIARDINO  SAN  DOMENICO","quartiere":"Santo Stefano","ubicazione":"Piazza San Domenico"}},{"type":"Feature","geometry":{"coordinates":[11.350256310454661,44.455121995572654],"type":"Point"},"properties":{"geo_point_2d":{"lon":11.350256310454661,"lat":44.455121995572654},"tipo_di_area":"PARCO","nome":"PARCO JOLA CA BANDIERA","quartiere":"Savena","ubicazione":"Via Jola"}},{"type":"Feature","geometry":{"coordinates":[11.279799137852626,44.516679405837166],"type":"Point"},"properties":{"geo_point_2d":{"lon":11.279799137852626,"lat":44.516679405837166},"tipo_di_area":"GIARDINO","nome":"G.NO LEPIDO 23","quartiere":"Borgo Panigale - Reno","ubicazione":"Via Marco Emilio Lepido, 23"}},{"type":"Feature","geometry":{"coordinates":[11.299973951638608,44.49351153566326],"type":"Point"},"properties":{"geo_point_2d":{"lon":11.299973951638608,"lat":44.49351153566326},"tipo_di_area":"VERDE SPORTIVO","nome":"CENTRO SPORTIVO NETTUNO","quartiere":"Borgo Panigale - Reno","ubicazione":"Via Fancelli"}},{"type":"Feature","geometry":{"coordinates":[11.292580860343358,44.52205393316033],"type":"Point"},"properties":{"geo_point_2d":{"lon":11.292580860343358,"lat":44.52205393316033},"tipo_di_area":null,"nome":null,"quartiere":null,"ubicazione":null}},{"type":"Feature","geometry":{"coordinates":[11.294584386418261,44.49004183578129],"type":"Point"},"properties":{"geo_point_2d":{"lon":11.294584386418261,"lat":44.49004183578129},"tipo_di_area":"GIARDINO","nome":"GIARDINO DEL GHISELLO (EX GIARDINO CALDA)","quartiere":"Borgo Panigale - Reno","ubicazione":"via Treves"}},{"type":"Feature","geometry":{"coordinates":[11.379378567019899,44.46269446071349],"type":"Point"},"properties":{"geo_point_2d":{"lon":11.379378567019899,"lat":44.46269446071349},"tipo_di_area":"PARCO","nome":"NUOVA","quartiere":null,"ubicazione":null}},{"type":"Feature","geometry":{"coordinates":[11.379034306030364,44.460615698751944],"type":"Point"},"properties":{"geo_point_2d":{"lon":11.379034306030364,"lat":44.460615698751944},"tipo_di_area":"PARCO","nome":"NUOVA","quartiere":null,"ubicazione":null}},{"type":"Feature","geometry":{"coordinates":[11.384714224239417,44.46711862195354],"type":"Point"},"properties":{"geo_point_2d":{"lon":11.384714224239417,"lat":44.46711862195354},"tipo_di_area":null,"nome":null,"quartiere":null,"ubicazione":null}},{"type":"Feature","geometry":{"coordinates":[11.380819068330709,44.468118414861195],"type":"Point"},"properties":{"geo_point_2d":{"lon":11.380819068330709,"lat":44.468118414861195},"tipo_di_area":null,"nome":null,"quartiere":null,"ubicazione":null}},{"type":"Feature","geometry":{"coordinates":[11.333668508788127,44.516936913076684],"type":"Point"},"properties":{"geo_point_2d":{"lon":11.333668508788127,"lat":44.516936913076684},"tipo_di_area":null,"nome":null,"quartiere":null,"ubicazione":null}},{"type":"Feature","geometry":{"coordinates":[11.328442883125044,44.52311323467433],"type":"Point"},"properties":{"geo_point_2d":{"lon":11.328442883125044,"lat":44.52311323467433},"tipo_di_area":null,"nome":null,"quartiere":null,"ubicazione":null}},{"type":"Feature","geometry":{"coordinates":[11.32135351307438,44.52485743860556],"type":"Point"},"properties":{"geo_point_2d":{"lon":11.32135351307438,"lat":44.52485743860556},"tipo_di_area":null,"nome":null,"quartiere":null,"ubicazione":null}},{"type":"Feature","geometry":{"coordinates":[11.354364726529692,44.541101550585026],"type":"Point"},"properties":{"geo_point_2d":{"lon":11.354364726529692,"lat":44.541101550585026},"tipo_di_area":null,"nome":null,"quartiere":null,"ubicazione":null}},{"type":"Feature","geometry":{"coordinates":[11.35318814570693,44.5379733165651],"type":"Point"},"properties":{"geo_point_2d":{"lon":11.35318814570693,"lat":44.5379733165651},"tipo_di_area":null,"nome":null,"quartiere":null,"ubicazione":null}},{"type":"Feature","geometry":{"coordinates":[11.360353975075464,44.527950936032006],"type":"Point"},"properties":{"geo_point_2d":{"lon":11.360353975075464,"lat":44.527950936032006},"tipo_di_area":null,"nome":null,"quartiere":null,"ubicazione":null}},{"type":"Feature","geometry":{"coordinates":[11.336830120987509,44.50096273742033],"type":"Point"},"properties":{"geo_point_2d":{"lon":11.336830120987509,"lat":44.50096273742033},"tipo_di_area":null,"nome":null,"quartiere":null,"ubicazione":null}},{"type":"Feature","geometry":{"coordinates":[11.313886115736478,44.48991261945735],"type":"Point"},"properties":{"geo_point_2d":{"lon":11.313886115736478,"lat":44.48991261945735},"tipo_di_area":null,"nome":null,"quartiere":null,"ubicazione":null}},{"type":"Feature","geometry":{"coordinates":[11.361064336770047,44.50196195857845],"type":"Point"},"properties":{"geo_point_2d":{"lon":11.361064336770047,"lat":44.50196195857845},"tipo_di_area":null,"nome":null,"quartiere":null,"ubicazione":null}},{"type":"Feature","geometry":{"coordinates":[11.366296623352744,44.500792530471244],"type":"Point"},"properties":{"geo_point_2d":{"lon":11.366296623352744,"lat":44.500792530471244},"tipo_di_area":null,"nome":null,"quartiere":null,"ubicazione":null}},{"type":"Feature","geometry":{"coordinates":[11.365253113048615,44.50104436607735],"type":"Point"},"properties":{"geo_point_2d":{"lon":11.365253113048615,"lat":44.50104436607735},"tipo_di_area":null,"nome":null,"quartiere":null,"ubicazione":null}},{"type":"Feature","geometry":{"coordinates":[11.394250387492894,44.51465720361626],"type":"Point"},"properties":{"geo_point_2d":{"lon":11.394250387492894,"lat":44.51465720361626},"tipo_di_area":null,"nome":null,"quartiere":null,"ubicazione":null}},{"type":"Feature","geometry":{"coordinates":[11.32329210886715,44.449005885932365],"type":"Point"},"properties":{"geo_point_2d":{"lon":11.32329210886715,"lat":44.449005885932365},"tipo_di_area":null,"nome":null,"quartiere":null,"ubicazione":null}},{"type":"Feature","geometry":{"coordinates":[11.357413786883246,44.4475845248281],"type":"Point"},"properties":{"geo_point_2d":{"lon":11.357413786883246,"lat":44.4475845248281},"tipo_di_area":null,"nome":null,"quartiere":null,"ubicazione":null}},{"type":"Feature","geometry":{"coordinates":[11.387066574510676,44.50832374961191],"type":"Point"},"properties":{"geo_point_2d":{"lon":11.387066574510676,"lat":44.50832374961191},"tipo_di_area":null,"nome":null,"quartiere":null,"ubicazione":null}},{"type":"Feature","geometry":{"coordinates":[11.292734483579938,44.50675246972841],"type":"Point"},"properties":{"geo_point_2d":{"lon":11.292734483579938,"lat":44.50675246972841},"tipo_di_area":null,"nome":null,"quartiere":null,"ubicazione":null}},{"type":"Feature","geometry":{"coordinates":[11.292748410461078,44.5024072828135],"type":"Point"},"properties":{"geo_point_2d":{"lon":11.292748410461078,"lat":44.5024072828135},"tipo_di_area":null,"nome":null,"quartiere":null,"ubicazione":null}},{"type":"Feature","geometry":{"coordinates":[11.292489534317577,44.49740753248503],"type":"Point"},"properties":{"geo_point_2d":{"lon":11.292489534317577,"lat":44.49740753248503},"tipo_di_area":null,"nome":null,"quartiere":null,"ubicazione":null}},{"type":"Feature","geometry":{"coordinates":[11.291286087941604,44.49740630364258],"type":"Point"},"properties":{"geo_point_2d":{"lon":11.291286087941604,"lat":44.49740630364258},"tipo_di_area":null,"nome":null,"quartiere":null,"ubicazione":null}},{"type":"Feature","geometry":{"coordinates":[11.303584752828806,44.49778355827578],"type":"Point"},"properties":{"geo_point_2d":{"lon":11.303584752828806,"lat":44.49778355827578},"tipo_di_area":null,"nome":null,"quartiere":null,"ubicazione":null}},{"type":"Feature","geometry":{"coordinates":[11.299703658747005,44.49530764553943],"type":"Point"},"properties":{"geo_point_2d":{"lon":11.299703658747005,"lat":44.49530764553943},"tipo_di_area":null,"nome":null,"quartiere":null,"ubicazione":null}},{"type":"Feature","geometry":{"coordinates":[11.298783665363617,44.499638495959225],"type":"Point"},"properties":{"geo_point_2d":{"lon":11.298783665363617,"lat":44.499638495959225},"tipo_di_area":null,"nome":null,"quartiere":null,"ubicazione":null}},{"type":"Feature","geometry":{"coordinates":[11.302033953652703,44.50263769077377],"type":"Point"},"properties":{"geo_point_2d":{"lon":11.302033953652703,"lat":44.50263769077377},"tipo_di_area":null,"nome":null,"quartiere":null,"ubicazione":null}},{"type":"Feature","geometry":{"coordinates":[11.302325189314146,44.50176644147437],"type":"Point"},"properties":{"geo_point_2d":{"lon":11.302325189314146,"lat":44.50176644147437},"tipo_di_area":null,"nome":null,"quartiere":null,"ubicazione":null}},{"type":"Feature","geometry":{"coordinates":[11.306247244811063,44.50216089990191],"type":"Point"},"properties":{"geo_point_2d":{"lon":11.306247244811063,"lat":44.50216089990191},"tipo_di_area":null,"nome":null,"quartiere":null,"ubicazione":null}},{"type":"Feature","geometry":{"coordinates":[11.287085686857896,44.50574322412205],"type":"Point"},"properties":{"geo_point_2d":{"lon":11.287085686857896,"lat":44.50574322412205},"tipo_di_area":null,"nome":null,"quartiere":null,"ubicazione":null}},{"type":"Feature","geometry":{"coordinates":[11.280993743359055,44.50176743646782],"type":"Point"},"properties":{"geo_point_2d":{"lon":11.280993743359055,"lat":44.50176743646782},"tipo_di_area":null,"nome":null,"quartiere":null,"ubicazione":null}},{"type":"Feature","geometry":{"coordinates":[11.360968962470029,44.51183784672329],"type":"Point"},"properties":{"geo_point_2d":{"lon":11.360968962470029,"lat":44.51183784672329},"tipo_di_area":null,"nome":null,"quartiere":null,"ubicazione":null}},{"type":"Feature","geometry":{"coordinates":[11.360559729610062,44.51173135241111],"type":"Point"},"properties":{"geo_point_2d":{"lon":11.360559729610062,"lat":44.51173135241111},"tipo_di_area":null,"nome":null,"quartiere":null,"ubicazione":null}},{"type":"Feature","geometry":{"coordinates":[11.364676839904984,44.50748631498648],"type":"Point"},"properties":{"geo_point_2d":{"lon":11.364676839904984,"lat":44.50748631498648},"tipo_di_area":null,"nome":null,"quartiere":null,"ubicazione":null}},{"type":"Feature","geometry":{"coordinates":[11.366366013837597,44.50806567083569],"type":"Point"},"properties":{"geo_point_2d":{"lon":11.366366013837597,"lat":44.50806567083569},"tipo_di_area":null,"nome":null,"quartiere":null,"ubicazione":null}},{"type":"Feature","geometry":{"coordinates":[11.311433702474757,44.48034734466056],"type":"Point"},"properties":{"geo_point_2d":{"lon":11.311433702474757,"lat":44.48034734466056},"tipo_di_area":null,"nome":null,"quartiere":null,"ubicazione":null}},{"type":"Feature","geometry":{"coordinates":[11.347912357933103,44.479372821237945],"type":"Point"},"properties":{"geo_point_2d":{"lon":11.347912357933103,"lat":44.479372821237945},"tipo_di_area":null,"nome":null,"quartiere":null,"ubicazione":null}},{"type":"Feature","geometry":{"coordinates":[11.330371606100762,44.511494921642914],"type":"Point"},"properties":{"geo_point_2d":{"lon":11.330371606100762,"lat":44.511494921642914},"tipo_di_area":null,"nome":null,"quartiere":null,"ubicazione":null}},{"type":"Feature","geometry":{"coordinates":[11.350730311771333,44.53227600417252],"type":"Point"},"properties":{"geo_point_2d":{"lon":11.350730311771333,"lat":44.53227600417252},"tipo_di_area":null,"nome":null,"quartiere":null,"ubicazione":null}},{"type":"Feature","geometry":{"coordinates":[11.349708904060243,44.531030891428315],"type":"Point"},"properties":{"geo_point_2d":{"lon":11.349708904060243,"lat":44.531030891428315},"tipo_di_area":null,"nome":null,"quartiere":null,"ubicazione":null}},{"type":"Feature","geometry":{"coordinates":[11.34869620343128,44.531277368830075],"type":"Point"},"properties":{"geo_point_2d":{"lon":11.34869620343128,"lat":44.531277368830075},"tipo_di_area":null,"nome":null,"quartiere":null,"ubicazione":null}},{"type":"Feature","geometry":{"coordinates":[11.342538287040608,44.53187547839467],"type":"Point"},"properties":{"geo_point_2d":{"lon":11.342538287040608,"lat":44.53187547839467},"tipo_di_area":null,"nome":null,"quartiere":null,"ubicazione":null}}]}