{"type":"FeatureCollection","features":[{"type":"Feature","geometry":{"coordinates":[[11.356188587322418,44.49849610339559],[11.356326632830015,44.49812411633736],[11.356612168090022,44.49810399891292]],"type":"LineString"},"properties":{"geo_point_2d":{"lon":11.35634636829913,"lat":44.498227947266706},"ente":"01","codice":1043,"codvia":0,"nomevia":null,"codviada":0,"nomeviada":null,"codviaa":0,"nomeviaa":null,"ordinanza":"4000\/343434","stato":"A","lunghezza":66,"larghezza":0.0,"uso":3002,"duso":"Ciclabile","tipologia":2901,"dtipologia":"sede propria","codarco1":null,"nomevia1":null,"codarco2":null,"nomevia2":null,"codarco3":null,"nomevia3":null,"codarco4":null,"nomevia4":null,"codarco5":null,"nomevia5":null,"n_ciclovia":null}},{"type":"Feature","geometry":{"coordinates":[[11.312424574020358,44.495990611331436],[11.312663708360928,44.49600000517854],[11.313699608420094,44.49608068435933],[11.314401467018971,44.4961663885023],[11.314835800118729,44.49621931384482],[11.315329647324244,44.49627958030564]],"type":"LineString"},"properties":{"geo_point_2d":{"lon":11.313878917201286,"lat":44.49611526508497},"ente":"01","codice":825,"codvia":60100,"nomevia":"VIA VALDOSSOLA","codviada":52380,"nomeviada":"VIA SACCO E VANZETTI","codviaa":39600,"nomeviaa":"VIA MONTEFIORINO","ordinanza":"4000\/343434","stato":"A","lunghezza":233,"larghezza":0.0,"uso":3003,"duso":"Pedonale-Ciclabile","tipologia":6718,"dtipologia":"ciclabile contigua al pedonale","codarco1":260,"nomevia1":"VIA VALDOSSOLA","codarco2":null,"nomevia2":null,"codarco3":null,"nomevia3":null,"codarco4":null,"nomevia4":null,"codarco5":null,"nomevia5":null,"n_ciclovia":null}},{"type":"Feature","geometry":{"coordinates":[[11.372027704684992,44.50545783766943],[11.372383323191631,44.50559833776577],[11.372683167209624,44.50571671574959],[11.372995338437422,44.50584496112703],[11.3737016291306,44.50611789535564],[11.373819698641459,44.50616936589482],[11.37397241840474,44.50623425128554],[11.374092199966936,44.50629038759584],[11.374537709872644,44.506503294886706],[11.374909925492192,44.50667684014579]],"type":"LineString"},"properties":{"geo_point_2d":{"lon":11.373477761394808,"lat":44.50604666248367},"ente":"01","codice":1795,"codvia":20500,"nomevia":"VIA SAN DONATO","codviada":0,"nomeviada":null,"codviaa":0,"nomeviaa":null,"ordinanza":"4000\/343434","stato":"A","lunghezza":266,"larghezza":0.0,"uso":3003,"duso":"Pedonale-Ciclabile","tipologia":6718,"dtipologia":"ciclabile contigua al pedonale","codarco1":7046,"nomevia1":"VIA SAN DONATO","codarco2":7044,"nomevia2":"VIA SAN DONATO","codarco3":7047,"nomevia3":"VIA SAN DONATO","codarco4":null,"nomevia4":null,"codarco5":null,"nomevia5":null,"n_ciclovia":8}},{"type":"Feature","geometry":{"coordinates":[[11.309598326559733,44.49378077258582],[11.307954872799481,44.49354704463736]],"type":"LineString"},"properties":{"geo_point_2d":{"lon":11.308776599679607,"lat":44.4936639086116},"ente":"01","codice":1942,"codvia":0,"nomevia":null,"codviada":0,"nomeviada":null,"codviaa":0,"nomeviaa":null,"ordinanza":"4000\/343434","stato":"O","lunghezza":133,"larghezza":0.0,"uso":3002,"duso":"Ciclabile","tipologia":2902,"dtipologia":"corsia ciclabile su strada","codarco1":null,"nomevia1":null,"codarco2":null,"nomevia2":null,"codarco3":null,"nomevia3":null,"codarco4":null,"nomevia4":null,"codarco5":null,"nomevia5":null,"n_ciclovia":3}},{"type":"Feature","geometry":{"coordinates":[[11.364485342201279,44.52697601447953],[11.364250947299462,44.52683477132587],[11.36351152936237,44.52638848774496],[11.363094422462321,44.526157342248155],[11.36288969007644,44.52603270562016]],"type":"LineString"},"properties":{"geo_point_2d":{"lon":11.363689405808339,"lat":44.52650107486128},"ente":"01","codice":2124,"codvia":22400,"nomevia":"VIA FERRARESE","codviada":0,"nomeviada":null,"codviaa":0,"nomeviaa":null,"ordinanza":"4000\/343434","stato":"O","lunghezza":165,"larghezza":0.0,"uso":3002,"duso":"Ciclabile","tipologia":0,"dtipologia":null,"codarco1":10656,"nomevia1":"VIA FERRARESE","codarco2":null,"nomevia2":null,"codarco3":null,"nomevia3":null,"codarco4":null,"nomevia4":null,"codarco5":null,"nomevia5":null,"n_ciclovia":7}},{"type":"Feature","geometry":{"coordinates":[[11.281185688730307,44.51529315971633],[11.2842129227088,44.514131732069195],[11.284513431841237,44.51396827376727],[11.284738361163553,44.51384651345436],[11.285181435305844,44.51359254810859],[11.286473863230489,44.51282999551708]],"type":"LineString"},"properties":{"geo_point_2d":{"lon":11.283880339059193,"lat":44.514166900358916},"ente":"01","codice":2100,"codvia":21400,"nomevia":"VIA EMILIA PONENTE","codviada":11120,"nomeviada":"VIA CADUTI DI AMOLA","codviaa":0,"nomeviaa":null,"ordinanza":"4000\/343434","stato":"O","lunghezza":504,"larghezza":0.0,"uso":3002,"duso":"Ciclabile","tipologia":2902,"dtipologia":"corsia ciclabile su strada","codarco1":4910,"nomevia1":"VIA EMILIA PONENTE","codarco2":9564,"nomevia2":"VIA EMILIA PONENTE","codarco3":9572,"nomevia3":"VIA EMILIA PONENTE","codarco4":5932,"nomevia4":"VIA EMILIA PONENTE","codarco5":9570,"nomevia5":"VIA EMILIA PONENTE","n_ciclovia":1}},{"type":"Feature","geometry":{"coordinates":[[[11.260648898633299,44.52208832976061],[11.260818550241881,44.52218355284737],[11.261036549437582,44.52224454530525],[11.261478326457365,44.52224457461006]],[[11.2613619453206,44.522279011573815],[11.261478326457365,44.52224457461006],[11.261361740646228,44.52221012254201]]],"type":"MultiLineString"},"properties":{"geo_point_2d":{"lon":11.261133480715664,"lat":44.52221919971468},"ente":"01","codice":2202,"codvia":0,"nomevia":null,"codviada":0,"nomeviada":null,"codviaa":0,"nomeviaa":null,"ordinanza":"4000\/343434","stato":"A","lunghezza":91,"larghezza":0.0,"uso":3002,"duso":"Ciclabile","tipologia":2901,"dtipologia":"sede propria","codarco1":null,"nomevia1":null,"codarco2":null,"nomevia2":null,"codarco3":null,"nomevia3":null,"codarco4":null,"nomevia4":null,"codarco5":null,"nomevia5":null,"n_ciclovia":1}},{"type":"Feature","geometry":{"coordinates":[[11.371079008007854,44.469420184842875],[11.37104539611739,44.46922452625781],[11.370959927136475,44.46890933277358],[11.370865132603235,44.46859118939142],[11.370799359076916,44.46825723895832],[11.370781996277897,44.4681401506273],[11.370766822723594,44.467600248251046],[11.37077032056151,44.46725253324208],[11.370754179355096,44.46677830067639],[11.370754302666912,44.46662813330605],[11.370769273041624,44.466156222533854],[11.370777110591538,44.46593673265748],[11.370778561835936,44.4657385147145],[11.370796535006063,44.46526782515498],[11.370802990928576,44.465059327642564],[11.370809036202727,44.46478698740415],[11.370820082069157,44.46441535110827],[11.370822453362255,44.46433557279981],[11.370829857944447,44.464206818166694]],"type":"LineString"},"properties":{"geo_point_2d":{"lon":11.37081786643103,"lat":44.46682684499986},"ente":"01","codice":2141,"codvia":58600,"nomevia":"VIA TOSCANA","codviada":23700,"nomeviada":"VIA DELLA FOSCHERARA","codviaa":20100,"nomeviaa":"VIA DELLA DIRETTISSIMA","ordinanza":"4000\/343434","stato":"O","lunghezza":581,"larghezza":0.0,"uso":3002,"duso":"Ciclabile","tipologia":2902,"dtipologia":"corsia ciclabile su strada","codarco1":4285,"nomevia1":"VIA TOSCANA","codarco2":551,"nomevia2":"VIA TOSCANA","codarco3":583,"nomevia3":"VIA TOSCANA","codarco4":558,"nomevia4":"VIA TOSCANA","codarco5":544,"nomevia5":"VIA TOSCANA","n_ciclovia":10}},{"type":"Feature","geometry":{"coordinates":[[11.370829857944447,44.464206818166694],[11.370840003176736,44.46383215001756],[11.370849413564983,44.46333580257843],[11.370841352729332,44.462934411294114],[11.370774917278906,44.46261548528085],[11.370645224828362,44.46201838257783],[11.370565917515462,44.461624001319166],[11.370520499242541,44.461387935927476],[11.370438708226402,44.46093297629424],[11.370423740352537,44.460860663035035],[11.370326261466442,44.46039224838747],[11.370299686002696,44.460264355287535],[11.370273520473505,44.460111596903246],[11.370201023208352,44.45976588883634]],"type":"LineString"},"properties":{"geo_point_2d":{"lon":11.370609264529493,"lat":44.461977889121215},"ente":"01","codice":2142,"codvia":58600,"nomevia":"VIA TOSCANA","codviada":20100,"nomeviada":"VIA DELLA DIRETTISSIMA","codviaa":2250,"nomeviaa":"VIA DELL'ANGELO CUSTODE","ordinanza":"4000\/343434","stato":"O","lunghezza":497,"larghezza":0.0,"uso":3002,"duso":"Ciclabile","tipologia":2902,"dtipologia":"corsia ciclabile su strada","codarco1":519,"nomevia1":"VIA TOSCANA","codarco2":510,"nomevia2":"VIA TOSCANA","codarco3":8589,"nomevia3":"VIA TOSCANA","codarco4":8588,"nomevia4":"VIA TOSCANA","codarco5":8587,"nomevia5":"VIA TOSCANA","n_ciclovia":10}},{"type":"Feature","geometry":{"coordinates":[[11.365341566863568,44.45297196461837],[11.365024664179998,44.45279965595366],[11.364846674441651,44.45270524334965],[11.364402993957922,44.45242973771401],[11.364197666600553,44.452300512479],[11.364089376851535,44.4522199262925],[11.363728653705738,44.45199911469345],[11.363403605397389,44.45187860937418],[11.363216918526247,44.45181583103717],[11.363158354216157,44.451782980421655],[11.36305445095946,44.45171550979959],[11.362978013658967,44.451660678778666],[11.362858157658108,44.45153829811299],[11.362768421929607,44.451425758842866],[11.362652828202412,44.45129833418143],[11.362548997928014,44.451188771659794],[11.362379768816602,44.45104834343196],[11.362265085782454,44.45096763363675],[11.36199034761497,44.450783336474004],[11.361810137283246,44.45063765844154],[11.361740020639886,44.450564021676755],[11.361555676359423,44.45034502237438],[11.361419238019952,44.45018185380201],[11.361270132070311,44.45002216140336],[11.361074811702943,44.449800436722725],[11.360933410537429,44.44967878627625],[11.360530850655639,44.449362014262014],[11.360356261258268,44.44921954748555],[11.360207595608374,44.449064934513814],[11.360138123753002,44.448976713134044],[11.36003488200566,44.44885128158442],[11.359950126567435,44.448756287870566],[11.359860156418044,44.44867856569965],[11.359662873316697,44.448505458417024],[11.359428105110918,44.44831236342386],[11.359042118995335,44.44801654303254],[11.358792166759624,44.44778176801205],[11.358569639778956,44.447388354094834],[11.358440271712135,44.44710163553019],[11.358240976093478,44.44676042747017]],"type":"LineString"},"properties":{"geo_point_2d":{"lon":11.361537384592797,"lat":44.4501423893087},"ente":"01","codice":2143,"codvia":58600,"nomevia":"VIA TOSCANA","codviada":0,"nomeviada":null,"codviaa":0,"nomeviaa":null,"ordinanza":"4000\/343434","stato":"O","lunghezza":908,"larghezza":0.0,"uso":3002,"duso":"Ciclabile","tipologia":2902,"dtipologia":"corsia ciclabile su strada","codarco1":8571,"nomevia1":"VIA TOSCANA","codarco2":8594,"nomevia2":"VIA TOSCANA","codarco3":8049,"nomevia3":"VIA TOSCANA","codarco4":4250,"nomevia4":"VIA TOSCANA","codarco5":9722,"nomevia5":"VIA TOSCANA","n_ciclovia":10}},{"type":"Feature","geometry":{"coordinates":[[11.34150500140128,44.51274680796442],[11.341614000076959,44.51267940492566],[11.342426843115675,44.51256840466442],[11.343383974062291,44.51244164546658],[11.344176118303261,44.51233357239834],[11.344356345371095,44.51230789400735],[11.345233281738128,44.51219069828652],[11.346871951480203,44.5119559917731]],"type":"LineString"},"properties":{"geo_point_2d":{"lon":11.344180308917649,"lat":44.51233134330138},"ente":"01","codice":2148,"codvia":24400,"nomevia":"VIA FRANCO BOLOGNESE","codviada":30880,"nomeviada":"ROTONDA ALEX LANGER","codviaa":17950,"nomeviaa":"VIA DI CORTICELLA","ordinanza":"4000\/343434","stato":"O","lunghezza":437,"larghezza":0.0,"uso":3002,"duso":"Ciclabile","tipologia":2902,"dtipologia":"corsia ciclabile su strada","codarco1":10888,"nomevia1":"VIA FRANCO BOLOGNESE","codarco2":3223,"nomevia2":"VIA FRANCO BOLOGNESE","codarco3":3230,"nomevia3":"VIA FRANCO BOLOGNESE","codarco4":6039,"nomevia4":"VIA FRANCO BOLOGNESE","codarco5":6040,"nomevia5":"VIA FRANCO BOLOGNESE","n_ciclovia":null}},{"type":"Feature","geometry":{"coordinates":[[11.353665137779386,44.552922130996336],[11.354053809711349,44.55268480042113],[11.356008177000234,44.55151740622706],[11.356248246919504,44.55132763398337],[11.356739425927271,44.55086802047003],[11.356860276824731,44.550792583992305],[11.356988957034122,44.55073258165268],[11.357187253984296,44.55066505466507],[11.357326984936751,44.55063750925556],[11.357470234258052,44.55061233619329],[11.357624303103725,44.550601683552316],[11.357679362410886,44.55041623132275],[11.357552094414217,44.55004288527407],[11.357437360447618,44.54970636838656],[11.357343655005572,44.549489687350885],[11.357145122174659,44.548929618101305]],"type":"LineString"},"properties":{"geo_point_2d":{"lon":11.3561310292542,"lat":44.55116250019231},"ente":"01","codice":2079,"codvia":6950,"nomevia":"VIA GENUZIO BENTINI","codviada":0,"nomeviada":null,"codviaa":0,"nomeviaa":null,"ordinanza":"4000\/343434","stato":"A","lunghezza":605,"larghezza":0.0,"uso":3002,"duso":"Ciclabile","tipologia":2902,"dtipologia":"corsia ciclabile su strada","codarco1":9056,"nomevia1":"VIA WILLIAM SHAKESPEARE","codarco2":9058,"nomevia2":"VIA WILLIAM SHAKESPEARE","codarco3":9063,"nomevia3":"VIA GENUZIO BENTINI","codarco4":9064,"nomevia4":"VIA GENUZIO BENTINI","codarco5":null,"nomevia5":null,"n_ciclovia":6}},{"type":"Feature","geometry":{"coordinates":[[11.364487100415044,44.526979045593094],[11.364825709533443,44.52707237192662]],"type":"LineString"},"properties":{"geo_point_2d":{"lon":11.364656404974244,"lat":44.52702570875986},"ente":"01","codice":311,"codvia":0,"nomevia":null,"codviada":0,"nomeviada":null,"codviaa":0,"nomeviaa":null,"ordinanza":"4000\/343434","stato":"A","lunghezza":29,"larghezza":0.0,"uso":3002,"duso":"Ciclabile","tipologia":2901,"dtipologia":"sede propria","codarco1":null,"nomevia1":null,"codarco2":null,"nomevia2":null,"codarco3":null,"nomevia3":null,"codarco4":null,"nomevia4":null,"codarco5":null,"nomevia5":null,"n_ciclovia":7}},{"type":"Feature","geometry":{"coordinates":[[11.278171566841147,44.50281039392862],[11.278076756620306,44.502857380809616],[11.278032755492418,44.50289853458792],[11.277907426226285,44.50292381537796],[11.27784500748878,44.50294273543943],[11.277775674747312,44.50296431613538],[11.277711188261872,44.50293048818753],[11.277644574102442,44.50293189992003],[11.277589166723756,44.502950671742006],[11.277526845413233,44.50297210422895],[11.277471535847805,44.502993388299956],[11.277439489631067,44.502981497685994],[11.27738358977116,44.5029877104951],[11.277303835713006,44.503012027024354],[11.277241513176236,44.503033460294816],[11.277138001833455,44.50307839352834],[11.277048710066913,44.503128054033645],[11.276900857040614,44.50325113514788],[11.27644164157169,44.50339156392659],[11.275394495007482,44.50371640610885]],"type":"LineString"},"properties":{"geo_point_2d":{"lon":11.276795754705265,"lat":44.50325374187273},"ente":"01","codice":741,"codvia":24900,"nomevia":"VIA GALEAZZA","codviada":0,"nomeviada":null,"codviaa":0,"nomeviaa":null,"ordinanza":"4000\/343434","stato":"A","lunghezza":251,"larghezza":0.0,"uso":3003,"duso":"Pedonale-Ciclabile","tipologia":6718,"dtipologia":"ciclabile contigua al pedonale","codarco1":7073,"nomevia1":"VIA GALEAZZA","codarco2":9044,"nomevia2":"VIA GALEAZZA","codarco3":null,"nomevia3":null,"codarco4":null,"nomevia4":null,"codarco5":null,"nomevia5":null,"n_ciclovia":4}},{"type":"Feature","geometry":{"coordinates":[[11.320030354263109,44.51518245148313],[11.320189343967517,44.51527851890558],[11.320327603560653,44.515182216323694],[11.320426918150911,44.51516013967328],[11.320508945634064,44.51516463897207],[11.320591340613893,44.51517836743103],[11.320668132470157,44.51521379803826],[11.321127330782092,44.51488884711982],[11.321879729913363,44.51434969740227],[11.322129075738877,44.51416081649085],[11.322288861948396,44.51406106416902],[11.322540498882162,44.51392957974118],[11.322806068122812,44.51382537722142],[11.32323094767973,44.51369035450144],[11.323530210053658,44.513611760852534],[11.32575593122121,44.51318604117012],[11.325966672068965,44.5131586794711]],"type":"LineString"},"properties":{"geo_point_2d":{"lon":11.322890901621292,"lat":44.51404996546987},"ente":"01","codice":406,"codvia":29730,"nomevia":"ROTONDA TOMMASINA GUIDI","codviada":0,"nomeviada":null,"codviaa":0,"nomeviaa":null,"ordinanza":"4000\/343434","stato":"A","lunghezza":554,"larghezza":0.0,"uso":3002,"duso":"Ciclabile","tipologia":2901,"dtipologia":"sede propria","codarco1":10340,"nomevia1":"VIA UMBERTO TERRACINI","codarco2":10343,"nomevia2":"ROTONDA TOMMASINA GUIDI","codarco3":null,"nomevia3":null,"codarco4":null,"nomevia4":null,"codarco5":null,"nomevia5":null,"n_ciclovia":null}},{"type":"Feature","geometry":{"coordinates":[[11.345115970295792,44.504816216835955],[11.345095863564431,44.50476054924885],[11.344928057534588,44.50478867977848],[11.344794608293531,44.50475187558236],[11.344713503286963,44.50472198950856],[11.344651272407667,44.504681857757454],[11.344591477886027,44.50463378982509],[11.344551005685233,44.50458728733023],[11.344382873231075,44.504106415681385],[11.344367730622306,44.50402157730137]],"type":"LineString"},"properties":{"geo_point_2d":{"lon":11.3446541514341,"lat":44.50453166818261},"ente":"01","codice":1275,"codvia":0,"nomevia":null,"codviada":0,"nomeviada":null,"codviaa":0,"nomeviaa":null,"ordinanza":"4000\/343434","stato":"A","lunghezza":123,"larghezza":0.0,"uso":3003,"duso":"Pedonale-Ciclabile","tipologia":6717,"dtipologia":"promiscuo ciclopedonale","codarco1":null,"nomevia1":null,"codarco2":null,"nomevia2":null,"codarco3":null,"nomevia3":null,"codarco4":null,"nomevia4":null,"codarco5":null,"nomevia5":null,"n_ciclovia":null}},{"type":"Feature","geometry":{"coordinates":[[11.364964538871117,44.50390598437611],[11.363959320422342,44.50339676630342]],"type":"LineString"},"properties":{"geo_point_2d":{"lon":11.36446192964673,"lat":44.503651375339764},"ente":"01","codice":923,"codvia":20500,"nomevia":"VIA SAN DONATO","codviada":62700,"nomeviada":"VIA ERMETE ZACCONI","codviaa":49750,"nomeviaa":"VIALE DELLA REPUBBLICA","ordinanza":"4000\/343434","stato":"A","lunghezza":98,"larghezza":0.0,"uso":3002,"duso":"Ciclabile","tipologia":2901,"dtipologia":"sede propria","codarco1":3355,"nomevia1":"VIA SAN DONATO","codarco2":null,"nomevia2":null,"codarco3":null,"nomevia3":null,"codarco4":null,"nomevia4":null,"codarco5":null,"nomevia5":null,"n_ciclovia":8}},{"type":"Feature","geometry":{"coordinates":[[11.364152965832538,44.50349486349386],[11.363881524542121,44.503786513921874],[11.363740538895504,44.50382806457301],[11.363111690950317,44.504501814948945],[11.362115865436852,44.50553219455511],[11.362071306492616,44.505623201282795]],"type":"LineString"},"properties":{"geo_point_2d":{"lon":11.363090604795,"lat":44.50453234001268},"ente":"01","codice":930,"codvia":0,"nomevia":null,"codviada":0,"nomeviada":null,"codviaa":0,"nomeviaa":null,"ordinanza":"4000\/343434","stato":"A","lunghezza":291,"larghezza":0.0,"uso":3003,"duso":"Pedonale-Ciclabile","tipologia":6717,"dtipologia":"promiscuo ciclopedonale","codarco1":null,"nomevia1":null,"codarco2":null,"nomevia2":null,"codarco3":null,"nomevia3":null,"codarco4":null,"nomevia4":null,"codarco5":null,"nomevia5":null,"n_ciclovia":null}},{"type":"Feature","geometry":{"coordinates":[[11.346763213413663,44.509249762089965],[11.346713325006421,44.509093588529964],[11.346664579686196,44.508940534692265]],"type":"LineString"},"properties":{"geo_point_2d":{"lon":11.34671386296789,"lat":44.50909515910256},"ente":"01","codice":1132,"codvia":37100,"nomevia":"VIA GIACOMO MATTEOTTI","codviada":63050,"nomeviada":"VIA DOMENICO ZAMPIERI","codviaa":22400,"nomeviaa":"VIA FERRARESE","ordinanza":"4000\/343434","stato":"A","lunghezza":35,"larghezza":0.0,"uso":3002,"duso":"Ciclabile","tipologia":6715,"dtipologia":"corsia preferenziale bus\/bici","codarco1":3189,"nomevia1":"VIA GIACOMO MATTEOTTI","codarco2":null,"nomevia2":null,"codarco3":null,"nomevia3":null,"codarco4":null,"nomevia4":null,"codarco5":null,"nomevia5":null,"n_ciclovia":null}},{"type":"Feature","geometry":{"coordinates":[[11.333493187622118,44.51706460480766],[11.33222084217508,44.51707055709501],[11.331701074591292,44.5170765068428],[11.33138588638422,44.517078756049564]],"type":"LineString"},"properties":{"geo_point_2d":{"lon":11.332439528615849,"lat":44.51707055207871},"ente":"01","codice":1150,"codvia":0,"nomevia":null,"codviada":0,"nomeviada":null,"codviaa":0,"nomeviaa":null,"ordinanza":"4000\/343434","stato":"A","lunghezza":168,"larghezza":0.0,"uso":3002,"duso":"Ciclabile","tipologia":2902,"dtipologia":"corsia ciclabile su strada","codarco1":null,"nomevia1":null,"codarco2":null,"nomevia2":null,"codarco3":null,"nomevia3":null,"codarco4":null,"nomevia4":null,"codarco5":null,"nomevia5":null,"n_ciclovia":null}},{"type":"Feature","geometry":{"coordinates":[[11.375876125021014,44.50715096714415],[11.376116601028198,44.50729719160551],[11.37625080593273,44.50738771865469],[11.376273447946115,44.50740434535587],[11.37640013584444,44.50749839678212],[11.376467424773207,44.50755548770249],[11.376587178862401,44.50765967144912],[11.376808398889587,44.50785450753457],[11.376900969947664,44.50791981462638],[11.376994999298288,44.50798323831709],[11.37715752942237,44.508074474311194],[11.37727298156846,44.50813228624384],[11.377375524023018,44.50818231721441],[11.377762975253487,44.50834476554969],[11.377969050099459,44.50843326707935],[11.378993657754927,44.50887752705403],[11.379580950820293,44.509132788075235],[11.37975061366941,44.50920745608335],[11.380121270310507,44.509364302703965],[11.38095506157328,44.50972660570015],[11.381657766837941,44.51003187153774],[11.381986200775268,44.51017129600917],[11.382082811004041,44.51021083390119]],"type":"LineString"},"properties":{"geo_point_2d":{"lon":11.378911772503677,"lat":44.508797590451344},"ente":"01","codice":1796,"codvia":20500,"nomevia":"VIA SAN DONATO","codviada":0,"nomeviada":null,"codviaa":0,"nomeviaa":null,"ordinanza":"4000\/343434","stato":"A","lunghezza":603,"larghezza":0.0,"uso":3003,"duso":"Pedonale-Ciclabile","tipologia":6718,"dtipologia":"ciclabile contigua al pedonale","codarco1":4768,"nomevia1":"VIA SAN DONATO","codarco2":4716,"nomevia2":"VIA SAN DONATO","codarco3":3499,"nomevia3":"VIA SAN DONATO","codarco4":8030,"nomevia4":"VIA SAN DONATO","codarco5":null,"nomevia5":null,"n_ciclovia":8}},{"type":"Feature","geometry":{"coordinates":[[[11.321688950715687,44.50126022981779],[11.314132839730144,44.50396060593841]],[[11.31421528024931,44.50389265689668],[11.314132839730144,44.50396060593841],[11.314258272141108,44.50395427614733]]],"type":"MultiLineString"},"properties":{"geo_point_2d":{"lon":11.317806028621089,"lat":44.50264793852725},"ente":"01","codice":1978,"codvia":21400,"nomevia":"VIA EMILIA PONENTE","codviada":0,"nomeviada":null,"codviaa":0,"nomeviaa":null,"ordinanza":"4000\/343434","stato":"A","lunghezza":692,"larghezza":0.0,"uso":3002,"duso":"Ciclabile","tipologia":2902,"dtipologia":"corsia ciclabile su strada","codarco1":6838,"nomevia1":"VIA AURELIO SAFFI","codarco2":2710,"nomevia2":"VIA AURELIO SAFFI","codarco3":2700,"nomevia3":"VIA EMILIA PONENTE","codarco4":2737,"nomevia4":"VIA EMILIA PONENTE","codarco5":2744,"nomevia5":"VIA EMILIA PONENTE","n_ciclovia":1}},{"type":"Feature","geometry":{"coordinates":[[11.356188587322418,44.49849610339559],[11.356360914159987,44.49850002929573],[11.356471734449057,44.49860454336794]],"type":"LineString"},"properties":{"geo_point_2d":{"lon":11.35634116827409,"lat":44.49852350299944},"ente":"01","codice":2044,"codvia":0,"nomevia":null,"codviada":0,"nomeviada":null,"codviaa":0,"nomeviaa":null,"ordinanza":"4000\/343434","stato":"A","lunghezza":28,"larghezza":0.0,"uso":3003,"duso":"Pedonale-Ciclabile","tipologia":6718,"dtipologia":"ciclabile contigua al pedonale","codarco1":null,"nomevia1":null,"codarco2":null,"nomevia2":null,"codarco3":null,"nomevia3":null,"codarco4":null,"nomevia4":null,"codarco5":null,"nomevia5":null,"n_ciclovia":null}},{"type":"Feature","geometry":{"coordinates":[[11.391828082132895,44.49366470977432],[11.392227957172866,44.49371894311338],[11.392642021181661,44.493791302505706],[11.393073669933072,44.493854522904186],[11.393428542707863,44.493904979526256],[11.39355641031897,44.49392002082936],[11.394506360830132,44.49407882396641],[11.394820524051326,44.49412890796687],[11.395312148951778,44.49420290675518],[11.397606808688534,44.494495952399625],[11.39829376540727,44.49458487091015],[11.3994326142987,44.4947335001741],[11.400739044801028,44.49482896589859],[11.401752336751043,44.49489780032376],[11.402065652040498,44.49494327733243],[11.402590175618954,44.4950645445628],[11.40341113522959,44.49531194918827],[11.403846555785945,44.495437346932405],[11.404344900062165,44.49556374066179],[11.40556935370685,44.49577929433331],[11.40688379669853,44.49601663715765],[11.408608025848856,44.49631191706027],[11.410465445569502,44.49661054106837],[11.411221903683813,44.496747837221676],[11.412458043827124,44.49695456691076],[11.41309485844741,44.49706106069869],[11.4132355961273,44.49708286933103],[11.413932547889106,44.49718907464183],[11.4147377832606,44.49731090673959],[11.41653170547935,44.49762680434918],[11.41670134376878,44.497660901931944],[11.418004313051666,44.497922078950914],[11.419487980395544,44.498215780740686],[11.419712447400213,44.49826014168581],[11.420174782111284,44.498338880220345],[11.420511310188253,44.49839414428973]],"type":"LineString"},"properties":{"geo_point_2d":{"lon":11.406187054589743,"lat":44.49590238036769},"ente":"01","codice":2052,"codvia":37000,"nomevia":"VIA ENRICO MATTEI","codviada":0,"nomeviada":null,"codviaa":0,"nomeviaa":null,"ordinanza":"4000\/343434","stato":"A","lunghezza":2345,"larghezza":0.0,"uso":3002,"duso":"Ciclabile","tipologia":2902,"dtipologia":"corsia ciclabile su strada","codarco1":9123,"nomevia1":"VIA ENRICO MATTEI","codarco2":3988,"nomevia2":"VIA ENRICO MATTEI","codarco3":2341,"nomevia3":"VIA ENRICO MATTEI","codarco4":8181,"nomevia4":"VIA ENRICO MATTEI","codarco5":8184,"nomevia5":"VIA ENRICO MATTEI","n_ciclovia":9}},{"type":"Feature","geometry":{"coordinates":[[11.304296409159475,44.50726650148425],[11.30443897794273,44.507230291074855],[11.304573733464784,44.50718955267528],[11.30472232748592,44.50713996114423],[11.306171848208248,44.50666251141649],[11.307138083500515,44.506319725518544],[11.308271403166389,44.505922741234386],[11.309025862650143,44.50566315691488],[11.309247536035691,44.50558528257801]],"type":"LineString"},"properties":{"geo_point_2d":{"lon":11.306776906958726,"lat":44.50644122942227},"ente":"01","codice":2096,"codvia":21400,"nomevia":"VIA EMILIA PONENTE","codviada":5800,"nomeviada":"VIA BATTINDARNO","codviaa":47900,"nomeviaa":"VIA PRATI DI CAPRARA","ordinanza":"4000\/343434","stato":"O","lunghezza":436,"larghezza":0.0,"uso":3002,"duso":"Ciclabile","tipologia":2902,"dtipologia":"corsia ciclabile su strada","codarco1":2667,"nomevia1":"VIA EMILIA PONENTE","codarco2":6841,"nomevia2":"VIA EMILIA PONENTE","codarco3":6842,"nomevia3":"VIA EMILIA PONENTE","codarco4":6847,"nomevia4":"VIA EMILIA PONENTE","codarco5":9379,"nomevia5":"VIA EMILIA PONENTE","n_ciclovia":1}},{"type":"Feature","geometry":{"coordinates":[[11.281185688730307,44.51529315971633],[11.279711284357836,44.51582689145804],[11.278823854176158,44.51615014470461],[11.278652687357557,44.51621109789342],[11.277975341532303,44.516442630468774],[11.276764246943076,44.51686417751934],[11.275832222265825,44.517194726907235],[11.275198809680967,44.51743822866062],[11.274546244725443,44.517668865598566],[11.274420845975236,44.51771311386951]],"type":"LineString"},"properties":{"geo_point_2d":{"lon":11.277803228444176,"lat":44.51650319593813},"ente":"01","codice":2101,"codvia":35100,"nomevia":"VIA MARCO EMILIO LEPIDO","codviada":11120,"nomeviada":"VIA CADUTI DI AMOLA","codviaa":12550,"nomeviaa":"VIA DOMENICO MARIA CANUTI","ordinanza":"4000\/343434","stato":"O","lunghezza":601,"larghezza":0.0,"uso":3002,"duso":"Ciclabile","tipologia":2902,"dtipologia":"corsia ciclabile su strada","codarco1":4555,"nomevia1":"VIA MARCO EMILIO LEPIDO","codarco2":2588,"nomevia2":"VIA MARCO EMILIO LEPIDO","codarco3":5917,"nomevia3":"VIA MARCO EMILIO LEPIDO","codarco4":9581,"nomevia4":"VIA MARCO EMILIO LEPIDO","codarco5":2580,"nomevia5":"VIA MARCO EMILIO LEPIDO","n_ciclovia":1}},{"type":"Feature","geometry":{"coordinates":[[11.369123980363353,44.485617626371514],[11.36755978736124,44.48618814124491],[11.367182074542306,44.48632193841097],[11.366347815490588,44.48664225572168],[11.364431164717523,44.48736047237872],[11.363725245387446,44.48763644437904],[11.362854277827987,44.48797895367113],[11.36245378253116,44.48813447443799]],"type":"LineString"},"properties":{"geo_point_2d":{"lon":11.3657828637366,"lat":44.48686009010005},"ente":"01","codice":2137,"codvia":37300,"nomevia":"VIA MAZZINI","codviada":37700,"nomeviada":"VIA PIETRO MENGOLI","codviaa":59150,"nomeviaa":"PIAZZA TRENTO E TRIESTE","ordinanza":"4000\/343434","stato":"O","lunghezza":600,"larghezza":0.0,"uso":3002,"duso":"Ciclabile","tipologia":2902,"dtipologia":"corsia ciclabile su strada","codarco1":1674,"nomevia1":"VIA MAZZINI","codarco2":8336,"nomevia2":"VIA MAZZINI","codarco3":8337,"nomevia3":"VIA MAZZINI","codarco4":1669,"nomevia4":"VIA MAZZINI","codarco5":1670,"nomevia5":"VIA MAZZINI","n_ciclovia":1}},{"type":"Feature","geometry":{"coordinates":[[11.358966287360587,44.50861185697393],[11.358608310104982,44.50899094480737],[11.358543814759235,44.50901753695712],[11.358440583117192,44.5090846191339],[11.358381819925405,44.50912392641661],[11.358273584174862,44.50919632652359],[11.358140686416082,44.50925034220243],[11.35803040491197,44.5092951663748],[11.357749392861397,44.50937029332462]],"type":"LineString"},"properties":{"geo_point_2d":{"lon":11.358402361170112,"lat":44.50906302140383},"ente":"01","codice":2150,"codvia":49750,"nomevia":"VIALE DELLA REPUBBLICA","codviada":0,"nomeviada":null,"codviaa":0,"nomeviaa":null,"ordinanza":"4000\/343434","stato":"O","lunghezza":132,"larghezza":0.0,"uso":3002,"duso":"Ciclabile","tipologia":2902,"dtipologia":"corsia ciclabile su strada","codarco1":3471,"nomevia1":"VIALE DELLA REPUBBLICA","codarco2":null,"nomevia2":null,"codarco3":null,"nomevia3":null,"codarco4":null,"nomevia4":null,"codarco5":null,"nomevia5":null,"n_ciclovia":null}},{"type":"Feature","geometry":{"coordinates":[[11.372749711715755,44.49444634386558],[11.372890648699835,44.49399286627584],[11.372933258995612,44.493883134719525],[11.372972750695236,44.493754396751704],[11.3730055818295,44.49362553302257],[11.373033358357768,44.49351650981692],[11.373049451412106,44.49344167374485],[11.373066949114959,44.493360306243424]],"type":"LineString"},"properties":{"geo_point_2d":{"lon":11.3729175977377,"lat":44.49390583938375},"ente":"01","codice":2154,"codvia":50250,"nomevia":"VIA RIMESSE","codviada":0,"nomeviada":null,"codviaa":36800,"nomeviaa":"VIA GIUSEPPE MASSARENTI","ordinanza":"4000\/343434","stato":"O","lunghezza":123,"larghezza":0.0,"uso":3002,"duso":"Ciclabile","tipologia":2902,"dtipologia":"corsia ciclabile su strada","codarco1":7983,"nomevia1":"VIA RIMESSE","codarco2":4448,"nomevia2":"VIA RIMESSE","codarco3":null,"nomevia3":null,"codarco4":null,"nomevia4":null,"codarco5":null,"nomevia5":null,"n_ciclovia":null}},{"type":"Feature","geometry":{"coordinates":[[11.367170002158083,44.48274082326987],[11.366619187141884,44.481919792238386],[11.366242491258626,44.48135665711159],[11.36611361728781,44.48116989318665],[11.365659738295964,44.48047248388311],[11.36558877689487,44.480401171223505],[11.365004565704817,44.47951527828086],[11.364766417832284,44.4794781199478],[11.36461283571301,44.47947900830797],[11.364440652392872,44.47948526583293]],"type":"LineString"},"properties":{"geo_point_2d":{"lon":11.36591346745873,"lat":44.48091892546014},"ente":"01","codice":2155,"codvia":5500,"nomevia":"VIA LAURA BASSI VERATTI","codviada":0,"nomeviada":null,"codviaa":0,"nomeviaa":null,"ordinanza":"4000\/343434","stato":"O","lunghezza":443,"larghezza":0.0,"uso":3002,"duso":"Ciclabile","tipologia":2902,"dtipologia":"corsia ciclabile su strada","codarco1":5270,"nomevia1":"VIA LAURA BASSI VERATTI","codarco2":1582,"nomevia2":"VIA LAURA BASSI VERATTI","codarco3":8963,"nomevia3":"VIA LAURA BASSI VERATTI","codarco4":8962,"nomevia4":"VIA LAURA BASSI VERATTI","codarco5":1612,"nomevia5":"VIA LAURA BASSI VERATTI","n_ciclovia":null}},{"type":"Feature","geometry":{"coordinates":[[[11.316375596174302,44.48885421296416],[11.315946013042122,44.48908014562781],[11.315686444539821,44.489219037027624],[11.315472662873193,44.48933533951089],[11.314763584848974,44.489708889550165],[11.314638496141086,44.48978343770235],[11.3144144299658,44.489899280696946],[11.31430201495565,44.489947392588704],[11.314175371273334,44.489982694563416],[11.313998074327108,44.49000920225131],[11.313881455397425,44.490009933405],[11.313764914794517,44.49001066402097],[11.31346652671695,44.49001997990745],[11.313166600805353,44.4900293430322],[11.312942965052521,44.49004042250087],[11.312861571133617,44.49004287711649],[11.312536195229168,44.49005268923764],[11.312109592524648,44.49006598857574],[11.311776241142134,44.49007688868887],[11.311490575558976,44.49008622865377]],[[11.311604404792513,44.49004803428061],[11.311490575558976,44.49008622865377],[11.311608793921735,44.49011683624222]],[[11.315978569327845,44.489041657165814],[11.315946013042122,44.48908014562781],[11.316007053081538,44.48906940872793]],[[11.314796098627838,44.489670382577685],[11.314763584848974,44.489708889550165],[11.314824613690595,44.489698117862766]],[[11.311604404792513,44.49004803428061],[11.311490575558976,44.49008622865377],[11.311608793921735,44.49011683624222]],[[11.315978569327845,44.489041657165814],[11.315946013042122,44.48908014562781],[11.316007053081538,44.48906940872793]],[[11.314796098627838,44.489670382577685],[11.314763584848974,44.489708889550165],[11.314824613690595,44.489698117862766]]],"type":"MultiLineString"},"properties":{"geo_point_2d":{"lon":11.313913383631425,"lat":44.48974988818201},"ente":"01","codice":2106,"codvia":52950,"nomevia":"VIA SARAGOZZA","codviada":19350,"nomeviada":"VIA PIETRO DE COUBERTIN","codviaa":13900,"nomeviaa":"VIA DI CASAGLIA","ordinanza":"4000\/343434","stato":"A","lunghezza":510,"larghezza":0.0,"uso":6709,"duso":"Itinerario ciclabile","tipologia":2902,"dtipologia":"corsia ciclabile su strada","codarco1":4213,"nomevia1":"VIA SARAGOZZA","codarco2":295,"nomevia2":"VIA SARAGOZZA","codarco3":8235,"nomevia3":"VIA SARAGOZZA","codarco4":8234,"nomevia4":"VIA SARAGOZZA","codarco5":188,"nomevia5":"VIA SARAGOZZA","n_ciclovia":2}},{"type":"Feature","geometry":{"coordinates":[[11.23233415370395,44.53246133208749],[11.233741931101726,44.53200068430184],[11.235076709175821,44.531549206778664],[11.23598584098564,44.531242353993875],[11.236608924988236,44.53102413457717],[11.237682233568178,44.530613130817734],[11.238857258180976,44.53016546750899]],"type":"LineString"},"properties":{"geo_point_2d":{"lon":11.235607980536525,"lat":44.53134795753862},"ente":"01","codice":2074,"codvia":35100,"nomevia":"VIA MARCO EMILIO LEPIDO","codviada":0,"nomeviada":null,"codviaa":0,"nomeviaa":null,"ordinanza":"4000\/343434","stato":"A","lunghezza":578,"larghezza":0.0,"uso":3002,"duso":"Ciclabile","tipologia":2902,"dtipologia":"corsia ciclabile su strada","codarco1":8667,"nomevia1":"VIA MARCO EMILIO LEPIDO","codarco2":null,"nomevia2":null,"codarco3":null,"nomevia3":null,"codarco4":null,"nomevia4":null,"codarco5":null,"nomevia5":null,"n_ciclovia":1}},{"type":"Feature","geometry":{"coordinates":[[11.313201741312911,44.497718152365934],[11.313509113894227,44.49780677805403]],"type":"LineString"},"properties":{"geo_point_2d":{"lon":11.313355427603568,"lat":44.49776246520998},"ente":"01","codice":317,"codvia":0,"nomevia":null,"codviada":0,"nomeviada":null,"codviaa":0,"nomeviaa":null,"ordinanza":"4000\/343434","stato":"A","lunghezza":26,"larghezza":0.0,"uso":3003,"duso":"Pedonale-Ciclabile","tipologia":6718,"dtipologia":"ciclabile contigua al pedonale","codarco1":null,"nomevia1":null,"codarco2":null,"nomevia2":null,"codarco3":null,"nomevia3":null,"codarco4":null,"nomevia4":null,"codarco5":null,"nomevia5":null,"n_ciclovia":4}},{"type":"Feature","geometry":{"coordinates":[[11.393106995283295,44.51588551754482],[11.39333348592376,44.51589592957313]],"type":"LineString"},"properties":{"geo_point_2d":{"lon":11.393220240603528,"lat":44.51589072355897},"ente":"01","codice":309,"codvia":0,"nomevia":null,"codviada":0,"nomeviada":null,"codviaa":0,"nomeviaa":null,"ordinanza":"4000\/343434","stato":"A","lunghezza":18,"larghezza":0.0,"uso":3002,"duso":"Ciclabile","tipologia":2901,"dtipologia":"sede propria","codarco1":null,"nomevia1":null,"codarco2":null,"nomevia2":null,"codarco3":null,"nomevia3":null,"codarco4":null,"nomevia4":null,"codarco5":null,"nomevia5":null,"n_ciclovia":8}},{"type":"Feature","geometry":{"coordinates":[[11.33097080268905,44.50611135745362],[11.33201993962376,44.50444730098305],[11.33323008033418,44.50251896530825]],"type":"LineString"},"properties":{"geo_point_2d":{"lon":11.332101373563958,"lat":44.50431574765337},"ente":"01","codice":301,"codvia":0,"nomevia":null,"codviada":0,"nomeviada":null,"codviaa":0,"nomeviaa":null,"ordinanza":"4000\/343434","stato":"A","lunghezza":438,"larghezza":0.0,"uso":3002,"duso":"Ciclabile","tipologia":2901,"dtipologia":"sede propria","codarco1":null,"nomevia1":null,"codarco2":null,"nomevia2":null,"codarco3":null,"nomevia3":null,"codarco4":null,"nomevia4":null,"codarco5":null,"nomevia5":null,"n_ciclovia":5}},{"type":"Feature","geometry":{"coordinates":[[11.384405448967287,44.51146687425778],[11.384286186623164,44.51139579991004],[11.383585076191853,44.51097410242144],[11.382936969082051,44.51061692319446],[11.382864148093326,44.51057611387511]],"type":"LineString"},"properties":{"geo_point_2d":{"lon":11.383638703382225,"lat":44.511014714905485},"ente":"01","codice":1984,"codvia":20500,"nomevia":"VIA SAN DONATO","codviada":11050,"nomeviada":"VIA CADRIANO","codviaa":46100,"nomeviaa":"VIA DEL PILASTRO","ordinanza":"4000\/343434","stato":"A","lunghezza":158,"larghezza":0.0,"uso":3002,"duso":"Ciclabile","tipologia":2901,"dtipologia":"sede propria","codarco1":3687,"nomevia1":"VIA SAN DONATO","codarco2":null,"nomevia2":null,"codarco3":null,"nomevia3":null,"codarco4":null,"nomevia4":null,"codarco5":null,"nomevia5":null,"n_ciclovia":8}},{"type":"Feature","geometry":{"coordinates":[[11.399197802691022,44.47080244450538],[11.399420908535996,44.47101179553885],[11.399791304102285,44.47137735528597],[11.40002419769322,44.471615423426606],[11.400188389536263,44.47178977521973],[11.400372548056728,44.47204674589657],[11.400446454129643,44.472234944736854],[11.400622212714019,44.47243878045296],[11.400784540056922,44.47263216457228],[11.400815149494449,44.47275492640324],[11.400741445014074,44.472868080505]],"type":"LineString"},"properties":{"geo_point_2d":{"lon":11.400102804936942,"lat":44.47179016954213},"ente":"01","codice":2008,"codvia":0,"nomevia":null,"codviada":0,"nomeviada":null,"codviaa":0,"nomeviaa":null,"ordinanza":"4000\/343434","stato":"A","lunghezza":268,"larghezza":0.0,"uso":6708,"duso":"Percorso naturalistico","tipologia":6720,"dtipologia":"sterrato","codarco1":null,"nomevia1":null,"codarco2":null,"nomevia2":null,"codarco3":null,"nomevia3":null,"codarco4":null,"nomevia4":null,"codarco5":null,"nomevia5":null,"n_ciclovia":1}},{"type":"Feature","geometry":{"coordinates":[[[11.355466627731506,44.50772134181441],[11.355602653876538,44.50779585317113],[11.355974594779598,44.508630483799706],[11.356498034818063,44.50968672095899]],[[11.356413849370721,44.50961987733689],[11.356498034818063,44.50968672095899],[11.35650456282432,44.50959686732522]],[[11.355934022542538,44.50859611128164],[11.355974594779598,44.508630483799706],[11.355979870957182,44.50858565444847]]],"type":"MultiLineString"},"properties":{"geo_point_2d":{"lon":11.356040875065577,"lat":44.50875044868789},"ente":"01","codice":2219,"codvia":55950,"nomevia":"VIA STALINGRADO","codviada":31000,"nomeviada":"VIA DEL LAVORO","codviaa":27910,"nomeviaa":"VIA CESARE GNUDI","ordinanza":"4000\/343434","stato":"A","lunghezza":265,"larghezza":0.0,"uso":3002,"duso":"Ciclabile","tipologia":2902,"dtipologia":"corsia ciclabile su strada","codarco1":6170,"nomevia1":"VIA STALINGRADO","codarco2":6169,"nomevia2":"VIA STALINGRADO","codarco3":null,"nomevia3":null,"codarco4":null,"nomevia4":null,"codarco5":null,"nomevia5":null,"n_ciclovia":null}},{"type":"Feature","geometry":{"coordinates":[[11.311685058591065,44.49802572352062],[11.312409222641035,44.49791798840347]],"type":"LineString"},"properties":{"geo_point_2d":{"lon":11.312047140616052,"lat":44.49797185596205},"ente":"01","codice":2228,"codvia":0,"nomevia":null,"codviada":0,"nomeviada":null,"codviaa":0,"nomeviaa":null,"ordinanza":"4000\/343434","stato":"A","lunghezza":59,"larghezza":0.0,"uso":6709,"duso":"Itinerario ciclabile","tipologia":6721,"dtipologia":"promiscuo veicolare","codarco1":null,"nomevia1":null,"codarco2":null,"nomevia2":null,"codarco3":null,"nomevia3":null,"codarco4":null,"nomevia4":null,"codarco5":null,"nomevia5":null,"n_ciclovia":4}},{"type":"Feature","geometry":{"coordinates":[[11.3659400557535,44.49252192665634],[11.366050869753723,44.4925458548],[11.366190805511167,44.49256189347366],[11.366630659807804,44.49261228615568],[11.366953340650912,44.492646501845435],[11.367419965078323,44.49268612520923],[11.367936093030629,44.49272690800454],[11.368238398226469,44.49271977585499],[11.368673138102261,44.4927148701407],[11.368899665032918,44.49271231344423],[11.369026516157891,44.4927196986754],[11.369196789701036,44.49273270176641],[11.369304893938253,44.49274246648453],[11.36967616341781,44.49279842644629],[11.370177657358637,44.49288667923398],[11.370733699749191,44.49298157022368],[11.371507851467488,44.4931149854023],[11.372246725809848,44.49323715757338],[11.372526148189591,44.493283347100856],[11.373066949114959,44.493360306243424],[11.373325504454009,44.49337386916582],[11.373678143337338,44.49338253899338],[11.373837182036379,44.49338378289407],[11.374118974164817,44.493382716360024]],"type":"LineString"},"properties":{"geo_point_2d":{"lon":11.370031570094792,"lat":44.492939757157764},"ente":"01","codice":2132,"codvia":36800,"nomevia":"VIA GIUSEPPE MASSARENTI","codviada":43450,"nomeviada":"VIA PELAGIO PALAGI","codviaa":4000,"nomeviaa":"VIA AZZURRA","ordinanza":"4000\/343434","stato":"O","lunghezza":660,"larghezza":0.0,"uso":3002,"duso":"Ciclabile","tipologia":2902,"dtipologia":"corsia ciclabile su strada","codarco1":1883,"nomevia1":"VIA GIUSEPPE MASSARENTI","codarco2":1902,"nomevia2":"VIA GIUSEPPE MASSARENTI","codarco3":1894,"nomevia3":"VIA GIUSEPPE MASSARENTI","codarco4":1912,"nomevia4":"VIA GIUSEPPE MASSARENTI","codarco5":1830,"nomevia5":"VIA GIUSEPPE MASSARENTI","n_ciclovia":9}},{"type":"Feature","geometry":{"coordinates":[[11.32700501517716,44.513546820513916],[11.327033294497475,44.51355801192074],[11.327071794745006,44.513571710673155],[11.327105058002747,44.513580989828746],[11.327166131088877,44.513589701458116],[11.327195277154445,44.513590917193035],[11.327214238415355,44.51359053024198],[11.327269604992003,44.51358306344936],[11.327359824174678,44.51356130635599],[11.327384202872882,44.513601545849916],[11.327404392011319,44.51363191290844],[11.327418296980742,44.51366331352448],[11.327428084611809,44.51368665067407],[11.327656891030513,44.514542661397876],[11.3277760365334,44.51503795023642],[11.327891083981307,44.51542672731813],[11.328023847963237,44.51599316517812],[11.328052521965201,44.51610609186329],[11.328334908135233,44.51715571667222],[11.328377525129516,44.517153419019394],[11.328413898956615,44.51715496035873],[11.328444788665,44.51715861445985],[11.328483491443281,44.51716781849436],[11.328511874102318,44.517178675859626],[11.328541604303942,44.51719292805851],[11.328570328251754,44.51721206531883],[11.328598023609315,44.517235222634746],[11.328619831867066,44.51726293281329],[11.328638452083494,44.51730328256652]],"type":"LineString"},"properties":{"geo_point_2d":{"lon":11.32785907431706,"lat":44.515357630576474},"ente":"01","codice":2147,"codvia":35250,"nomevia":"VIA MARCO POLO","codviada":0,"nomeviada":null,"codviaa":0,"nomeviaa":null,"ordinanza":"4000\/343434","stato":"O","lunghezza":469,"larghezza":0.0,"uso":3002,"duso":"Ciclabile","tipologia":2902,"dtipologia":"corsia ciclabile su strada","codarco1":10184,"nomevia1":"ROTONDA PIETRO BUBANI","codarco2":10178,"nomevia2":"VIA MARCO POLO","codarco3":6921,"nomevia3":"VIA MARCO POLO","codarco4":8682,"nomevia4":"ROTONDA MARIA ADELE CROCIONI MICHELINI","codarco5":null,"nomevia5":null,"n_ciclovia":null}},{"type":"Feature","geometry":{"coordinates":[[11.245916385699013,44.52741334329999],[11.246758489627574,44.527122766521174],[11.247101949374903,44.52700793888716],[11.248337657169618,44.526604447534865],[11.250761712998504,44.525806285348644],[11.25232079420476,44.52529738142034],[11.254506587355321,44.524578043351625],[11.255512436189958,44.52424008078718],[11.257818541656468,44.52346177086661],[11.258110294866892,44.52335612797327],[11.258510332456227,44.52320418965428],[11.258583977019285,44.523184051876434]],"type":"LineString"},"properties":{"geo_point_2d":{"lon":11.2522547747098,"lat":44.525311693817414},"ente":"01","codice":2076,"codvia":35100,"nomevia":"VIA MARCO EMILIO LEPIDO","codviada":0,"nomeviada":null,"codviaa":0,"nomeviaa":null,"ordinanza":"4000\/343434","stato":"A","lunghezza":1111,"larghezza":0.0,"uso":6709,"duso":"Itinerario ciclabile","tipologia":2902,"dtipologia":"corsia ciclabile su strada","codarco1":4517,"nomevia1":"VIA MARCO EMILIO LEPIDO","codarco2":3969,"nomevia2":"VIA MARCO EMILIO LEPIDO","codarco3":2389,"nomevia3":"VIA MARCO EMILIO LEPIDO","codarco4":5174,"nomevia4":"VIA MARCO EMILIO LEPIDO","codarco5":5175,"nomevia5":"VIA MARCO EMILIO LEPIDO","n_ciclovia":1}},{"type":"Feature","geometry":{"coordinates":[[11.329238967419068,44.50912760121556],[11.33097080268905,44.50611135745362],[11.33097080268905,44.50611135745362]],"type":"LineString"},"properties":{"geo_point_2d":{"lon":11.330104885054057,"lat":44.50761947933459},"ente":"01","codice":302,"codvia":0,"nomevia":null,"codviada":0,"nomeviada":null,"codviaa":0,"nomeviaa":null,"ordinanza":"4000\/343434","stato":"A","lunghezza":362,"larghezza":0.0,"uso":6709,"duso":"Itinerario ciclabile","tipologia":2902,"dtipologia":"corsia ciclabile su strada","codarco1":null,"nomevia1":null,"codarco2":null,"nomevia2":null,"codarco3":null,"nomevia3":null,"codarco4":null,"nomevia4":null,"codarco5":null,"nomevia5":null,"n_ciclovia":5}},{"type":"Feature","geometry":{"coordinates":[[11.283591109163767,44.5070214836631],[11.289366365780172,44.505286685029034],[11.28990290238116,44.50512600118829]],"type":"LineString"},"properties":{"geo_point_2d":{"lon":11.28674694490458,"lat":44.506073539488106},"ente":"01","codice":751,"codvia":4060,"nomevia":"PONTE RICCARDO BACCHELLI","codviada":0,"nomeviada":null,"codviaa":0,"nomeviaa":null,"ordinanza":"4000\/343434","stato":"A","lunghezza":544,"larghezza":0.0,"uso":3003,"duso":"Pedonale-Ciclabile","tipologia":6718,"dtipologia":"ciclabile contigua al pedonale","codarco1":9196,"nomevia1":null,"codarco2":9731,"nomevia2":"VIALE PALMIRO TOGLIATTI","codarco3":null,"nomevia3":null,"codarco4":null,"nomevia4":null,"codarco5":null,"nomevia5":null,"n_ciclovia":4}},{"type":"Feature","geometry":{"coordinates":[[11.268758420152448,44.502976550837005],[11.268437785865311,44.50247429718821],[11.268208500956849,44.50211726751492],[11.268113014028327,44.50205012775633]],"type":"LineString"},"properties":{"geo_point_2d":{"lon":11.268450581320693,"lat":44.502499188708896},"ente":"01","codice":505,"codvia":0,"nomevia":null,"codviada":0,"nomeviada":null,"codviaa":0,"nomeviaa":null,"ordinanza":"4000\/343434","stato":"A","lunghezza":116,"larghezza":0.0,"uso":3002,"duso":"Ciclabile","tipologia":2901,"dtipologia":"sede propria","codarco1":null,"nomevia1":null,"codarco2":null,"nomevia2":null,"codarco3":null,"nomevia3":null,"codarco4":null,"nomevia4":null,"codarco5":null,"nomevia5":null,"n_ciclovia":4}},{"type":"Feature","geometry":{"coordinates":[[11.297765437952224,44.4909894516297],[11.297334919072853,44.49082671274663],[11.296929150431454,44.49066559224983],[11.296493444517166,44.490494577204885],[11.296324388472494,44.4904263936515],[11.295930580726848,44.49027533672694],[11.295534546462054,44.49012782243819],[11.295418513045991,44.490087968419765],[11.295356897940996,44.49006747323833],[11.295205123484383,44.49002829980104],[11.295044218505527,44.489984205148254],[11.294758761750952,44.48991062343809],[11.29440679972467,44.48982812093418],[11.294053292200006,44.489756465458555],[11.293400596125933,44.489622967712194],[11.292880168991806,44.489521460225305],[11.292132436985888,44.489350322117346]],"type":"LineString"},"properties":{"geo_point_2d":{"lon":11.294981546628811,"lat":44.49006038892258},"ente":"01","codice":817,"codvia":0,"nomevia":null,"codviada":0,"nomeviada":null,"codviaa":0,"nomeviaa":null,"ordinanza":"4000\/343434","stato":"A","lunghezza":486,"larghezza":0.0,"uso":3002,"duso":"Ciclabile","tipologia":2901,"dtipologia":"sede propria","codarco1":null,"nomevia1":null,"codarco2":null,"nomevia2":null,"codarco3":null,"nomevia3":null,"codarco4":null,"nomevia4":null,"codarco5":null,"nomevia5":null,"n_ciclovia":3}},{"type":"Feature","geometry":{"coordinates":[[11.361569183191168,44.50212240294503],[11.361488994111575,44.50204822590793],[11.36138868831912,44.501953781939],[11.361318139624542,44.50187940899746],[11.361226776552462,44.50176755342409],[11.36108442459468,44.50158781746616],[11.36093696882411,44.50140129763183],[11.360900157121637,44.5013538504941]],"type":"LineString"},"properties":{"geo_point_2d":{"lon":11.361222481249472,"lat":44.50174923500558},"ente":"01","codice":920,"codvia":0,"nomevia":null,"codviada":0,"nomeviada":null,"codviaa":0,"nomeviaa":null,"ordinanza":"4000\/343434","stato":"A","lunghezza":101,"larghezza":0.0,"uso":3003,"duso":"Pedonale-Ciclabile","tipologia":6718,"dtipologia":"ciclabile contigua al pedonale","codarco1":null,"nomevia1":null,"codarco2":null,"nomevia2":null,"codarco3":null,"nomevia3":null,"codarco4":null,"nomevia4":null,"codarco5":null,"nomevia5":null,"n_ciclovia":8}},{"type":"Feature","geometry":{"coordinates":[[11.327607030675848,44.496957417053025],[11.326927188384763,44.499117291165554],[11.326970695706231,44.499373751312056]],"type":"LineString"},"properties":{"geo_point_2d":{"lon":11.32723432512,"lat":44.49816184529328},"ente":"01","codice":1938,"codvia":61550,"nomevia":"VIALE GIOVANNI VICINI","codviada":0,"nomeviada":null,"codviaa":0,"nomeviaa":null,"ordinanza":"4000\/343434","stato":"A","lunghezza":275,"larghezza":0.0,"uso":3002,"duso":"Ciclabile","tipologia":2901,"dtipologia":"sede propria","codarco1":7568,"nomevia1":"VIALE GIOVANNI VICINI","codarco2":8762,"nomevia2":"VIALE GIOVANNI VICINI","codarco3":8759,"nomevia3":"VIALE GIOVANNI VICINI","codarco4":8760,"nomevia4":"VIALE GIOVANNI VICINI","codarco5":7573,"nomevia5":"VIALE GIOVANNI VICINI","n_ciclovia":null}},{"type":"Feature","geometry":{"coordinates":[[11.386278413921207,44.51259033501043],[11.38614609723908,44.512515799734345],[11.385430091213394,44.51208453753764],[11.385083918881225,44.511877700236596],[11.384405448967287,44.51146687425778]],"type":"LineString"},"properties":{"geo_point_2d":{"lon":11.385340622241104,"lat":44.512030834723895},"ente":"01","codice":1983,"codvia":20500,"nomevia":"VIA SAN DONATO","codviada":46430,"nomeviada":"VIA LUIGI PIRANDELLO","codviaa":11050,"nomeviaa":"VIA CADRIANO","ordinanza":"4000\/343434","stato":"A","lunghezza":194,"larghezza":0.0,"uso":3002,"duso":"Ciclabile","tipologia":2901,"dtipologia":"sede propria","codarco1":3690,"nomevia1":"VIA SAN DONATO","codarco2":null,"nomevia2":null,"codarco3":null,"nomevia3":null,"codarco4":null,"nomevia4":null,"codarco5":null,"nomevia5":null,"n_ciclovia":8}},{"type":"Feature","geometry":{"coordinates":[[[11.365209182747735,44.50196532895785],[11.365135030444605,44.50203365768913],[11.365042843118195,44.502115661977136],[11.364587160865806,44.50265135862975],[11.364042983455837,44.503297499564944],[11.36395932066643,44.5033967661188]],[[11.363977989349259,44.50330797868162],[11.36395932066643,44.5033967661188],[11.364060447021739,44.50334343929072]],[[11.364596779184012,44.502606958407455],[11.364587160865806,44.50265135862975],[11.364637894052358,44.50262482041573]],[[11.364052318283534,44.50325307828818],[11.364042983455837,44.503297499564944],[11.36409354701994,44.503270811653124]]],"type":"MultiLineString"},"properties":{"geo_point_2d":{"lon":11.364500931887193,"lat":44.502757953799545},"ente":"01","codice":2215,"codvia":24950,"nomevia":"VIA ERMANNO GALEOTTI","codviada":0,"nomeviada":null,"codviaa":0,"nomeviaa":null,"ordinanza":"4000\/343434","stato":"A","lunghezza":228,"larghezza":0.0,"uso":6709,"duso":"Itinerario ciclabile","tipologia":2902,"dtipologia":"corsia ciclabile su strada","codarco1":3364,"nomevia1":"VIA ERMANNO GALEOTTI","codarco2":null,"nomevia2":null,"codarco3":null,"nomevia3":null,"codarco4":null,"nomevia4":null,"codarco5":null,"nomevia5":null,"n_ciclovia":null}},{"type":"Feature","geometry":{"coordinates":[[[11.32954533777087,44.490479228603306],[11.32946593115003,44.49046724281861],[11.328916293827568,44.490452890027626],[11.32857337326886,44.49044051749898],[11.327621797098047,44.490390430692194],[11.32752858049746,44.49038603105113],[11.326691439034237,44.49034274774091],[11.326085739591319,44.4903081721071]],[[11.326205341434477,44.49028045370171],[11.326085739591319,44.4903081721071],[11.32619769138603,44.49034910901981]],[[11.328975204793363,44.49043719866217],[11.328916293827568,44.490452890027626],[11.328973450260648,44.49047161242443]],[[11.327681477319105,44.490376307367484],[11.327621797098047,44.490390430692194],[11.327677948472724,44.490410651267744]],[[11.326751093586253,44.49032856907161],[11.326691439034237,44.49034274774091],[11.326747626957625,44.490362916265646]]],"type":"MultiLineString"},"properties":{"geo_point_2d":{"lon":11.327712319712278,"lat":44.490392816604555},"ente":"01","codice":2178,"codvia":52950,"nomevia":"VIA SARAGOZZA","codviada":44950,"nomeviada":"VIALE CARLO PEPOLI","codviaa":29800,"nomeviaa":"VIA ALESSANDRO GUIDOTTI","ordinanza":"4000\/343434","stato":"A","lunghezza":326,"larghezza":0.0,"uso":3002,"duso":"Ciclabile","tipologia":2902,"dtipologia":"corsia ciclabile su strada","codarco1":8710,"nomevia1":"VIA SARAGOZZA","codarco2":880,"nomevia2":"VIA SARAGOZZA","codarco3":876,"nomevia3":"VIA SARAGOZZA","codarco4":878,"nomevia4":"VIA SARAGOZZA","codarco5":4347,"nomevia5":"VIA SARAGOZZA","n_ciclovia":2}},{"type":"Feature","geometry":{"coordinates":[[11.273719314481884,44.50200912968447],[11.272500197638827,44.50209974091802],[11.272238899479687,44.50212416385284],[11.272046982904817,44.50213456714333],[11.271772583034739,44.50215927030289],[11.27159377899449,44.50216938958962],[11.271432679318208,44.50218538355368],[11.271284680339967,44.50220110375654],[11.271163244167058,44.50222563609254],[11.270864812136432,44.502307214334834],[11.27032046427803,44.50247236723565]],"type":"LineString"},"properties":{"geo_point_2d":{"lon":11.2720068227615,"lat":44.502168024302044},"ente":"01","codice":2095,"codvia":14300,"nomevia":"VIA CASTELDEBOLE","codviada":0,"nomeviada":null,"codviaa":0,"nomeviaa":null,"ordinanza":"4000\/343434","stato":"A","lunghezza":277,"larghezza":0.0,"uso":6709,"duso":"Itinerario ciclabile","tipologia":6721,"dtipologia":"promiscuo veicolare","codarco1":4514,"nomevia1":"VIA CASTELDEBOLE","codarco2":null,"nomevia2":null,"codarco3":null,"nomevia3":null,"codarco4":null,"nomevia4":null,"codarco5":null,"nomevia5":null,"n_ciclovia":4}},{"type":"Feature","geometry":{"coordinates":[[11.402240513130604,44.52046481677607],[11.403189849569282,44.52096031446142],[11.404553126010406,44.521702453261554],[11.405190533247515,44.52205364573626],[11.405663179659328,44.52227158199416],[11.406279679656308,44.52254471782093],[11.407107065333637,44.52288453042075],[11.407658209341648,44.52310211343543],[11.40785740198427,44.523173718650526],[11.408282541138373,44.52330515241334],[11.408698956121505,44.523414237317546],[11.409066804705883,44.52351534226167],[11.409345708346008,44.523594164080656],[11.409566390570443,44.5236700085596],[11.40965807180543,44.52370151752596],[11.409872675876475,44.52379306591311],[11.410168020335297,44.5239477249362],[11.410284149403724,44.524008536252445],[11.410518755911557,44.52413138786346],[11.410987548166437,44.52437089906609],[11.411195070198877,44.52446057802618],[11.41135860300614,44.52452786193039],[11.411785523009547,44.52469802113458],[11.412114173436242,44.52482450135995],[11.412678502625305,44.52503599567421],[11.413113197314697,44.525184157946796],[11.413428716581869,44.52529169866311],[11.413688512895044,44.52538760404892],[11.413960709651104,44.525504600936586],[11.414093581036592,44.52556171193312],[11.414236015477748,44.52562293312234],[11.414414501582085,44.52570391673326],[11.414780174869854,44.52587838076814],[11.415164738300287,44.52604948856577],[11.415358182396666,44.526120899686696],[11.415499097154232,44.52617291886259],[11.415825872096063,44.52629284916638],[11.416171089702713,44.526416824504985],[11.416395116946873,44.526514810988786]],"type":"LineString"},"properties":{"geo_point_2d":{"lon":11.409256946551707,"lat":44.52362244297029},"ente":"01","codice":2127,"codvia":20500,"nomevia":"VIA SAN DONATO","codviada":0,"nomeviada":null,"codviaa":0,"nomeviaa":null,"ordinanza":"4000\/343434","stato":"O","lunghezza":1316,"larghezza":0.0,"uso":3002,"duso":"Ciclabile","tipologia":2902,"dtipologia":"corsia ciclabile su strada","codarco1":5781,"nomevia1":"VIA SAN DONATO","codarco2":4799,"nomevia2":"VIA SAN DONATO","codarco3":8101,"nomevia3":"VIA SAN DONATO","codarco4":8100,"nomevia4":"VIA SAN DONATO","codarco5":null,"nomevia5":null,"n_ciclovia":8}},{"type":"Feature","geometry":{"coordinates":[[11.3695825432247,44.47256632101916],[11.369618024832436,44.47237280457847],[11.369665880707819,44.47226073234297],[11.369712381107686,44.4721681283654],[11.369768649694322,44.472101740618655],[11.37000827679969,44.471855026941284],[11.370107860544735,44.47175250575942],[11.370634196561214,44.47113290038646],[11.370775572160202,44.47086540071564],[11.37089998606733,44.47060904640549],[11.37100235476613,44.47028038130407],[11.371060017084536,44.47001397277854],[11.371077032861198,44.469740127630516],[11.37108796767718,44.46951856822857],[11.371079008007854,44.469420184842875]],"type":"LineString"},"properties":{"geo_point_2d":{"lon":11.370497547310643,"lat":44.47106190284248},"ente":"01","codice":2140,"codvia":58600,"nomevia":"VIA TOSCANA","codviada":40450,"nomeviada":"VIA AUGUSTO MURRI","codviaa":23700,"nomeviaa":"VIA DELLA FOSCHERARA","ordinanza":"4000\/343434","stato":"O","lunghezza":378,"larghezza":0.0,"uso":3002,"duso":"Ciclabile","tipologia":2902,"dtipologia":"corsia ciclabile su strada","codarco1":667,"nomevia1":"VIA TOSCANA","codarco2":665,"nomevia2":"VIA TOSCANA","codarco3":8554,"nomevia3":"VIA TOSCANA","codarco4":8553,"nomevia4":"VIA TOSCANA","codarco5":8550,"nomevia5":"VIA TOSCANA","n_ciclovia":10}},{"type":"Feature","geometry":{"coordinates":[[11.3466054058417,44.51105194040078],[11.344996085076888,44.51126498298859],[11.343936749710185,44.5114060093124],[11.343605020584551,44.511449780132345],[11.343140774819222,44.511511746597414],[11.341247385281525,44.511762763677936]],"type":"LineString"},"properties":{"geo_point_2d":{"lon":11.34392638408363,"lat":44.51140726542135},"ente":"01","codice":2149,"codvia":57550,"nomevia":"VIA PELLEGRINO TIBALDI","codviada":59800,"nomeviada":"PIAZZA DELL'UNITA'","codviaa":23050,"nomeviaa":"VIA ARISTOTILE FIORAVANTI","ordinanza":"4000\/343434","stato":"O","lunghezza":433,"larghezza":0.0,"uso":3002,"duso":"Ciclabile","tipologia":2902,"dtipologia":"corsia ciclabile su strada","codarco1":3182,"nomevia1":"VIA PELLEGRINO TIBALDI","codarco2":3154,"nomevia2":"VIA PELLEGRINO TIBALDI","codarco3":3158,"nomevia3":"VIA PELLEGRINO TIBALDI","codarco4":3156,"nomevia4":"VIA PELLEGRINO TIBALDI","codarco5":3164,"nomevia5":"VIA PELLEGRINO TIBALDI","n_ciclovia":null}},{"type":"Feature","geometry":{"coordinates":[[11.347809124104021,44.51734481478439],[11.347741825369265,44.51679868264051],[11.347707522723068,44.516484220036816],[11.347710830599704,44.515851799818556],[11.347708461165178,44.51527300626284],[11.34768476207988,44.5150475443073],[11.347665710566753,44.51495293451349],[11.347564978576857,44.51465355517522],[11.347403434668076,44.51409978695138],[11.347379449193353,44.51401448830447],[11.347305076043625,44.51370378109602],[11.347119876258564,44.51298821411812],[11.347039835923837,44.51264597111216],[11.346891593267442,44.51200867472828],[11.346871951480203,44.5119559917731]],"type":"LineString"},"properties":{"geo_point_2d":{"lon":11.347456485405912,"lat":44.51463326059394},"ente":"01","codice":2084,"codvia":17950,"nomevia":"VIA DI CORTICELLA","codviada":44500,"nomeviada":"VIA BARTOLOMEO PASSAROTTI","codviaa":24400,"nomeviaa":"VIA FRANCO BOLOGNESE","ordinanza":"4000\/343434","stato":"O","lunghezza":605,"larghezza":0.0,"uso":3002,"duso":"Ciclabile","tipologia":2902,"dtipologia":"corsia ciclabile su strada","codarco1":4732,"nomevia1":"VIA DI CORTICELLA","codarco2":3263,"nomevia2":"VIA DI CORTICELLA","codarco3":3262,"nomevia3":"VIA DI CORTICELLA","codarco4":3266,"nomevia4":"VIA DI CORTICELLA","codarco5":3265,"nomevia5":"VIA DI CORTICELLA","n_ciclovia":6}},{"type":"Feature","geometry":{"coordinates":[[11.3106352233153,44.507638484602644],[11.31052547205157,44.507569234675316],[11.310451565081152,44.5075043638891],[11.31032483448449,44.50736653731386],[11.31015973975269,44.50716056727096],[11.310049016691293,44.506976469327974],[11.3097673553042,44.50643846777387],[11.309358418774679,44.50563153303594]],"type":"LineString"},"properties":{"geo_point_2d":{"lon":11.30992985697841,"lat":44.50668676970973},"ente":"01","codice":1087,"codvia":21400,"nomevia":"VIA EMILIA PONENTE","codviada":0,"nomeviada":null,"codviaa":0,"nomeviaa":null,"ordinanza":"4000\/343434","stato":"A","lunghezza":247,"larghezza":0.0,"uso":3002,"duso":"Ciclabile","tipologia":2901,"dtipologia":"sede propria","codarco1":5410,"nomevia1":"VIA EMILIA PONENTE","codarco2":null,"nomevia2":null,"codarco3":null,"nomevia3":null,"codarco4":null,"nomevia4":null,"codarco5":null,"nomevia5":null,"n_ciclovia":null}},{"type":"Feature","geometry":{"coordinates":[[11.321678141134951,44.521127093545736],[11.32170322607289,44.52102134902564],[11.321985021165158,44.52014840850856]],"type":"LineString"},"properties":{"geo_point_2d":{"lon":11.321827870091212,"lat":44.52063671363057},"ente":"01","codice":394,"codvia":63100,"nomevia":"VIA FRANCESCO ZANARDI","codviada":0,"nomeviada":null,"codviaa":0,"nomeviaa":null,"ordinanza":"4000\/343434","stato":"O","lunghezza":111,"larghezza":0.0,"uso":3002,"duso":"Ciclabile","tipologia":2902,"dtipologia":"corsia ciclabile su strada","codarco1":5214,"nomevia1":null,"codarco2":null,"nomevia2":null,"codarco3":null,"nomevia3":null,"codarco4":null,"nomevia4":null,"codarco5":null,"nomevia5":null,"n_ciclovia":5}},{"type":"Feature","geometry":{"coordinates":[[11.323199170562576,44.51871824677572],[11.323465699384931,44.51857190931172],[11.32362463681531,44.51847691224179],[11.3237031039993,44.51842376020223],[11.323761941597107,44.51838390478817]],"type":"LineString"},"properties":{"geo_point_2d":{"lon":11.323483923476712,"lat":44.51855662244734},"ente":"01","codice":397,"codvia":0,"nomevia":null,"codviada":0,"nomeviada":null,"codviaa":0,"nomeviaa":null,"ordinanza":"4000\/343434","stato":"O","lunghezza":58,"larghezza":0.0,"uso":3002,"duso":"Ciclabile","tipologia":2902,"dtipologia":"corsia ciclabile su strada","codarco1":null,"nomevia1":null,"codarco2":null,"nomevia2":null,"codarco3":null,"nomevia3":null,"codarco4":null,"nomevia4":null,"codarco5":null,"nomevia5":null,"n_ciclovia":5}},{"type":"Feature","geometry":{"coordinates":[[11.307267386819136,44.49455843969549],[11.307184931222487,44.494516344837564],[11.307109452726396,44.49448504939399],[11.305557357970036,44.493928234777435],[11.304614084177395,44.49357452107206],[11.30420409356979,44.49341372605228],[11.30380764362207,44.49326520139613],[11.30341801197022,44.49312438652949],[11.302524267608073,44.49282010012688],[11.302325010155092,44.49274904511999],[11.301987693048996,44.4926104604678],[11.30188310516995,44.49256100489024],[11.301595159907873,44.492468969587904]],"type":"LineString"},"properties":{"geo_point_2d":{"lon":11.304433308891031,"lat":44.49350777099621},"ente":"01","codice":820,"codvia":0,"nomevia":null,"codviada":0,"nomeviada":null,"codviaa":0,"nomeviaa":null,"ordinanza":"4000\/343434","stato":"A","lunghezza":508,"larghezza":0.0,"uso":3003,"duso":"Pedonale-Ciclabile","tipologia":6717,"dtipologia":"promiscuo ciclopedonale","codarco1":null,"nomevia1":null,"codarco2":null,"nomevia2":null,"codarco3":null,"nomevia3":null,"codarco4":null,"nomevia4":null,"codarco5":null,"nomevia5":null,"n_ciclovia":null}},{"type":"Feature","geometry":{"coordinates":[[11.323678350769669,44.49704483328823],[11.324291652153049,44.49702651392986],[11.325378417359897,44.49698399272826],[11.325831520570034,44.496959235100675],[11.32596375356563,44.49695041727779]],"type":"LineString"},"properties":{"geo_point_2d":{"lon":11.324821327114128,"lat":44.497003818262236},"ente":"01","codice":832,"codvia":52300,"nomevia":"VIA SABOTINO","codviada":13750,"nomeviada":"VIA DEL CARSO","codviaa":62800,"nomeviaa":"VIA LIVIO ZAMBECCARI","ordinanza":"4000\/343434","stato":"A","lunghezza":182,"larghezza":0.0,"uso":3002,"duso":"Ciclabile","tipologia":2901,"dtipologia":"sede propria","codarco1":391,"nomevia1":"VIA SABOTINO","codarco2":null,"nomevia2":null,"codarco3":null,"nomevia3":null,"codarco4":null,"nomevia4":null,"codarco5":null,"nomevia5":null,"n_ciclovia":4}},{"type":"Feature","geometry":{"coordinates":[[11.393586292568477,44.47322852994484],[11.394157507397528,44.47299344636671],[11.39422417920466,44.472977622384676],[11.39430859208247,44.47297594830864],[11.394849954161563,44.472932731268045],[11.394919034045607,44.472924866105885],[11.39503118127576,44.47286201517592],[11.395082516123683,44.47278737971263],[11.395081740925981,44.47269212299422],[11.395030151261173,44.4726086942791],[11.394943338225513,44.47254977528374]],"type":"LineString"},"properties":{"geo_point_2d":{"lon":11.394454477580412,"lat":44.47294899184381},"ente":"01","codice":1009,"codvia":0,"nomevia":null,"codviada":0,"nomeviada":null,"codviaa":0,"nomeviaa":null,"ordinanza":"4000\/343434","stato":"A","lunghezza":164,"larghezza":0.0,"uso":3002,"duso":"Ciclabile","tipologia":2901,"dtipologia":"sede propria","codarco1":null,"nomevia1":null,"codarco2":null,"nomevia2":null,"codarco3":null,"nomevia3":null,"codarco4":null,"nomevia4":null,"codarco5":null,"nomevia5":null,"n_ciclovia":1}},{"type":"Feature","geometry":{"coordinates":[[11.357796424958018,44.49902638551153],[11.357617972305297,44.49895746289373],[11.357032041813339,44.49872096460596],[11.356899614446304,44.49866538108207],[11.356801194869503,44.49863433693857],[11.356662797622,44.4986193604931],[11.35647173419408,44.49860454328278]],"type":"LineString"},"properties":{"geo_point_2d":{"lon":11.35714281945119,"lat":44.49877895173543},"ente":"01","codice":916,"codvia":20500,"nomevia":"VIA SAN DONATO","codviada":0,"nomeviada":null,"codviaa":0,"nomeviaa":null,"ordinanza":"4000\/343434","stato":"O","lunghezza":117,"larghezza":0.0,"uso":3002,"duso":"Ciclabile","tipologia":2902,"dtipologia":"corsia ciclabile su strada","codarco1":8865,"nomevia1":"PIAZZA DI PORTA S.DONATO","codarco2":7024,"nomevia2":"VIA SAN DONATO","codarco3":null,"nomevia3":null,"codarco4":null,"nomevia4":null,"codarco5":null,"nomevia5":null,"n_ciclovia":8}},{"type":"Feature","geometry":{"coordinates":[[11.389282091742238,44.49333144744886],[11.389469917554885,44.49337485806142],[11.389721856961948,44.493446707151314],[11.390048174596004,44.493554159864296],[11.390402520551945,44.49372048755331],[11.390744937003587,44.49386910811551],[11.390858623332933,44.49392979121506],[11.391048821719982,44.49399841697592],[11.391196145687504,44.4940387865153],[11.391391166331507,44.494070729751066],[11.391509813502683,44.494084826134504],[11.391580631698133,44.494075516136704],[11.391642551753984,44.494059258051415],[11.391711006137953,44.49403289450052],[11.391751618821386,44.494005464279795],[11.391791949712863,44.493971398849375],[11.391823152983743,44.49394085293932],[11.391847216724928,44.493905474952776],[11.391866307185484,44.493861903527964],[11.391874992915863,44.49379031949041],[11.391855635072812,44.493712698026265],[11.391828082132895,44.49366470977432]],"type":"LineString"},"properties":{"geo_point_2d":{"lon":11.3906896602117,"lat":44.4937635481159},"ente":"01","codice":1105,"codvia":43990,"nomevia":"ROTONDA ROMANO PARADISI","codviada":0,"nomeviada":null,"codviaa":0,"nomeviaa":null,"ordinanza":"4000\/343434","stato":"O","lunghezza":260,"larghezza":0.0,"uso":3002,"duso":"Ciclabile","tipologia":0,"dtipologia":null,"codarco1":2336,"nomevia1":"ROTONDA ROMANO PARADISI","codarco2":null,"nomevia2":null,"codarco3":null,"nomevia3":null,"codarco4":null,"nomevia4":null,"codarco5":null,"nomevia5":null,"n_ciclovia":9}},{"type":"Feature","geometry":{"coordinates":[[11.362158722572792,44.50246431276173],[11.362053681757544,44.5024123673858],[11.361826659376236,44.50228603110883],[11.361683397614618,44.50220278510936],[11.361569183191168,44.50212240294503]],"type":"LineString"},"properties":{"geo_point_2d":{"lon":11.361859480853637,"lat":44.5023008669718},"ente":"01","codice":921,"codvia":0,"nomevia":null,"codviada":0,"nomeviada":null,"codviaa":0,"nomeviaa":null,"ordinanza":"4000\/343434","stato":"A","lunghezza":60,"larghezza":0.0,"uso":3003,"duso":"Pedonale-Ciclabile","tipologia":6718,"dtipologia":"ciclabile contigua al pedonale","codarco1":null,"nomevia1":null,"codarco2":null,"nomevia2":null,"codarco3":null,"nomevia3":null,"codarco4":null,"nomevia4":null,"codarco5":null,"nomevia5":null,"n_ciclovia":8}},{"type":"Feature","geometry":{"coordinates":[[11.394943338225513,44.47254977528374],[11.394922473102142,44.472507217625335],[11.394909598994305,44.472438311513045],[11.39491263168242,44.47238729281776],[11.39492045690738,44.47232889646266],[11.394938986755136,44.472284857916364],[11.39498762983442,44.47223294637117],[11.395092152064555,44.47218357541272],[11.395125507484845,44.472169930451834],[11.395335116198622,44.472104566049275],[11.395513789156924,44.47206910371123],[11.395576850041824,44.47205304309664],[11.395667534220445,44.47203891509155],[11.395726519030069,44.47205011992177],[11.395960731256556,44.47205172354664],[11.396161520505048,44.47205624320811],[11.39672762219298,44.47181103289309]],"type":"LineString"},"properties":{"geo_point_2d":{"lon":11.395713923741868,"lat":44.47209340160003},"ente":"01","codice":1326,"codvia":0,"nomevia":null,"codviada":0,"nomeviada":null,"codviaa":0,"nomeviaa":null,"ordinanza":"4000\/343434","stato":"A","lunghezza":188,"larghezza":0.0,"uso":3002,"duso":"Ciclabile","tipologia":2901,"dtipologia":"sede propria","codarco1":null,"nomevia1":null,"codarco2":null,"nomevia2":null,"codarco3":null,"nomevia3":null,"codarco4":null,"nomevia4":null,"codarco5":null,"nomevia5":null,"n_ciclovia":1}},{"type":"Feature","geometry":{"coordinates":[[11.352978375997605,44.511179985873504],[11.352596716102274,44.510428130624355],[11.352289217905806,44.509813453332164],[11.352001499355246,44.509218199878816]],"type":"LineString"},"properties":{"geo_point_2d":{"lon":11.352485757405468,"lat":44.51020116518471},"ente":"01","codice":1644,"codvia":0,"nomevia":null,"codviada":0,"nomeviada":null,"codviaa":0,"nomeviaa":null,"ordinanza":"4000\/343434","stato":"A","lunghezza":231,"larghezza":0.0,"uso":3002,"duso":"Ciclabile","tipologia":2901,"dtipologia":"sede propria","codarco1":null,"nomevia1":null,"codarco2":null,"nomevia2":null,"codarco3":null,"nomevia3":null,"codarco4":null,"nomevia4":null,"codarco5":null,"nomevia5":null,"n_ciclovia":7}},{"type":"Feature","geometry":{"coordinates":[[11.360669854074425,44.52410528217016],[11.360233158684789,44.52366210890332],[11.35977536294708,44.52314505105187],[11.359626857659853,44.522962994586166]],"type":"LineString"},"properties":{"geo_point_2d":{"lon":11.360138033857053,"lat":44.523543522130254},"ente":"01","codice":952,"codvia":0,"nomevia":null,"codviada":0,"nomeviada":null,"codviaa":0,"nomeviaa":null,"ordinanza":"4000\/343434","stato":"A","lunghezza":152,"larghezza":0.0,"uso":3002,"duso":"Ciclabile","tipologia":2901,"dtipologia":"sede propria","codarco1":null,"nomevia1":null,"codarco2":null,"nomevia2":null,"codarco3":null,"nomevia3":null,"codarco4":null,"nomevia4":null,"codarco5":null,"nomevia5":null,"n_ciclovia":7}},{"type":"Feature","geometry":{"coordinates":[[11.319547952846095,44.51472938368184],[11.320030354263109,44.51518245148313]],"type":"LineString"},"properties":{"geo_point_2d":{"lon":11.319789153554602,"lat":44.51495591758248},"ente":"01","codice":1625,"codvia":0,"nomevia":null,"codviada":0,"nomeviada":null,"codviaa":0,"nomeviaa":null,"ordinanza":"4000\/343434","stato":"O","lunghezza":63,"larghezza":0.0,"uso":3002,"duso":"Ciclabile","tipologia":0,"dtipologia":null,"codarco1":null,"nomevia1":null,"codarco2":null,"nomevia2":null,"codarco3":null,"nomevia3":null,"codarco4":null,"nomevia4":null,"codarco5":null,"nomevia5":null,"n_ciclovia":null}},{"type":"Feature","geometry":{"coordinates":[[11.35647173419408,44.49860454328278],[11.356427302371415,44.498687975975315],[11.356168373155034,44.50085552086227],[11.356145223680835,44.50090516804068],[11.356319839981998,44.50100449940843],[11.35606917214815,44.50113443661305],[11.354764858779713,44.5016090027821],[11.354149195508365,44.50183207193346],[11.352965918798418,44.502261729104866],[11.352793877232562,44.50234788750782]],"type":"LineString"},"properties":{"geo_point_2d":{"lon":11.355256412060136,"lat":44.50094563929059},"ente":"01","codice":1682,"codvia":7800,"nomevia":"VIALE CARLO BERTI PICHAT","codviada":0,"nomeviada":null,"codviaa":0,"nomeviaa":null,"ordinanza":"4000\/343434","stato":"A","lunghezza":593,"larghezza":0.0,"uso":3003,"duso":"Pedonale-Ciclabile","tipologia":6718,"dtipologia":"ciclabile contigua al pedonale","codarco1":8867,"nomevia1":"VIALE CARLO BERTI PICHAT","codarco2":8863,"nomevia2":"VIALE CARLO BERTI PICHAT","codarco3":8868,"nomevia3":null,"codarco4":8861,"nomevia4":"PIAZZA DI PORTA MASCARELLA","codarco5":null,"nomevia5":null,"n_ciclovia":null}},{"type":"Feature","geometry":{"coordinates":[[11.357096804270876,44.519576915941165],[11.357202032584265,44.519744378689836],[11.357652051294746,44.5204335942156],[11.358326338016502,44.52144855068668],[11.358564796660936,44.52179917123854],[11.358963677577863,44.52225133240589]],"type":"LineString"},"properties":{"geo_point_2d":{"lon":11.357998996622909,"lat":44.52093758740287},"ente":"01","codice":1683,"codvia":0,"nomevia":null,"codviada":0,"nomeviada":null,"codviaa":0,"nomeviaa":null,"ordinanza":"4000\/343434","stato":"A","lunghezza":333,"larghezza":0.0,"uso":3002,"duso":"Ciclabile","tipologia":2901,"dtipologia":"sede propria","codarco1":null,"nomevia1":null,"codarco2":null,"nomevia2":null,"codarco3":null,"nomevia3":null,"codarco4":null,"nomevia4":null,"codarco5":null,"nomevia5":null,"n_ciclovia":7}},{"type":"Feature","geometry":{"coordinates":[[11.326970695706231,44.499373751312056],[11.330141521261718,44.50096372955191]],"type":"LineString"},"properties":{"geo_point_2d":{"lon":11.328556108483975,"lat":44.50016874043199},"ente":"01","codice":1922,"codvia":54950,"nomevia":"VIALE ANTONIO SILVANI","codviada":0,"nomeviada":null,"codviaa":0,"nomeviaa":null,"ordinanza":"4000\/343434","stato":"A","lunghezza":308,"larghezza":0.0,"uso":3002,"duso":"Ciclabile","tipologia":2901,"dtipologia":"sede propria","codarco1":2864,"nomevia1":"PIAZZA DI PORTA S.FELICE","codarco2":8785,"nomevia2":"VIALE ANTONIO SILVANI","codarco3":9799,"nomevia3":"PIAZZA DI PORTA S.FELICE","codarco4":8786,"nomevia4":"VIALE ANTONIO SILVANI","codarco5":null,"nomevia5":null,"n_ciclovia":null}},{"type":"Feature","geometry":{"coordinates":[[11.355458996533985,44.50987577179935],[11.35617965407723,44.50976567380445],[11.356291361736881,44.50974364192426],[11.356414550582347,44.509709320671334]],"type":"LineString"},"properties":{"geo_point_2d":{"lon":11.355938435573021,"lat":44.50980055942642},"ente":"01","codice":2051,"codvia":18300,"nomevia":"VIA DONATO CRETI","codviada":36500,"nomeviada":"VIA OTTAVIANO MASCHERINO","codviaa":27910,"nomeviaa":"VIA CESARE GNUDI","ordinanza":"4000\/343434","stato":"A","lunghezza":78,"larghezza":0.0,"uso":3003,"duso":"Pedonale-Ciclabile","tipologia":6718,"dtipologia":"ciclabile contigua al pedonale","codarco1":3468,"nomevia1":"VIA DONATO CRETI","codarco2":null,"nomevia2":null,"codarco3":null,"nomevia3":null,"codarco4":null,"nomevia4":null,"codarco5":null,"nomevia5":null,"n_ciclovia":null}},{"type":"Feature","geometry":{"coordinates":[[11.315872299796652,44.52812044490858],[11.315714953946404,44.52826005697541],[11.315349899417015,44.52858988176608],[11.314945143799935,44.528945236833536],[11.314748409815264,44.52911864565308],[11.314489859326633,44.52934700435399],[11.314361681297246,44.52949012717644],[11.314294846244248,44.52956587581492],[11.314245425983893,44.52964129805526],[11.314191926954297,44.529762322940165],[11.314144389465172,44.529887373161024],[11.314131211656914,44.529999367637934],[11.314126348263041,44.530024291034756],[11.314135920210147,44.53012344695938],[11.314139844053066,44.53022684672634],[11.31410234848643,44.530463454779074],[11.31407980593214,44.53061469278132],[11.314071690894671,44.530686701090545],[11.31405926895649,44.53075956949846],[11.314048868801464,44.5308571182215],[11.314055600704291,44.53095995754466],[11.314096021628817,44.53113009590171],[11.3141411665785,44.53120932631858],[11.314237544990338,44.53137507434913],[11.314299765494457,44.531474615361994],[11.314402965215685,44.53163746755849],[11.314501056354866,44.53178875632477],[11.314549085716866,44.53185276873603],[11.31464037392108,44.531978380114886],[11.314734571985017,44.53212120684292],[11.314854744134914,44.53230783164268],[11.314981114420057,44.53249862039071],[11.315048272456437,44.53259930031933],[11.31509551600631,44.5326725367388],[11.315118859212983,44.532730041385676]],"type":"LineString"},"properties":{"geo_point_2d":{"lon":11.31464555097137,"lat":44.53030358952021},"ente":"01","codice":2121,"codvia":63100,"nomevia":"VIA FRANCESCO ZANARDI","codviada":54250,"nomeviada":"VIA DELLA SELVA PESCAROLA","codviaa":0,"nomeviaa":null,"ordinanza":"4000\/343434","stato":"O","lunghezza":576,"larghezza":0.0,"uso":3002,"duso":"Ciclabile","tipologia":2902,"dtipologia":"corsia ciclabile su strada","codarco1":5846,"nomevia1":"VIA FRANCESCO ZANARDI","codarco2":6610,"nomevia2":"VIA FRANCESCO ZANARDI","codarco3":6612,"nomevia3":"VIA FRANCESCO ZANARDI","codarco4":6611,"nomevia4":"VIA FRANCESCO ZANARDI","codarco5":5847,"nomevia5":"VIA FRANCESCO ZANARDI","n_ciclovia":5}},{"type":"Feature","geometry":{"coordinates":[[11.382354073411598,44.480628249653684],[11.381984987577795,44.48083106611493],[11.381545974001627,44.4810607909814],[11.381200508195276,44.48121412986553],[11.38091007137469,44.4813073533312],[11.380479033516705,44.48143569358236],[11.379475342372205,44.481729298747865],[11.378662296680043,44.481964113228656],[11.378540278375787,44.48199859780598],[11.378026139996066,44.48219104848528],[11.377007175724556,44.48258719021967],[11.37667495141181,44.48271846258316],[11.376105030772848,44.48292854996997]],"type":"LineString"},"properties":{"geo_point_2d":{"lon":11.379247033197753,"lat":44.48181284706615},"ente":"01","codice":2135,"codvia":21350,"nomevia":"VIA EMILIA LEVANTE","codviada":31370,"nomeviada":"VIALE ILIC ULJANOV LENIN","codviaa":40830,"nomeviaa":"VIA GASPARE NADI","ordinanza":"4000\/343434","stato":"O","lunghezza":561,"larghezza":0.0,"uso":3002,"duso":"Ciclabile","tipologia":2902,"dtipologia":"corsia ciclabile su strada","codarco1":8400,"nomevia1":"VIA EMILIA LEVANTE","codarco2":8401,"nomevia2":"VIA EMILIA LEVANTE","codarco3":2204,"nomevia3":"VIA EMILIA LEVANTE","codarco4":2201,"nomevia4":"VIA EMILIA LEVANTE","codarco5":2225,"nomevia5":"VIA EMILIA LEVANTE","n_ciclovia":1}},{"type":"Feature","geometry":{"coordinates":[[11.394826302715163,44.51727258524533],[11.395791362441356,44.51777795489493],[11.395902099424983,44.51783898753613],[11.398503590371972,44.51917302087301],[11.398638895298562,44.51924293891003],[11.398905785725654,44.51936663050369],[11.39931926522843,44.51955542186931],[11.399675410006882,44.5197128639001],[11.399985249613962,44.51984207385913],[11.400082613830781,44.51987449526757],[11.400242269079973,44.51992021695632],[11.400721283029144,44.52002928210671],[11.401000112742816,44.52009276688361],[11.401336651080962,44.52016878424252],[11.401624970686287,44.5202402875675],[11.401902250376093,44.52032051173812],[11.402072861111527,44.5203810699084],[11.402168783696757,44.520423962600866],[11.402240513130604,44.52046481677607]],"type":"LineString"},"properties":{"geo_point_2d":{"lon":11.398468941088685,"lat":44.51903519423653},"ente":"01","codice":2093,"codvia":20500,"nomevia":"VIA SAN DONATO","codviada":0,"nomeviada":null,"codviaa":0,"nomeviaa":null,"ordinanza":"4000\/343434","stato":"A","lunghezza":693,"larghezza":0.0,"uso":6709,"duso":"Itinerario ciclabile","tipologia":2902,"dtipologia":"corsia ciclabile su strada","codarco1":9402,"nomevia1":"VIA SAN DONATO","codarco2":7052,"nomevia2":"VIA SAN DONATO","codarco3":null,"nomevia3":null,"codarco4":null,"nomevia4":null,"codarco5":null,"nomevia5":null,"n_ciclovia":8}},{"type":"Feature","geometry":{"coordinates":[[11.304188650043697,44.49945433739284],[11.30459487531005,44.499333864964036]],"type":"LineString"},"properties":{"geo_point_2d":{"lon":11.304391762676874,"lat":44.49939410117844},"ente":"01","codice":313,"codvia":0,"nomevia":null,"codviada":0,"nomeviada":null,"codviaa":0,"nomeviaa":null,"ordinanza":"4000\/343434","stato":"A","lunghezza":35,"larghezza":0.0,"uso":3002,"duso":"Ciclabile","tipologia":2901,"dtipologia":"sede propria","codarco1":null,"nomevia1":null,"codarco2":null,"nomevia2":null,"codarco3":null,"nomevia3":null,"codarco4":null,"nomevia4":null,"codarco5":null,"nomevia5":null,"n_ciclovia":4}},{"type":"Feature","geometry":{"coordinates":[[11.308790897914035,44.498516193001336],[11.308671567122659,44.49822133297989]],"type":"LineString"},"properties":{"geo_point_2d":{"lon":11.308731232518348,"lat":44.49836876299061},"ente":"01","codice":318,"codvia":0,"nomevia":null,"codviada":0,"nomeviada":null,"codviaa":0,"nomeviaa":null,"ordinanza":"4000\/343434","stato":"A","lunghezza":34,"larghezza":0.0,"uso":3002,"duso":"Ciclabile","tipologia":2901,"dtipologia":"sede propria","codarco1":null,"nomevia1":null,"codarco2":null,"nomevia2":null,"codarco3":null,"nomevia3":null,"codarco4":null,"nomevia4":null,"codarco5":null,"nomevia5":null,"n_ciclovia":null}},{"type":"Feature","geometry":{"coordinates":[[11.30925082685484,44.50558589187925],[11.30935791897831,44.50563201432521]],"type":"LineString"},"properties":{"geo_point_2d":{"lon":11.309304372916575,"lat":44.505608953102225},"ente":"01","codice":315,"codvia":0,"nomevia":null,"codviada":0,"nomeviada":null,"codviaa":0,"nomeviaa":null,"ordinanza":"4000\/343434","stato":"O","lunghezza":10,"larghezza":0.0,"uso":3002,"duso":"Ciclabile","tipologia":2902,"dtipologia":"corsia ciclabile su strada","codarco1":null,"nomevia1":null,"codarco2":null,"nomevia2":null,"codarco3":null,"nomevia3":null,"codarco4":null,"nomevia4":null,"codarco5":null,"nomevia5":null,"n_ciclovia":1}},{"type":"Feature","geometry":{"coordinates":[[11.321797596265455,44.49712968970964],[11.322147199632365,44.49711246975823]],"type":"LineString"},"properties":{"geo_point_2d":{"lon":11.32197239794891,"lat":44.49712107973393},"ente":"01","codice":830,"codvia":52300,"nomevia":"VIA SABOTINO","codviada":39750,"nomeviada":"VIA MONTENERO","codviaa":10850,"nomeviaa":"VIA LUIGI BUSI","ordinanza":"4000\/343434","stato":"A","lunghezza":28,"larghezza":0.0,"uso":3003,"duso":"Pedonale-Ciclabile","tipologia":6718,"dtipologia":"ciclabile contigua al pedonale","codarco1":377,"nomevia1":"VIA SABOTINO","codarco2":null,"nomevia2":null,"codarco3":null,"nomevia3":null,"codarco4":null,"nomevia4":null,"codarco5":null,"nomevia5":null,"n_ciclovia":null}},{"type":"Feature","geometry":{"coordinates":[[11.309598326559733,44.49378077258582],[11.31048052695427,44.49390804506032],[11.310843864743822,44.493962288452494]],"type":"LineString"},"properties":{"geo_point_2d":{"lon":11.310221188566171,"lat":44.493870897494986},"ente":"01","codice":1943,"codvia":0,"nomevia":null,"codviada":0,"nomeviada":null,"codviaa":0,"nomeviaa":null,"ordinanza":"4000\/343434","stato":"O","lunghezza":101,"larghezza":0.0,"uso":3002,"duso":"Ciclabile","tipologia":2902,"dtipologia":"corsia ciclabile su strada","codarco1":null,"nomevia1":null,"codarco2":null,"nomevia2":null,"codarco3":null,"nomevia3":null,"codarco4":null,"nomevia4":null,"codarco5":null,"nomevia5":null,"n_ciclovia":3}},{"type":"Feature","geometry":{"coordinates":[[[11.314106126207147,44.49460968369009],[11.313410085316086,44.49444101663064],[11.312888635729736,44.49431187455694],[11.312067374438003,44.49412014540902],[11.311897959050095,44.49409187272516],[11.311764579441704,44.494080487237085],[11.311641723005842,44.494086496901204],[11.311241570668166,44.4940523208891],[11.310843864743822,44.493962288452494]],[[11.310969118594244,44.493954525218285],[11.310843864743822,44.493962288452494],[11.310940100911314,44.49402019279264]],[[11.31347280918315,44.49443803779006],[11.313410085316086,44.49444101663064],[11.313457380057423,44.4944706559128]],[[11.312951385803345,44.49430919534078],[11.312888635729736,44.49431187455694],[11.312935653127113,44.494341739066954]],[[11.312130047542473,44.49411666591291],[11.312067374438003,44.49412014540902],[11.31211512802029,44.494149405230495]]],"type":"MultiLineString"},"properties":{"geo_point_2d":{"lon":11.312415377925483,"lat":44.49423700037588},"ente":"01","codice":2212,"codvia":18000,"nomevia":"VIA ANDREA COSTA","codviada":7440,"nomeviada":"ROTONDA FULVIO BERNARDINI","codviaa":19350,"nomeviaa":"VIA PIETRO DE COUBERTIN","ordinanza":"4000\/343434","stato":"A","lunghezza":321,"larghezza":0.0,"uso":6709,"duso":"Itinerario ciclabile","tipologia":2902,"dtipologia":"corsia ciclabile su strada","codarco1":9507,"nomevia1":"VIA ANDREA COSTA","codarco2":256,"nomevia2":"VIA ANDREA COSTA","codarco3":null,"nomevia3":null,"codarco4":null,"nomevia4":null,"codarco5":null,"nomevia5":null,"n_ciclovia":3}},{"type":"Feature","geometry":{"coordinates":[[[11.317824725642835,44.48883264600694],[11.317737850288541,44.488827622513455],[11.317083353911356,44.48879885029689],[11.316902416144954,44.48879211008907],[11.316705606928007,44.488792299414584],[11.31652146913149,44.488812035777826],[11.31637572017262,44.48885417479674]],[[11.31646539438364,44.48879110868333],[11.31637572017262,44.48885417479674],[11.316501426422475,44.48885496997125]],[[11.317142790348479,44.48878421248999],[11.317083353911356,44.48879885029689],[11.317139840775084,44.48881858454266]],[[11.31646539438364,44.48879110868333],[11.31637572017262,44.48885417479674],[11.316501426422475,44.48885496997125]],[[11.317142790348479,44.48878421248999],[11.317083353911356,44.48879885029689],[11.317139840775084,44.48881858454266]]],"type":"MultiLineString"},"properties":{"geo_point_2d":{"lon":11.316954322177752,"lat":44.48881523559076},"ente":"01","codice":2102,"codvia":52950,"nomevia":"VIA SARAGOZZA","codviada":13900,"nomeviada":"VIA DI CASAGLIA","codviaa":5680,"nomeviaa":"VIA FELICE BATTAGLIA","ordinanza":"4000\/343434","stato":"A","lunghezza":176,"larghezza":0.0,"uso":6709,"duso":"Itinerario ciclabile","tipologia":6721,"dtipologia":"promiscuo veicolare","codarco1":189,"nomevia1":"VIA SARAGOZZA","codarco2":4202,"nomevia2":"VIA SARAGOZZA","codarco3":null,"nomevia3":null,"codarco4":null,"nomevia4":null,"codarco5":null,"nomevia5":null,"n_ciclovia":2}},{"type":"Feature","geometry":{"coordinates":[[11.374118974290484,44.49338271635736],[11.37439429861442,44.49336573060717],[11.374701970189967,44.49333496980203],[11.375006028907608,44.49329730547509],[11.37636845629267,44.49318191089407],[11.376590138457543,44.493157280915476],[11.377067147696227,44.49311148108364],[11.377348266680938,44.49309297921328],[11.37745949421206,44.493096221187876],[11.378205092989027,44.493228114645],[11.379389420995777,44.49343176212727],[11.380289806330387,44.49360144226814],[11.380430506071749,44.49362098614707],[11.38076567736258,44.493646917572605],[11.381114367796153,44.49363852550922],[11.38143828283699,44.49361098515916],[11.38227128388179,44.493533658453735],[11.382653066928178,44.493492475607724],[11.382887674879793,44.493466331930684],[11.383884121112008,44.49337576375547],[11.384103183090561,44.49335691536977],[11.38461421720129,44.49330374794595],[11.385163573712454,44.49324762673576],[11.38544288131916,44.493229673014156],[11.38575932047482,44.493213210815554],[11.385847410190538,44.49320867258998],[11.386177670838034,44.493197090663884],[11.386836422645699,44.49321106257568],[11.387139053973302,44.49322136472446],[11.387642543573799,44.49323220519686],[11.387854105333766,44.49323676008253],[11.388613152251263,44.49322745008579],[11.388959957361033,44.49326711660724],[11.389232161855821,44.49331990784323],[11.389282091742238,44.49333144744886]],"type":"LineString"},"properties":{"geo_point_2d":{"lon":11.381693419253073,"lat":44.49333154362697},"ente":"01","codice":2131,"codvia":36800,"nomevia":"VIA GIUSEPPE MASSARENTI","codviada":4000,"nomeviada":"VIA AZZURRA","codviaa":90050,"nomeviaa":"TANGENZIALE CASALECCHIO-SAN LAZZARO","ordinanza":"4000\/343434","stato":"O","lunghezza":1220,"larghezza":0.0,"uso":3002,"duso":"Ciclabile","tipologia":2902,"dtipologia":"corsia ciclabile su strada","codarco1":4450,"nomevia1":"VIA GIUSEPPE MASSARENTI","codarco2":8140,"nomevia2":"VIA GIUSEPPE MASSARENTI","codarco3":2293,"nomevia3":"VIA GIUSEPPE MASSARENTI","codarco4":8127,"nomevia4":"VIA GIUSEPPE MASSARENTI","codarco5":8122,"nomevia5":"VIA GIUSEPPE MASSARENTI","n_ciclovia":9}},{"type":"Feature","geometry":{"coordinates":[[11.401667700130865,44.473178056069166],[11.401146079196073,44.47335975281266],[11.400741445014074,44.472868080505]],"type":"LineString"},"properties":{"geo_point_2d":{"lon":11.401158889296154,"lat":44.473185909969544},"ente":"01","codice":2156,"codvia":0,"nomevia":null,"codviada":0,"nomeviada":null,"codviaa":0,"nomeviaa":null,"ordinanza":"4000\/343434","stato":"O","lunghezza":110,"larghezza":0.0,"uso":3002,"duso":"Ciclabile","tipologia":0,"dtipologia":null,"codarco1":null,"nomevia1":null,"codarco2":null,"nomevia2":null,"codarco3":null,"nomevia3":null,"codarco4":null,"nomevia4":null,"codarco5":null,"nomevia5":null,"n_ciclovia":1}},{"type":"Feature","geometry":{"coordinates":[[11.338447109083,44.505134408556614],[11.3385040687084,44.50505702673927]],"type":"LineString"},"properties":{"geo_point_2d":{"lon":11.338475588895701,"lat":44.50509571764795},"ente":"01","codice":308,"codvia":0,"nomevia":null,"codviada":0,"nomeviada":null,"codviaa":0,"nomeviaa":null,"ordinanza":"4000\/343434","stato":"A","lunghezza":10,"larghezza":0.0,"uso":3002,"duso":"Ciclabile","tipologia":2901,"dtipologia":"sede propria","codarco1":null,"nomevia1":null,"codarco2":null,"nomevia2":null,"codarco3":null,"nomevia3":null,"codarco4":null,"nomevia4":null,"codarco5":null,"nomevia5":null,"n_ciclovia":null}},{"type":"Feature","geometry":{"coordinates":[[11.353045437525427,44.53124223116592],[11.352929813809899,44.53111962575578]],"type":"LineString"},"properties":{"geo_point_2d":{"lon":11.352987625667662,"lat":44.53118092846085},"ente":"01","codice":304,"codvia":0,"nomevia":null,"codviada":0,"nomeviada":null,"codviaa":0,"nomeviaa":null,"ordinanza":"4000\/343434","stato":"A","lunghezza":16,"larghezza":0.0,"uso":6709,"duso":"Itinerario ciclabile","tipologia":2902,"dtipologia":"corsia ciclabile su strada","codarco1":null,"nomevia1":null,"codarco2":null,"nomevia2":null,"codarco3":null,"nomevia3":null,"codarco4":null,"nomevia4":null,"codarco5":null,"nomevia5":null,"n_ciclovia":null}},{"type":"Feature","geometry":{"coordinates":[[11.312651813150534,44.51120910223345],[11.312037640539806,44.510032295668985],[11.311505372377631,44.509027437802736],[11.311003060565238,44.5081046544936],[11.31104891017909,44.50809020443425],[11.311091172129993,44.50807092003593],[11.311130163770535,44.50804784031693],[11.311162844789754,44.50802072926052],[11.311191378627472,44.507991838821034],[11.311216216097932,44.5079604485012],[11.311238391188375,44.50790722738357]],"type":"LineString"},"properties":{"geo_point_2d":{"lon":11.311775229971547,"lat":44.50951760790835},"ente":"01","codice":1094,"codvia":0,"nomevia":null,"codviada":0,"nomeviada":null,"codviaa":0,"nomeviaa":null,"ordinanza":"4000\/343434","stato":"O","lunghezza":399,"larghezza":0.0,"uso":3003,"duso":"Pedonale-Ciclabile","tipologia":0,"dtipologia":null,"codarco1":null,"nomevia1":null,"codarco2":null,"nomevia2":null,"codarco3":null,"nomevia3":null,"codarco4":null,"nomevia4":null,"codarco5":null,"nomevia5":null,"n_ciclovia":null}},{"type":"Feature","geometry":{"coordinates":[[11.262259988712733,44.502973832873316],[11.26121019518677,44.50331301758421],[11.261137255477188,44.50331838042278]],"type":"LineString"},"properties":{"geo_point_2d":{"lon":11.26170019083897,"lat":44.503154135780306},"ente":"01","codice":700,"codvia":0,"nomevia":null,"codviada":0,"nomeviada":null,"codviaa":0,"nomeviaa":null,"ordinanza":"4000\/343434","stato":"A","lunghezza":97,"larghezza":0.0,"uso":3002,"duso":"Ciclabile","tipologia":2901,"dtipologia":"sede propria","codarco1":null,"nomevia1":null,"codarco2":null,"nomevia2":null,"codarco3":null,"nomevia3":null,"codarco4":null,"nomevia4":null,"codarco5":null,"nomevia5":null,"n_ciclovia":4}},{"type":"Feature","geometry":{"coordinates":[[11.328317375759314,44.49472803996471],[11.32805261173957,44.49558316522304],[11.328020578012781,44.49568325941061],[11.327838477081508,44.496246788561905],[11.327607030675848,44.496957417053025]],"type":"LineString"},"properties":{"geo_point_2d":{"lon":11.327966026787783,"lat":44.4958439427972},"ente":"01","codice":1059,"codvia":61550,"nomevia":"VIALE GIOVANNI VICINI","codviada":0,"nomeviada":null,"codviaa":0,"nomeviaa":null,"ordinanza":"4000\/343434","stato":"A","lunghezza":254,"larghezza":0.0,"uso":3002,"duso":"Ciclabile","tipologia":2901,"dtipologia":"sede propria","codarco1":8750,"nomevia1":"VIALE GIOVANNI VICINI","codarco2":7567,"nomevia2":"VIALE GIOVANNI VICINI","codarco3":8751,"nomevia3":"VIALE GIOVANNI VICINI","codarco4":8763,"nomevia4":"VIALE GIOVANNI VICINI","codarco5":null,"nomevia5":null,"n_ciclovia":null}},{"type":"Feature","geometry":{"coordinates":[[11.281203802724251,44.50486389589786],[11.281328022539489,44.50496342180686],[11.281754791219253,44.505301744482324],[11.28185375219618,44.50537742703157],[11.282067441892252,44.50554084874883],[11.282145314963234,44.505608966285166],[11.282373151317355,44.50581570498918],[11.282393994526968,44.50583659495715],[11.282465261032526,44.50590802038112],[11.282528806579869,44.50598247281701],[11.282629337177763,44.506107169741064],[11.282689794623995,44.506188207188806],[11.282724260443866,44.50624110776359],[11.282780644455233,44.50632764951509],[11.28280568901068,44.50637118117515],[11.282928396516937,44.50658446490404],[11.283097051714252,44.50687760798812],[11.283189564594585,44.5068599168603],[11.283259206685809,44.506857026338906],[11.283322713276139,44.50686423015431],[11.283355039021933,44.50687030179634],[11.283388569009883,44.50687892321093],[11.283452443176806,44.506903397518855],[11.283498415422217,44.50692943656326],[11.283542287793946,44.506963307110844],[11.283567958081552,44.506990456047],[11.283591109163767,44.5070214836631]],"type":"LineString"},"properties":{"geo_point_2d":{"lon":11.282422967822953,"lat":44.50597346791459},"ente":"01","codice":749,"codvia":52580,"nomevia":"VIALE GAETANO SALVEMINI","codviada":0,"nomeviada":null,"codviaa":0,"nomeviaa":null,"ordinanza":"4000\/343434","stato":"A","lunghezza":319,"larghezza":0.0,"uso":3003,"duso":"Pedonale-Ciclabile","tipologia":6718,"dtipologia":"ciclabile contigua al pedonale","codarco1":9713,"nomevia1":"VIALE GAETANO SALVEMINI","codarco2":9729,"nomevia2":"VIALE GAETANO SALVEMINI","codarco3":9734,"nomevia3":"ROTONDA BATTAGLIA DI CASTELDEBOLE","codarco4":null,"nomevia4":null,"codarco5":null,"nomevia5":null,"n_ciclovia":4}},{"type":"Feature","geometry":{"coordinates":[[11.346440726916637,44.50816810114484],[11.346074540879794,44.50692233324057],[11.345794243403354,44.50595742796985],[11.345511866934583,44.50501557960572]],"type":"LineString"},"properties":{"geo_point_2d":{"lon":11.345977930714849,"lat":44.50659135465876},"ente":"01","codice":435,"codvia":37100,"nomevia":"VIA GIACOMO MATTEOTTI","codviada":0,"nomeviada":null,"codviaa":0,"nomeviaa":null,"ordinanza":"4000\/343434","stato":"O","lunghezza":358,"larghezza":0.0,"uso":3003,"duso":"Pedonale-Ciclabile","tipologia":0,"dtipologia":null,"codarco1":7758,"nomevia1":"VIA GIACOMO MATTEOTTI","codarco2":3187,"nomevia2":"VIA GIACOMO MATTEOTTI","codarco3":3210,"nomevia3":"VIA GIACOMO MATTEOTTI","codarco4":null,"nomevia4":null,"codarco5":null,"nomevia5":null,"n_ciclovia":6}},{"type":"Feature","geometry":{"coordinates":[[11.345392985653973,44.50503448891315],[11.345153348488115,44.50493063166056],[11.345115970295792,44.504816216835955]],"type":"LineString"},"properties":{"geo_point_2d":{"lon":11.345229471673807,"lat":44.50494813084157},"ente":"01","codice":436,"codvia":0,"nomevia":null,"codviada":0,"nomeviada":null,"codviaa":0,"nomeviaa":null,"ordinanza":"4000\/343434","stato":"A","lunghezza":35,"larghezza":0.0,"uso":3003,"duso":"Pedonale-Ciclabile","tipologia":6718,"dtipologia":"ciclabile contigua al pedonale","codarco1":null,"nomevia1":null,"codarco2":null,"nomevia2":null,"codarco3":null,"nomevia3":null,"codarco4":null,"nomevia4":null,"codarco5":null,"nomevia5":null,"n_ciclovia":null}},{"type":"Feature","geometry":{"coordinates":[[11.275394495007482,44.50371640610885],[11.275367861217093,44.50370041425645],[11.27533053558514,44.50369191835809],[11.275221884989802,44.50371088432946],[11.275016452103886,44.50376330253933],[11.274838141081645,44.5038085276577],[11.274616637690032,44.50387028172142],[11.274508610661155,44.50387135284388],[11.274436509717994,44.503816386022905],[11.274393447842925,44.50372000093076],[11.274324929502338,44.50352999678992],[11.274261091277658,44.50346230117485],[11.274156406038628,44.50345259220719]],"type":"LineString"},"properties":{"geo_point_2d":{"lon":11.274714994277462,"lat":44.50372322749282},"ente":"01","codice":376,"codvia":24900,"nomevia":"VIA GALEAZZA","codviada":0,"nomeviada":null,"codviaa":0,"nomeviaa":null,"ordinanza":"4000\/343434","stato":"A","lunghezza":134,"larghezza":0.0,"uso":3002,"duso":"Ciclabile","tipologia":2901,"dtipologia":"sede propria","codarco1":9307,"nomevia1":"VIA GALEAZZA","codarco2":null,"nomevia2":null,"codarco3":null,"nomevia3":null,"codarco4":null,"nomevia4":null,"codarco5":null,"nomevia5":null,"n_ciclovia":4}},{"type":"Feature","geometry":{"coordinates":[[11.303139455411323,44.496992563345664],[11.302778747710924,44.49633157825061]],"type":"LineString"},"properties":{"geo_point_2d":{"lon":11.302959101561122,"lat":44.49666207079814},"ente":"01","codice":378,"codvia":0,"nomevia":null,"codviada":0,"nomeviada":null,"codviaa":0,"nomeviaa":null,"ordinanza":"4000\/343434","stato":"A","lunghezza":79,"larghezza":0.0,"uso":6708,"duso":"Percorso naturalistico","tipologia":6719,"dtipologia":"pavimentato","codarco1":null,"nomevia1":null,"codarco2":null,"nomevia2":null,"codarco3":null,"nomevia3":null,"codarco4":null,"nomevia4":null,"codarco5":null,"nomevia5":null,"n_ciclovia":null}},{"type":"Feature","geometry":{"coordinates":[[[11.374118974164817,44.493382716360024],[11.373033358357768,44.49351650981692]],[[11.373139737491844,44.49346842625984],[11.373033358357768,44.49351650981692],[11.373155956580169,44.493536365921514]],[[11.373139737491844,44.49346842625984],[11.373033358357768,44.49351650981692],[11.373155956580169,44.493536365921514]]],"type":"MultiLineString"},"properties":{"geo_point_2d":{"lon":11.373427711844956,"lat":44.49346807374227},"ente":"01","codice":608,"codvia":0,"nomevia":null,"codviada":0,"nomeviada":null,"codviaa":0,"nomeviaa":null,"ordinanza":"4000\/343434","stato":"A","lunghezza":128,"larghezza":0.0,"uso":3002,"duso":"Ciclabile","tipologia":2902,"dtipologia":"corsia ciclabile su strada","codarco1":null,"nomevia1":null,"codarco2":null,"nomevia2":null,"codarco3":null,"nomevia3":null,"codarco4":null,"nomevia4":null,"codarco5":null,"nomevia5":null,"n_ciclovia":null}},{"type":"Feature","geometry":{"coordinates":[[11.39672762219298,44.47181103289309],[11.397039050913564,44.471649989895205],[11.397318508240678,44.47153001014483],[11.397738566991562,44.47137070863661],[11.398050865105771,44.471263581820615]],"type":"LineString"},"properties":{"geo_point_2d":{"lon":11.397380935710272,"lat":44.4715177923107},"ente":"01","codice":1010,"codvia":0,"nomevia":null,"codviada":0,"nomeviada":null,"codviaa":0,"nomeviaa":null,"ordinanza":"4000\/343434","stato":"A","lunghezza":122,"larghezza":0.0,"uso":3003,"duso":"Pedonale-Ciclabile","tipologia":6717,"dtipologia":"promiscuo ciclopedonale","codarco1":null,"nomevia1":null,"codarco2":null,"nomevia2":null,"codarco3":null,"nomevia3":null,"codarco4":null,"nomevia4":null,"codarco5":null,"nomevia5":null,"n_ciclovia":1}},{"type":"Feature","geometry":{"coordinates":[[11.362158722572792,44.50246431276173],[11.362380448937763,44.50258108188377],[11.363190742576965,44.5030006161561],[11.363959320422342,44.50339676630342]],"type":"LineString"},"properties":{"geo_point_2d":{"lon":11.363058458119417,"lat":44.50293162274082},"ente":"01","codice":922,"codvia":20500,"nomevia":"VIA SAN DONATO","codviada":1950,"nomeviada":"VIA ROMOLO AMASEO","codviaa":49750,"nomeviaa":"VIALE DELLA REPUBBLICA","ordinanza":"4000\/343434","stato":"A","lunghezza":177,"larghezza":0.0,"uso":3003,"duso":"Pedonale-Ciclabile","tipologia":6718,"dtipologia":"ciclabile contigua al pedonale","codarco1":4682,"nomevia1":"VIA SAN DONATO","codarco2":null,"nomevia2":null,"codarco3":null,"nomevia3":null,"codarco4":null,"nomevia4":null,"codarco5":null,"nomevia5":null,"n_ciclovia":8}},{"type":"Feature","geometry":{"coordinates":[[11.372749711593737,44.49444634395836],[11.372472642206654,44.494952445720116],[11.372454825119465,44.495195705165116],[11.372435492446995,44.495335425280636],[11.37241458718637,44.495411454939266],[11.372411297246336,44.4954792412181],[11.372425799767873,44.49553942884533],[11.372443263963554,44.49560410102201],[11.372503778433233,44.495731612309804],[11.372553739327271,44.49581753434331],[11.37260009754161,44.49586981372948],[11.37267542385028,44.49594162765461],[11.37274171533004,44.49598915293523],[11.372832532162581,44.49604621995338],[11.372929357183356,44.49610379424136],[11.373054674502715,44.4961803275014],[11.37314513590689,44.49624474413335],[11.373145355028608,44.496244874450255],[11.373171832675325,44.49627619348721],[11.373288485987919,44.496407368209745]],"type":"LineString"},"properties":{"geo_point_2d":{"lon":11.372677121722077,"lat":44.49550858512799},"ente":"01","codice":601,"codvia":50250,"nomevia":"VIA RIMESSE","codviada":0,"nomeviada":null,"codviaa":35000,"nomeviaa":"VIA CARLOTTA MARCHIONNI","ordinanza":"4000\/343434","stato":"A","lunghezza":247,"larghezza":0.0,"uso":3002,"duso":"Ciclabile","tipologia":2901,"dtipologia":"sede propria","codarco1":7449,"nomevia1":"VIA RIMESSE","codarco2":7737,"nomevia2":null,"codarco3":7982,"nomevia3":"VIA RIMESSE","codarco4":10029,"nomevia4":"VIA RIMESSE","codarco5":null,"nomevia5":null,"n_ciclovia":null}},{"type":"Feature","geometry":{"coordinates":[[11.356414550833746,44.509709320666175],[11.356836981141004,44.50959765396005],[11.357606200830544,44.50940857506482],[11.357749392861397,44.50937029332462]],"type":"LineString"},"properties":{"geo_point_2d":{"lon":11.357081662363608,"lat":44.509538586009846},"ente":"01","codice":1547,"codvia":0,"nomevia":null,"codviada":0,"nomeviada":null,"codviaa":0,"nomeviaa":null,"ordinanza":"4000\/343434","stato":"A","lunghezza":113,"larghezza":0.0,"uso":3003,"duso":"Pedonale-Ciclabile","tipologia":6718,"dtipologia":"ciclabile contigua al pedonale","codarco1":null,"nomevia1":null,"codarco2":null,"nomevia2":null,"codarco3":null,"nomevia3":null,"codarco4":null,"nomevia4":null,"codarco5":null,"nomevia5":null,"n_ciclovia":null}},{"type":"Feature","geometry":{"coordinates":[[11.362748344522053,44.525859138927345],[11.362119302656215,44.52543176860614],[11.361991140052114,44.5253264015831],[11.361666138003006,44.52504507565508],[11.361410039796635,44.524839875644226],[11.36121342715717,44.52466945053856],[11.361017882281468,44.52447753728258]],"type":"LineString"},"properties":{"geo_point_2d":{"lon":11.361861378185797,"lat":44.52519563004272},"ente":"01","codice":954,"codvia":0,"nomevia":null,"codviada":0,"nomeviada":null,"codviaa":0,"nomeviaa":null,"ordinanza":"4000\/343434","stato":"A","lunghezza":207,"larghezza":0.0,"uso":3002,"duso":"Ciclabile","tipologia":2901,"dtipologia":"sede propria","codarco1":null,"nomevia1":null,"codarco2":null,"nomevia2":null,"codarco3":null,"nomevia3":null,"codarco4":null,"nomevia4":null,"codarco5":null,"nomevia5":null,"n_ciclovia":7}},{"type":"Feature","geometry":{"coordinates":[[11.341596996558698,44.513121847747236],[11.341436341276275,44.51317732311971],[11.341332933405013,44.51320554345107],[11.34095436842,44.513255389927444],[11.340547981292318,44.513309848069255],[11.339730767918196,44.51341761773683],[11.339595221348441,44.51344792706193],[11.339455999495698,44.51349359759621],[11.339292625490224,44.51357645684716],[11.339194160362432,44.513645819864834],[11.338933309661234,44.51381620259352],[11.33850988089492,44.51410386673672],[11.338339321566034,44.514212231543134]],"type":"LineString"},"properties":{"geo_point_2d":{"lon":11.339908557370151,"lat":44.51351414495652},"ente":"01","codice":1144,"codvia":27950,"nomevia":"VIA PIERO GOBETTI","codviada":23050,"nomeviada":"VIA ARISTOTILE FIORAVANTI","codviaa":32760,"nomeviaa":"VIA VITTORIO LUGLI","ordinanza":"4000\/343434","stato":"A","lunghezza":296,"larghezza":0.0,"uso":3002,"duso":"Ciclabile","tipologia":2901,"dtipologia":"sede propria","codarco1":6945,"nomevia1":"VIA PIERO GOBETTI","codarco2":6948,"nomevia2":"VIA PIERO GOBETTI","codarco3":6949,"nomevia3":null,"codarco4":null,"nomevia4":null,"codarco5":null,"nomevia5":null,"n_ciclovia":null}},{"type":"Feature","geometry":{"coordinates":[[11.346074540879794,44.50692233324057],[11.348512381171274,44.50652963026465],[11.349068006335822,44.50645072205295],[11.349421641929986,44.50640192422586],[11.349624673109828,44.50639775587889],[11.349878670617825,44.50639773278206],[11.350119626767905,44.50643432754438],[11.350428138463066,44.50652669138395],[11.350737904148641,44.5066501606453],[11.351006253035616,44.50682636259787],[11.3511647922331,44.506978836931964],[11.351288120806473,44.50715797278109],[11.35152932381546,44.50826387369118]],"type":"LineString"},"properties":{"geo_point_2d":{"lon":11.349226846587896,"lat":44.506822866200764},"ente":"01","codice":1873,"codvia":0,"nomevia":null,"codviada":0,"nomeviada":null,"codviaa":0,"nomeviaa":null,"ordinanza":"4000\/343434","stato":"O","lunghezza":580,"larghezza":0.0,"uso":3003,"duso":"Pedonale-Ciclabile","tipologia":0,"dtipologia":null,"codarco1":null,"nomevia1":null,"codarco2":null,"nomevia2":null,"codarco3":null,"nomevia3":null,"codarco4":null,"nomevia4":null,"codarco5":null,"nomevia5":null,"n_ciclovia":7}},{"type":"Feature","geometry":{"coordinates":[[11.329545337767291,44.49047922851337],[11.329529541528828,44.490507891499774],[11.329529615523027,44.490872615855835],[11.329488593642644,44.49103774210592],[11.3292123120383,44.49189142208182],[11.329064501529825,44.492358841955784],[11.32860365633232,44.49382001087892],[11.328317375759314,44.49472803996471]],"type":"LineString"},"properties":{"geo_point_2d":{"lon":11.328980135963604,"lat":44.49261053663188},"ente":"01","codice":1757,"codvia":44950,"nomevia":"VIALE CARLO PEPOLI","codviada":0,"nomeviada":null,"codviaa":0,"nomeviaa":null,"ordinanza":"4000\/343434","stato":"A","lunghezza":483,"larghezza":0.0,"uso":3002,"duso":"Ciclabile","tipologia":2901,"dtipologia":"sede propria","codarco1":8743,"nomevia1":"VIALE CARLO PEPOLI","codarco2":8736,"nomevia2":"VIALE CARLO PEPOLI","codarco3":8737,"nomevia3":"VIALE CARLO PEPOLI","codarco4":8710,"nomevia4":"VIA SARAGOZZA","codarco5":8741,"nomevia5":"VIALE CARLO PEPOLI","n_ciclovia":null}},{"type":"Feature","geometry":{"coordinates":[[11.356612168090022,44.49810399891292],[11.356782619483958,44.4965158234211],[11.356984806181263,44.49482647296772]],"type":"LineString"},"properties":{"geo_point_2d":{"lon":11.356793493519357,"lat":44.49646466916529},"ente":"01","codice":1681,"codvia":22900,"nomevia":"VIALE QUIRICO FILOPANTI","codviada":0,"nomeviada":null,"codviaa":0,"nomeviaa":null,"ordinanza":"4000\/343434","stato":"A","lunghezza":365,"larghezza":0.0,"uso":3002,"duso":"Ciclabile","tipologia":2901,"dtipologia":"sede propria","codarco1":1812,"nomevia1":"VIALE QUIRICO FILOPANTI","codarco2":8874,"nomevia2":"VIALE QUIRICO FILOPANTI","codarco3":null,"nomevia3":null,"codarco4":null,"nomevia4":null,"codarco5":null,"nomevia5":null,"n_ciclovia":null}},{"type":"Feature","geometry":{"coordinates":[[11.353806599489648,44.51283618392161],[11.3538397781996,44.513140146536486],[11.35412683966769,44.51371631979724],[11.354365828105792,44.51429977740596],[11.354421844147012,44.51470766237961],[11.354465733964318,44.515251095876195],[11.354487740835753,44.51568800094804],[11.354514566694363,44.51591713945742],[11.354585966201327,44.51616109031091],[11.354727416840019,44.51639730217953]],"type":"LineString"},"properties":{"geo_point_2d":{"lon":11.354305108583924,"lat":44.51460877859481},"ente":"01","codice":1949,"codvia":0,"nomevia":null,"codviada":0,"nomeviada":null,"codviaa":0,"nomeviaa":null,"ordinanza":"4000\/343434","stato":"A","lunghezza":406,"larghezza":0.0,"uso":3002,"duso":"Ciclabile","tipologia":2901,"dtipologia":"sede propria","codarco1":null,"nomevia1":null,"codarco2":null,"nomevia2":null,"codarco3":null,"nomevia3":null,"codarco4":null,"nomevia4":null,"codarco5":null,"nomevia5":null,"n_ciclovia":7}},{"type":"Feature","geometry":{"coordinates":[[11.373660816251162,44.490216803098356],[11.372468063721842,44.490598698538605]],"type":"LineString"},"properties":{"geo_point_2d":{"lon":11.373064439986502,"lat":44.49040775081848},"ente":"01","codice":1972,"codvia":60900,"nomevia":"VIA ANGELO VENTUROLI","codviada":39090,"nomeviada":"LARGO GIOVANNI IGNAZIO MOLINA","codviaa":37700,"nomeviaa":"VIA PIETRO MENGOLI","ordinanza":"4000\/343434","stato":"A","lunghezza":104,"larghezza":0.0,"uso":3003,"duso":"Pedonale-Ciclabile","tipologia":6718,"dtipologia":"ciclabile contigua al pedonale","codarco1":1860,"nomevia1":"VIA ANGELO VENTUROLI","codarco2":null,"nomevia2":null,"codarco3":null,"nomevia3":null,"codarco4":null,"nomevia4":null,"codarco5":null,"nomevia5":null,"n_ciclovia":null}},{"type":"Feature","geometry":{"coordinates":[[11.364680070973616,44.49222589466577],[11.364940908971866,44.49224570734459],[11.365116369807044,44.492278093371205],[11.36542032692318,44.49236745820406],[11.3659400557535,44.49252192665634]],"type":"LineString"},"properties":{"geo_point_2d":{"lon":11.365315121216904,"lat":44.49234778637131},"ente":"01","codice":1910,"codvia":36800,"nomevia":"VIA GIUSEPPE MASSARENTI","codviada":0,"nomeviada":null,"codviaa":0,"nomeviaa":null,"ordinanza":"4000\/343434","stato":"A","lunghezza":106,"larghezza":0.0,"uso":3002,"duso":"Ciclabile","tipologia":2901,"dtipologia":"sede propria","codarco1":1829,"nomevia1":"VIA GIUSEPPE MASSARENTI","codarco2":1826,"nomevia2":"VIA GIUSEPPE MASSARENTI","codarco3":null,"nomevia3":null,"codarco4":null,"nomevia4":null,"codarco5":null,"nomevia5":null,"n_ciclovia":9}},{"type":"Feature","geometry":{"coordinates":[[11.393734893083364,44.51670102966212],[11.394826302715163,44.51727258524533]],"type":"LineString"},"properties":{"geo_point_2d":{"lon":11.394280597899265,"lat":44.516986807453726},"ente":"01","codice":2225,"codvia":0,"nomevia":null,"codviada":0,"nomeviada":null,"codviaa":0,"nomeviaa":null,"ordinanza":"4000\/343434","stato":"A","lunghezza":108,"larghezza":0.0,"uso":3002,"duso":"Ciclabile","tipologia":2902,"dtipologia":"corsia ciclabile su strada","codarco1":null,"nomevia1":null,"codarco2":null,"nomevia2":null,"codarco3":null,"nomevia3":null,"codarco4":null,"nomevia4":null,"codarco5":null,"nomevia5":null,"n_ciclovia":8}},{"type":"Feature","geometry":{"coordinates":[[[11.364440652392872,44.47948526583293],[11.364767536825095,44.479121110073116],[11.364920391414394,44.4789208144074],[11.36526695449189,44.478463001862295],[11.365745653829048,44.47787559132611],[11.365928605834638,44.47764358792486],[11.366045064794847,44.47751437467011],[11.366558723947227,44.47691781174475],[11.366661007344346,44.47672978382268],[11.366718866945954,44.476682805186904]],[[11.366678052503756,44.47676805795356],[11.366718866945954,44.476682805186904],[11.366605952422452,44.476722371284524]],[[11.364756364687393,44.479165450462226],[11.364767536825095,44.479121110073116],[11.364715907815604,44.47914679332736]],[[11.365260392955081,44.478507820355915],[11.36526695449189,44.478463001862295],[11.365218122777602,44.47849136605757]],[[11.365737120165369,44.47792024445614],[11.365745653829048,44.47787559132611],[11.365695598247381,44.47790284325975]],[[11.366548682701193,44.47696230382828],[11.366558723947227,44.47691781174475],[11.366507759008366,44.4769441709544]],[[11.366678052503756,44.47676805795356],[11.366718866945954,44.476682805186904],[11.366605952422452,44.476722371284524]],[[11.364756364687393,44.479165450462226],[11.364767536825095,44.479121110073116],[11.364715907815604,44.47914679332736]],[[11.365260392955081,44.478507820355915],[11.36526695449189,44.478463001862295],[11.365218122777602,44.47849136605757]],[[11.365737120165369,44.47792024445614],[11.365745653829048,44.47787559132611],[11.365695598247381,44.47790284325975]],[[11.366548682701193,44.47696230382828],[11.366558723947227,44.47691781174475],[11.366507759008366,44.4769441709544]]],"type":"MultiLineString"},"properties":{"geo_point_2d":{"lon":11.365678849888296,"lat":44.47796949232428},"ente":"01","codice":1804,"codvia":40450,"nomevia":"VIA AUGUSTO MURRI","codviada":18850,"nomeviada":"VIA GIUSEPPE DAGNINI","codviaa":0,"nomeviaa":null,"ordinanza":"4000\/343434","stato":"A","lunghezza":481,"larghezza":0.0,"uso":6709,"duso":"Itinerario ciclabile","tipologia":2902,"dtipologia":"corsia ciclabile su strada","codarco1":709,"nomevia1":"VIA AUGUSTO MURRI","codarco2":689,"nomevia2":"VIA AUGUSTO MURRI","codarco3":690,"nomevia3":"VIA AUGUSTO MURRI","codarco4":706,"nomevia4":"VIA AUGUSTO MURRI","codarco5":691,"nomevia5":"VIA AUGUSTO MURRI","n_ciclovia":10}},{"type":"Feature","geometry":{"coordinates":[[[11.311490575684633,44.49008622865122],[11.311216673108294,44.49009832331017],[11.310858112795882,44.49013318018272],[11.310640429045893,44.490155189212764],[11.30999530102179,44.490165510288264]],[[11.310110342573655,44.49012922458817],[11.30999530102179,44.490165510288264],[11.310112491238222,44.49019808115973]]],"type":"MultiLineString"},"properties":{"geo_point_2d":{"lon":11.310647329559492,"lat":44.49013896475957},"ente":"01","codice":2179,"codvia":52950,"nomevia":"VIA SARAGOZZA","codviada":0,"nomeviada":null,"codviaa":0,"nomeviaa":null,"ordinanza":"4000\/343434","stato":"A","lunghezza":139,"larghezza":0.0,"uso":6709,"duso":"Itinerario ciclabile","tipologia":6721,"dtipologia":"promiscuo veicolare","codarco1":228,"nomevia1":"VIA SARAGOZZA","codarco2":227,"nomevia2":"VIA SARAGOZZA","codarco3":null,"nomevia3":null,"codarco4":null,"nomevia4":null,"codarco5":null,"nomevia5":null,"n_ciclovia":2}},{"type":"Feature","geometry":{"coordinates":[[11.325506039338173,44.51522522038325],[11.325659873520031,44.515104401286735],[11.325823614154636,44.51498591874864],[11.326001853168359,44.514852745045395],[11.326150373106497,44.51473097056961],[11.326274262720078,44.51462229239263],[11.32645930847199,44.51440801632872],[11.326569705786087,44.51427621532769],[11.32671427435139,44.51405557177652],[11.326933339040153,44.51360813427455],[11.327002195977665,44.513541324925576],[11.326965137215176,44.513519412494254],[11.326919056667773,44.51346910047688],[11.326889232063733,44.513411885059824],[11.326889873701115,44.51333405279095],[11.326909514875762,44.513276125144785],[11.326953498819222,44.513227918564525],[11.327001678061658,44.51319277026986],[11.327081215092331,44.51316092517981],[11.327166892819916,44.51314390843638]],"type":"LineString"},"properties":{"geo_point_2d":{"lon":11.326467507034195,"lat":44.51420962349398},"ente":"01","codice":411,"codvia":63100,"nomevia":"VIA FRANCESCO ZANARDI","codviada":0,"nomeviada":null,"codviaa":0,"nomeviaa":null,"ordinanza":"4000\/343434","stato":"O","lunghezza":284,"larghezza":0.0,"uso":3002,"duso":"Ciclabile","tipologia":2902,"dtipologia":"corsia ciclabile su strada","codarco1":10174,"nomevia1":"VIA FRANCESCO ZANARDI","codarco2":10187,"nomevia2":"ROTONDA PIETRO BUBANI","codarco3":10183,"nomevia3":"ROTONDA PIETRO BUBANI","codarco4":null,"nomevia4":null,"codarco5":null,"nomevia5":null,"n_ciclovia":5}},{"type":"Feature","geometry":{"coordinates":[[[11.261478326457365,44.52224457461006],[11.260831285613884,44.52248260214816],[11.259365478331812,44.523003330155085],[11.258978843876042,44.52307606315993],[11.258583977019285,44.523184051876434]],[[11.25867546737251,44.52312213865438],[11.258583977019285,44.523184051876434],[11.258710104968252,44.52318645555021]],[[11.260871939424748,44.52244826045427],[11.260831285613884,44.52248260214816],[11.260894111407868,44.52247888456826]],[[11.259406845204605,44.522969396512224],[11.259365478331812,44.523003330155085],[11.259428399657681,44.523000233015225]]],"type":"MultiLineString"},"properties":{"geo_point_2d":{"lon":11.259952060265066,"lat":44.522775039075064},"ente":"01","codice":2201,"codvia":35100,"nomevia":"VIA MARCO EMILIO LEPIDO","codviada":0,"nomeviada":null,"codviaa":0,"nomeviaa":null,"ordinanza":"4000\/343434","stato":"A","lunghezza":293,"larghezza":0.0,"uso":6709,"duso":"Itinerario ciclabile","tipologia":2902,"dtipologia":"corsia ciclabile su strada","codarco1":2386,"nomevia1":"VIA MARCO EMILIO LEPIDO","codarco2":null,"nomevia2":null,"codarco3":null,"nomevia3":null,"codarco4":null,"nomevia4":null,"codarco5":null,"nomevia5":null,"n_ciclovia":1}},{"type":"Feature","geometry":{"coordinates":[[11.365209182747735,44.50196532895785],[11.365465761744227,44.5017025389492],[11.365475703705892,44.5016734919242],[11.365473475233552,44.50165265015878],[11.365608084996541,44.50158593637491],[11.365834959532641,44.50150422519287],[11.36637069218628,44.501331837443864],[11.367615875276442,44.50090618773244],[11.369189271567661,44.50037214403283],[11.369796546642785,44.50015948760522],[11.370202659048566,44.50003880623925],[11.370300687443757,44.50002692861679],[11.370399392917241,44.500032051194836],[11.370482738050564,44.500038708389724],[11.370581439899913,44.500038474243134],[11.370637636266368,44.50002244747019],[11.371228258463878,44.49972805873644],[11.37140465695586,44.49964005750375],[11.371942039380606,44.499371042200025],[11.37240464672136,44.49909863031179],[11.372710395579242,44.49892198245157],[11.372950959783202,44.49878488312571]],"type":"LineString"},"properties":{"geo_point_2d":{"lon":11.369073252418728,"lat":44.500402902540685},"ente":"01","codice":2152,"codvia":39350,"nomevia":"VIA MONDO","codviada":0,"nomeviada":null,"codviaa":0,"nomeviaa":null,"ordinanza":"4000\/343434","stato":"O","lunghezza":723,"larghezza":0.0,"uso":3002,"duso":"Ciclabile","tipologia":2902,"dtipologia":"corsia ciclabile su strada","codarco1":3509,"nomevia1":"VIA MONDO","codarco2":3382,"nomevia2":"VIA MONDO","codarco3":3378,"nomevia3":"VIA MONDO","codarco4":7392,"nomevia4":"VIA MONDO","codarco5":7391,"nomevia5":"VIA MONDO","n_ciclovia":null}},{"type":"Feature","geometry":{"coordinates":[[11.301778666795824,44.49103085807794],[11.302193171224053,44.49214782405604],[11.302242240141002,44.49228037530655],[11.302260302555633,44.492333995692675],[11.30226892997265,44.492350871280614],[11.302356631972547,44.4924571036865],[11.30245519459921,44.49253756037618],[11.302552601872513,44.492589633793756],[11.30264592367442,44.49263894886138],[11.303269689025408,44.49284556091771],[11.303422157096083,44.492885215366854],[11.303538232298667,44.49290853070138],[11.303689553460115,44.492919793037075],[11.304112001760817,44.49295988340006],[11.304402960285861,44.492988328444],[11.304889880379188,44.49305276557853],[11.305812319207044,44.49318837568086],[11.30596054972783,44.49322246662386],[11.306101196921027,44.49326522355523],[11.306273485151827,44.493301556916364],[11.306653681960917,44.49337065845864],[11.306937697409793,44.49341895166406],[11.307576744815831,44.49350272315292],[11.307955934671991,44.49354624444738]],"type":"LineString"},"properties":{"geo_point_2d":{"lon":11.304471266976652,"lat":44.49281523546363},"ente":"01","codice":2110,"codvia":18000,"nomevia":"VIA ANDREA COSTA","codviada":56450,"nomeviada":"VIA DON LUIGI STURZO","codviaa":55900,"nomeviaa":"VIA DELLO SPORT","ordinanza":"4000\/343434","stato":"O","lunghezza":633,"larghezza":0.0,"uso":3002,"duso":"Ciclabile","tipologia":2902,"dtipologia":"corsia ciclabile su strada","codarco1":217,"nomevia1":"VIA ANDREA COSTA","codarco2":7281,"nomevia2":"VIA ANDREA COSTA","codarco3":7277,"nomevia3":"VIA ANDREA COSTA","codarco4":7278,"nomevia4":"VIA ANDREA COSTA","codarco5":253,"nomevia5":"VIA ANDREA COSTA","n_ciclovia":null}},{"type":"Feature","geometry":{"coordinates":[[11.261478326457365,44.52224457461006],[11.262038174010646,44.52202038426649],[11.26357758157568,44.52146984551897],[11.263992365040792,44.52132345198547],[11.26528507890771,44.520861714018466],[11.26632932768946,44.52048522368725],[11.267782582488392,44.519991746120745],[11.268778640157805,44.51964842211936],[11.27086108807903,44.51894175362]],"type":"LineString"},"properties":{"geo_point_2d":{"lon":11.266159814664586,"lat":44.52056565356744},"ente":"01","codice":2077,"codvia":35100,"nomevia":"VIA MARCO EMILIO LEPIDO","codviada":0,"nomeviada":null,"codviaa":0,"nomeviaa":null,"ordinanza":"4000\/343434","stato":"O","lunghezza":831,"larghezza":0.0,"uso":3002,"duso":"Ciclabile","tipologia":2902,"dtipologia":"corsia ciclabile su strada","codarco1":2395,"nomevia1":"VIA MARCO EMILIO LEPIDO","codarco2":2390,"nomevia2":"VIA MARCO EMILIO LEPIDO","codarco3":2391,"nomevia3":"VIA MARCO EMILIO LEPIDO","codarco4":8004,"nomevia4":"VIA MARCO EMILIO LEPIDO","codarco5":8005,"nomevia5":"VIA MARCO EMILIO LEPIDO","n_ciclovia":1}},{"type":"Feature","geometry":{"coordinates":[[11.321985021165158,44.52014840850856],[11.322107321568199,44.51986586478575],[11.322199019817623,44.51964483614137],[11.322327636919702,44.51936676785591],[11.32241226759651,44.51924242177217],[11.322490088397457,44.519156410961216],[11.322628809264641,44.51903680224931]],"type":"LineString"},"properties":{"geo_point_2d":{"lon":11.32226244421559,"lat":44.519562061228136},"ente":"01","codice":395,"codvia":63100,"nomevia":"VIA FRANCESCO ZANARDI","codviada":0,"nomeviada":null,"codviaa":57180,"nomeviaa":"VIA UMBERTO TERRACINI","ordinanza":"4000\/343434","stato":"O","lunghezza":135,"larghezza":0.0,"uso":3002,"duso":"Ciclabile","tipologia":2902,"dtipologia":"corsia ciclabile su strada","codarco1":5215,"nomevia1":"VIA FRANCESCO ZANARDI","codarco2":null,"nomevia2":null,"codarco3":null,"nomevia3":null,"codarco4":null,"nomevia4":null,"codarco5":null,"nomevia5":null,"n_ciclovia":5}},{"type":"Feature","geometry":{"coordinates":[[11.322628809264641,44.51903680224931],[11.323199170562576,44.51871824677572]],"type":"LineString"},"properties":{"geo_point_2d":{"lon":11.322913989913609,"lat":44.51887752451252},"ente":"01","codice":396,"codvia":63100,"nomevia":"VIA FRANCESCO ZANARDI","codviada":57180,"nomeviada":"VIA UMBERTO TERRACINI","codviaa":0,"nomeviaa":null,"ordinanza":"4000\/343434","stato":"O","lunghezza":58,"larghezza":0.0,"uso":3002,"duso":"Ciclabile","tipologia":2902,"dtipologia":"corsia ciclabile su strada","codarco1":6638,"nomevia1":"VIA FRANCESCO ZANARDI","codarco2":null,"nomevia2":null,"codarco3":null,"nomevia3":null,"codarco4":null,"nomevia4":null,"codarco5":null,"nomevia5":null,"n_ciclovia":5}},{"type":"Feature","geometry":{"coordinates":[[11.327306897682966,44.51262168593085],[11.327356758866996,44.5124883043012],[11.327644630779734,44.511862659775005],[11.327718278741226,44.51176147960173],[11.32791359552834,44.51154982775921],[11.328270579440007,44.51116300579497],[11.328412241506424,44.51096034300338],[11.328498979376988,44.51073823088941],[11.328585344254423,44.51038239620157],[11.328657501060073,44.510201046924976],[11.328838218429375,44.509822463687804],[11.328992055270309,44.50956524908333],[11.32923908250737,44.50912769585668]],"type":"LineString"},"properties":{"geo_point_2d":{"lon":11.328291629361487,"lat":44.510889148754615},"ente":"01","codice":415,"codvia":63100,"nomevia":"VIA FRANCESCO ZANARDI","codviada":0,"nomeviada":null,"codviaa":0,"nomeviaa":null,"ordinanza":"4000\/343434","stato":"A","lunghezza":421,"larghezza":0.0,"uso":3002,"duso":"Ciclabile","tipologia":2902,"dtipologia":"corsia ciclabile su strada","codarco1":3132,"nomevia1":"VIA FRANCESCO ZANARDI","codarco2":4914,"nomevia2":"VIA FRANCESCO ZANARDI","codarco3":null,"nomevia3":null,"codarco4":null,"nomevia4":null,"codarco5":null,"nomevia5":null,"n_ciclovia":5}},{"type":"Feature","geometry":{"coordinates":[[11.376105030772848,44.48292854996997],[11.375586969868376,44.48312792170204]],"type":"LineString"},"properties":{"geo_point_2d":{"lon":11.375846000320612,"lat":44.483028235836},"ente":"01","codice":620,"codvia":21350,"nomevia":"VIA EMILIA LEVANTE","codviada":40830,"nomeviada":"VIA GASPARE NADI","codviaa":33540,"nomeviaa":"VIA PIETRO MAINOLDI","ordinanza":"4000\/343434","stato":"A","lunghezza":47,"larghezza":0.0,"uso":3003,"duso":"Pedonale-Ciclabile","tipologia":6717,"dtipologia":"promiscuo ciclopedonale","codarco1":9983,"nomevia1":"VIA EMILIA LEVANTE","codarco2":null,"nomevia2":null,"codarco3":null,"nomevia3":null,"codarco4":null,"nomevia4":null,"codarco5":null,"nomevia5":null,"n_ciclovia":1}},{"type":"Feature","geometry":{"coordinates":[[11.373119336442695,44.49748399845573],[11.373049433408493,44.497804401228116],[11.372932682261915,44.498526162023175],[11.37291941246821,44.49873931572433],[11.372950959783202,44.49878488312571],[11.373269960491747,44.49975600140329]],"type":"LineString"},"properties":{"geo_point_2d":{"lon":11.373048785766606,"lat":44.49862978255889},"ente":"01","codice":603,"codvia":41700,"nomevia":"VIA NUOVA","codviada":0,"nomeviada":null,"codviaa":0,"nomeviaa":null,"ordinanza":"4000\/343434","stato":"O","lunghezza":257,"larghezza":0.0,"uso":3002,"duso":"Ciclabile","tipologia":2902,"dtipologia":"corsia ciclabile su strada","codarco1":8152,"nomevia1":"VIA NUOVA","codarco2":3400,"nomevia2":"VIA ISABELLA ANDREINI","codarco3":9779,"nomevia3":"VIA NUOVA","codarco4":9788,"nomevia4":"VIA NUOVA","codarco5":null,"nomevia5":null,"n_ciclovia":null}},{"type":"Feature","geometry":{"coordinates":[[11.343888599044046,44.50410101658654],[11.344367730622306,44.50402157730137]],"type":"LineString"},"properties":{"geo_point_2d":{"lon":11.344128164833176,"lat":44.50406129694396},"ente":"01","codice":1276,"codvia":0,"nomevia":null,"codviada":0,"nomeviada":null,"codviaa":0,"nomeviaa":null,"ordinanza":"4000\/343434","stato":"A","lunghezza":39,"larghezza":0.0,"uso":3003,"duso":"Pedonale-Ciclabile","tipologia":6718,"dtipologia":"ciclabile contigua al pedonale","codarco1":null,"nomevia1":null,"codarco2":null,"nomevia2":null,"codarco3":null,"nomevia3":null,"codarco4":null,"nomevia4":null,"codarco5":null,"nomevia5":null,"n_ciclovia":null}},{"type":"Feature","geometry":{"coordinates":[[11.343888599044046,44.50410101658654],[11.343572057348544,44.50414417791802],[11.341022368884422,44.50453020471368]],"type":"LineString"},"properties":{"geo_point_2d":{"lon":11.342455185570271,"lat":44.50431353658549},"ente":"01","codice":1098,"codvia":8800,"nomevia":"VIA CESARE BOLDRINI","codviada":60700,"nomeviada":"PIAZZA XX SETTEMBRE","codviaa":2000,"nomeviaa":"VIA GIOVANNI AMENDOLA","ordinanza":"4000\/343434","stato":"A","lunghezza":233,"larghezza":0.0,"uso":3002,"duso":"Ciclabile","tipologia":2901,"dtipologia":"sede propria","codarco1":8983,"nomevia1":"VIA CESARE BOLDRINI","codarco2":8984,"nomevia2":"VIA CESARE BOLDRINI","codarco3":null,"nomevia3":null,"codarco4":null,"nomevia4":null,"codarco5":null,"nomevia5":null,"n_ciclovia":null}},{"type":"Feature","geometry":{"coordinates":[[11.318790741592634,44.49701189300931],[11.31886698083093,44.49699139323419],[11.318975723793354,44.49696493024233],[11.319051339504902,44.496957568480255],[11.319142002177212,44.49695378978091],[11.319188281062397,44.496958664428156],[11.319329014329602,44.496986852281495],[11.319746896142508,44.49706887589709],[11.320040416737736,44.49712648830204]],"type":"LineString"},"properties":{"geo_point_2d":{"lon":11.31941544122475,"lat":44.497020318626845},"ente":"01","codice":827,"codvia":52300,"nomevia":"VIA SABOTINO","codviada":0,"nomeviada":null,"codviaa":0,"nomeviaa":null,"ordinanza":"4000\/343434","stato":"A","lunghezza":103,"larghezza":0.0,"uso":3003,"duso":"Pedonale-Ciclabile","tipologia":6718,"dtipologia":"ciclabile contigua al pedonale","codarco1":null,"nomevia1":null,"codarco2":null,"nomevia2":null,"codarco3":null,"nomevia3":null,"codarco4":null,"nomevia4":null,"codarco5":null,"nomevia5":null,"n_ciclovia":4}},{"type":"Feature","geometry":{"coordinates":[[11.320040416737736,44.49712648830204],[11.320245811263941,44.497152702722005],[11.320560839115169,44.49718268915426],[11.320616410250002,44.49718380222743],[11.320866816225548,44.497171541926726],[11.321034932584048,44.49716328708219]],"type":"LineString"},"properties":{"geo_point_2d":{"lon":11.320536970081847,"lat":44.49716519073248},"ente":"01","codice":828,"codvia":52300,"nomevia":"VIA SABOTINO","codviada":0,"nomeviada":null,"codviaa":0,"nomeviaa":null,"ordinanza":"4000\/343434","stato":"A","lunghezza":80,"larghezza":0.0,"uso":3003,"duso":"Pedonale-Ciclabile","tipologia":6718,"dtipologia":"ciclabile contigua al pedonale","codarco1":null,"nomevia1":null,"codarco2":null,"nomevia2":null,"codarco3":null,"nomevia3":null,"codarco4":null,"nomevia4":null,"codarco5":null,"nomevia5":null,"n_ciclovia":4}},{"type":"Feature","geometry":{"coordinates":[[11.395324971506652,44.475604280008966],[11.39462412059476,44.47464734491769],[11.394120689158509,44.47395737188115],[11.39389921039263,44.473660215743],[11.393586292568477,44.47322852994484]],"type":"LineString"},"properties":{"geo_point_2d":{"lon":11.394455344824062,"lat":44.47441660786874},"ente":"01","codice":1007,"codvia":0,"nomevia":null,"codviada":0,"nomeviada":null,"codviaa":0,"nomeviaa":null,"ordinanza":"4000\/343434","stato":"A","lunghezza":298,"larghezza":0.0,"uso":3002,"duso":"Ciclabile","tipologia":2901,"dtipologia":"sede propria","codarco1":null,"nomevia1":null,"codarco2":null,"nomevia2":null,"codarco3":null,"nomevia3":null,"codarco4":null,"nomevia4":null,"codarco5":null,"nomevia5":null,"n_ciclovia":1}},{"type":"Feature","geometry":{"coordinates":[[11.359264157468905,44.49969446333288],[11.358823461334943,44.49949342349074],[11.358525168746375,44.499342120723334],[11.357796424958018,44.49902638551153]],"type":"LineString"},"properties":{"geo_point_2d":{"lon":11.358532436195048,"lat":44.49935569986807},"ente":"01","codice":917,"codvia":20500,"nomevia":"VIA SAN DONATO","codviada":0,"nomeviada":null,"codviaa":0,"nomeviaa":null,"ordinanza":"4000\/343434","stato":"O","lunghezza":138,"larghezza":0.0,"uso":3002,"duso":"Ciclabile","tipologia":2902,"dtipologia":"corsia ciclabile su strada","codarco1":10150,"nomevia1":"ROTONDA SANT'EGIDIO","codarco2":10149,"nomevia2":"ROTONDA SANT'EGIDIO","codarco3":6182,"nomevia3":"VIA SAN DONATO","codarco4":7023,"nomevia4":"VIA SAN DONATO","codarco5":null,"nomevia5":null,"n_ciclovia":8}},{"type":"Feature","geometry":{"coordinates":[[11.273719314607611,44.502009129681795],[11.27378968454745,44.50221599256791],[11.273864033064617,44.502443022534685],[11.27392964496242,44.50267023356678],[11.274024503397518,44.502975117228345],[11.274123722680791,44.50327993177698],[11.274156406038628,44.50345259220719]],"type":"LineString"},"properties":{"geo_point_2d":{"lon":11.273948093157262,"lat":44.50272817052465},"ente":"01","codice":1251,"codvia":0,"nomevia":null,"codviada":0,"nomeviada":null,"codviaa":0,"nomeviaa":null,"ordinanza":"4000\/343434","stato":"A","lunghezza":164,"larghezza":0.0,"uso":6709,"duso":"Itinerario ciclabile","tipologia":6721,"dtipologia":"promiscuo veicolare","codarco1":null,"nomevia1":null,"codarco2":null,"nomevia2":null,"codarco3":null,"nomevia3":null,"codarco4":null,"nomevia4":null,"codarco5":null,"nomevia5":null,"n_ciclovia":4}},{"type":"Feature","geometry":{"coordinates":[[11.359789530541214,44.50795393879234],[11.36021539386788,44.50750899916198],[11.36040521949384,44.50730937240017]],"type":"LineString"},"properties":{"geo_point_2d":{"lon":11.36009759936824,"lat":44.50763186962897},"ente":"01","codice":932,"codvia":0,"nomevia":null,"codviada":0,"nomeviada":null,"codviaa":0,"nomeviaa":null,"ordinanza":"4000\/343434","stato":"A","lunghezza":87,"larghezza":0.0,"uso":3003,"duso":"Pedonale-Ciclabile","tipologia":6717,"dtipologia":"promiscuo ciclopedonale","codarco1":null,"nomevia1":null,"codarco2":null,"nomevia2":null,"codarco3":null,"nomevia3":null,"codarco4":null,"nomevia4":null,"codarco5":null,"nomevia5":null,"n_ciclovia":null}},{"type":"Feature","geometry":{"coordinates":[[11.301595159907873,44.492468969587904],[11.301276044427388,44.49233969854685],[11.300666534422964,44.49211476117941],[11.30024477094843,44.491951112722994]],"type":"LineString"},"properties":{"geo_point_2d":{"lon":11.300920536557845,"lat":44.492208617943206},"ente":"01","codice":819,"codvia":0,"nomevia":null,"codviada":0,"nomeviada":null,"codviaa":0,"nomeviaa":null,"ordinanza":"4000\/343434","stato":"A","lunghezza":122,"larghezza":0.0,"uso":3003,"duso":"Pedonale-Ciclabile","tipologia":6717,"dtipologia":"promiscuo ciclopedonale","codarco1":null,"nomevia1":null,"codarco2":null,"nomevia2":null,"codarco3":null,"nomevia3":null,"codarco4":null,"nomevia4":null,"codarco5":null,"nomevia5":null,"n_ciclovia":3}},{"type":"Feature","geometry":{"coordinates":[[11.341492523699232,44.512695939363056],[11.341247385277919,44.51176276358798]],"type":"LineString"},"properties":{"geo_point_2d":{"lon":11.341369954488576,"lat":44.51222935147552},"ente":"01","codice":881,"codvia":23050,"nomevia":"VIA ARISTOTILE FIORAVANTI","codviada":24400,"nomeviada":"VIA FRANCO BOLOGNESE","codviaa":57550,"nomeviaa":"VIA PELLEGRINO TIBALDI","ordinanza":"4000\/343434","stato":"A","lunghezza":106,"larghezza":0.0,"uso":3003,"duso":"Pedonale-Ciclabile","tipologia":6718,"dtipologia":"ciclabile contigua al pedonale","codarco1":3242,"nomevia1":"VIA ARISTOTILE FIORAVANTI","codarco2":null,"nomevia2":null,"codarco3":null,"nomevia3":null,"codarco4":null,"nomevia4":null,"codarco5":null,"nomevia5":null,"n_ciclovia":null}},{"type":"Feature","geometry":{"coordinates":[[11.341596996558698,44.513121847747236],[11.341492523699232,44.512695939363056]],"type":"LineString"},"properties":{"geo_point_2d":{"lon":11.341544760128965,"lat":44.51290889355515},"ente":"01","codice":882,"codvia":23050,"nomevia":"VIA ARISTOTILE FIORAVANTI","codviada":27950,"nomeviada":"VIA PIERO GOBETTI","codviaa":24400,"nomeviaa":"VIA FRANCO BOLOGNESE","ordinanza":"4000\/343434","stato":"A","lunghezza":48,"larghezza":0.0,"uso":3003,"duso":"Pedonale-Ciclabile","tipologia":6718,"dtipologia":"ciclabile contigua al pedonale","codarco1":3225,"nomevia1":null,"codarco2":null,"nomevia2":null,"codarco3":null,"nomevia3":null,"codarco4":null,"nomevia4":null,"codarco5":null,"nomevia5":null,"n_ciclovia":null}},{"type":"Feature","geometry":{"coordinates":[[11.366216104101115,44.453729193643206],[11.366056291739987,44.45359365925816],[11.365830566110304,44.453390848694355],[11.365682080266735,44.45326381698068],[11.36546681246768,44.453074868235866],[11.365341566863568,44.45297196461837]],"type":"LineString"},"properties":{"geo_point_2d":{"lon":11.365779837290644,"lat":44.45334940558757},"ente":"01","codice":1524,"codvia":0,"nomevia":null,"codviada":0,"nomeviada":null,"codviaa":0,"nomeviaa":null,"ordinanza":"4000\/343434","stato":"A","lunghezza":109,"larghezza":0.0,"uso":3002,"duso":"Ciclabile","tipologia":2901,"dtipologia":"sede propria","codarco1":null,"nomevia1":null,"codarco2":null,"nomevia2":null,"codarco3":null,"nomevia3":null,"codarco4":null,"nomevia4":null,"codarco5":null,"nomevia5":null,"n_ciclovia":10}},{"type":"Feature","geometry":{"coordinates":[[11.268113014028327,44.50205012775633],[11.265716429008684,44.50283188956712],[11.2656375888961,44.50288599192419],[11.265554473281053,44.50292914507534],[11.265482271398195,44.50295550895165],[11.264682927622363,44.5032124654694],[11.263027242595639,44.50374669456037],[11.262954939944509,44.50375499922394]],"type":"LineString"},"properties":{"geo_point_2d":{"lon":11.265536564065776,"lat":44.50291244722399},"ente":"01","codice":698,"codvia":0,"nomevia":null,"codviada":0,"nomeviada":null,"codviaa":0,"nomeviaa":null,"ordinanza":"4000\/343434","stato":"A","lunghezza":453,"larghezza":0.0,"uso":3002,"duso":"Ciclabile","tipologia":2901,"dtipologia":"sede propria","codarco1":null,"nomevia1":null,"codarco2":null,"nomevia2":null,"codarco3":null,"nomevia3":null,"codarco4":null,"nomevia4":null,"codarco5":null,"nomevia5":null,"n_ciclovia":4}},{"type":"Feature","geometry":{"coordinates":[[11.308778163287203,44.49851083041432],[11.309090661743028,44.499119221577836],[11.309219378041222,44.49912842420657],[11.309382770347176,44.49916293099523],[11.309586072455321,44.49922688098468],[11.309868796138066,44.499339641804255],[11.310066354345976,44.49943647983953],[11.310254243746549,44.49953928765054],[11.310568161035741,44.499985049997484],[11.310997344712353,44.500609618558606]],"type":"LineString"},"properties":{"geo_point_2d":{"lon":11.309906375681624,"lat":44.49950394010288},"ente":"01","codice":1692,"codvia":36250,"nomevia":"VIA MARZABOTTO","codviada":0,"nomeviada":null,"codviaa":0,"nomeviaa":null,"ordinanza":"4000\/343434","stato":"A","lunghezza":310,"larghezza":0.0,"uso":3002,"duso":"Ciclabile","tipologia":2901,"dtipologia":"sede propria","codarco1":2648,"nomevia1":"VIA MARZABOTTO","codarco2":7225,"nomevia2":"VIA PASUBIO","codarco3":null,"nomevia3":null,"codarco4":null,"nomevia4":null,"codarco5":null,"nomevia5":null,"n_ciclovia":null}},{"type":"Feature","geometry":{"coordinates":[[11.354727416840019,44.51639730217953],[11.355232346992407,44.51703190412907],[11.35538909689806,44.51721116279703],[11.35643478464448,44.518495350670506],[11.356844855888774,44.51917595532481],[11.357096804270876,44.519576915941165]],"type":"LineString"},"properties":{"geo_point_2d":{"lon":11.355957435483216,"lat":44.51795499712275},"ente":"01","codice":1948,"codvia":22400,"nomevia":"VIA FERRARESE","codviada":0,"nomeviada":null,"codviaa":0,"nomeviaa":null,"ordinanza":"4000\/343434","stato":"A","lunghezza":401,"larghezza":0.0,"uso":3002,"duso":"Ciclabile","tipologia":2901,"dtipologia":"sede propria","codarco1":3628,"nomevia1":"VIA FERRARESE","codarco2":3624,"nomevia2":"VIA FERRARESE","codarco3":3634,"nomevia3":"VIA FERRARESE","codarco4":3622,"nomevia4":"VIA FERRARESE","codarco5":3626,"nomevia5":"VIA FERRARESE","n_ciclovia":7}},{"type":"Feature","geometry":{"coordinates":[[11.37373689112926,44.49079367974695],[11.373883016481786,44.49180500721724],[11.373910420182682,44.49190762096895]],"type":"LineString"},"properties":{"geo_point_2d":{"lon":11.373818123069,"lat":44.49135178472559},"ente":"01","codice":1971,"codvia":4000,"nomevia":"VIA AZZURRA","codviada":55150,"nomeviada":"VIA SMERALDO","codviaa":60950,"nomeviaa":"VIA VERDE","ordinanza":"4000\/343434","stato":"A","lunghezza":125,"larghezza":0.0,"uso":3002,"duso":"Ciclabile","tipologia":2901,"dtipologia":"sede propria","codarco1":1874,"nomevia1":"VIA AZZURRA","codarco2":null,"nomevia2":null,"codarco3":null,"nomevia3":null,"codarco4":null,"nomevia4":null,"codarco5":null,"nomevia5":null,"n_ciclovia":null}},{"type":"Feature","geometry":{"coordinates":[[[11.314132839730144,44.50396060593841],[11.309358418774679,44.50563153303594]],[[11.309441645211937,44.50556407479096],[11.309358418774679,44.50563153303594],[11.309483923923587,44.50562594675342]]],"type":"MultiLineString"},"properties":{"geo_point_2d":{"lon":11.311642946330181,"lat":44.50483207300003},"ente":"01","codice":1977,"codvia":21400,"nomevia":"VIA EMILIA PONENTE","codviada":0,"nomeviada":null,"codviaa":0,"nomeviaa":null,"ordinanza":"4000\/343434","stato":"A","lunghezza":443,"larghezza":0.0,"uso":3002,"duso":"Ciclabile","tipologia":2901,"dtipologia":"sede propria","codarco1":2676,"nomevia1":"VIA EMILIA PONENTE","codarco2":5409,"nomevia2":"VIA EMILIA PONENTE","codarco3":5410,"nomevia3":"VIA EMILIA PONENTE","codarco4":2681,"nomevia4":"VIA EMILIA PONENTE","codarco5":null,"nomevia5":null,"n_ciclovia":1}},{"type":"Feature","geometry":{"coordinates":[[11.321691336166287,44.52113479579796],[11.321591922762941,44.52138562360132],[11.321555808991908,44.5214900287025],[11.321462003453016,44.521599749411216],[11.321367850877643,44.5217011844139],[11.321272293748855,44.52176947260073],[11.321103630000668,44.52188900792621],[11.320798929624917,44.52207765770784],[11.320539661106093,44.52224465613345],[11.320274628110479,44.522411776210845],[11.320088131639645,44.522519244138316],[11.31977533063925,44.52278688047918],[11.319629715733198,44.52290181948259],[11.31953038803088,44.52301581964805],[11.319424213283659,44.52310507526413],[11.319311104894243,44.52330230907686],[11.319073777262215,44.523580810393874],[11.318730011806633,44.5239444035204],[11.3185030925693,44.52419366717278],[11.318431027300933,44.524269772012154],[11.31838736017175,44.5243328592939]],"type":"LineString"},"properties":{"geo_point_2d":{"lon":11.3200401373713,"lat":44.522707655681},"ente":"01","codice":2119,"codvia":63100,"nomevia":"VIA FRANCESCO ZANARDI","codviada":0,"nomeviada":null,"codviaa":0,"nomeviaa":null,"ordinanza":"4000\/343434","stato":"O","lunghezza":449,"larghezza":0.0,"uso":3002,"duso":"Ciclabile","tipologia":2902,"dtipologia":"corsia ciclabile su strada","codarco1":6644,"nomevia1":"VIA FRANCESCO ZANARDI","codarco2":6647,"nomevia2":"VIA FRANCESCO ZANARDI","codarco3":6648,"nomevia3":"VIA FRANCESCO ZANARDI","codarco4":2836,"nomevia4":"VIA FRANCESCO ZANARDI","codarco5":6002,"nomevia5":"VIA FRANCESCO ZANARDI","n_ciclovia":5}},{"type":"Feature","geometry":{"coordinates":[[11.295093831074745,44.509196884387],[11.295952378382603,44.50901922556756],[11.297189682224039,44.50875095409792],[11.297793790682944,44.50862631338362],[11.298247940962758,44.50854708020396],[11.298791361168671,44.50844143298196],[11.299605755670843,44.50828356378262],[11.30027935731426,44.508150858324534],[11.300844204972407,44.508035730529365],[11.301607641338164,44.50787595939206],[11.302077898266633,44.50777508344779],[11.303173301412603,44.507536468398484],[11.304296409159475,44.50726650148425]],"type":"LineString"},"properties":{"geo_point_2d":{"lon":11.299699519099434,"lat":44.50825190765325},"ente":"01","codice":2097,"codvia":21400,"nomevia":"VIA EMILIA PONENTE","codviada":46320,"nomeviada":"VIA ANGELO PIO'","codviaa":5800,"nomeviaa":"VIA BATTINDARNO","ordinanza":"4000\/343434","stato":"O","lunghezza":763,"larghezza":0.0,"uso":3002,"duso":"Ciclabile","tipologia":2902,"dtipologia":"corsia ciclabile su strada","codarco1":6850,"nomevia1":"VIA EMILIA PONENTE","codarco2":6853,"nomevia2":"VIA EMILIA PONENTE","codarco3":6854,"nomevia3":"VIA EMILIA PONENTE","codarco4":6860,"nomevia4":"VIA EMILIA PONENTE","codarco5":6859,"nomevia5":"VIA EMILIA PONENTE","n_ciclovia":1}},{"type":"Feature","geometry":{"coordinates":[[11.366718866945954,44.476682805186904],[11.366832794416156,44.47645385448949],[11.367168750444451,44.47577196450469],[11.367394218041138,44.47547900850925],[11.367757923141447,44.475020745338185],[11.367842856339834,44.4748824026485],[11.367995839528309,44.474529322791184],[11.368060707403002,44.4743803213059],[11.36811706991235,44.47424138111363],[11.368208488255373,44.47405596830589],[11.368275354059344,44.47395831162734],[11.36832187214607,44.473899085474436],[11.368376345049674,44.47384721555153],[11.36894751561285,44.4734188513863],[11.369101503928299,44.47330596683381],[11.369248168138254,44.473183917452616],[11.369369328018454,44.473057571031084],[11.369474141110695,44.47287819574446],[11.369531174388204,44.472718162834106],[11.369574607579583,44.4725671504547]],"type":"LineString"},"properties":{"geo_point_2d":{"lon":11.368077354737384,"lat":44.4745565595034},"ente":"01","codice":2139,"codvia":40450,"nomevia":"VIA AUGUSTO MURRI","codviada":18850,"nomeviada":"VIA GIUSEPPE DAGNINI","codviaa":58600,"nomeviaa":"VIA TOSCANA","ordinanza":"4000\/343434","stato":"A","lunghezza":518,"larghezza":0.0,"uso":6709,"duso":"Itinerario ciclabile","tipologia":2902,"dtipologia":"corsia ciclabile su strada","codarco1":688,"nomevia1":"VIA AUGUSTO MURRI","codarco2":6331,"nomevia2":"VIA AUGUSTO MURRI","codarco3":4302,"nomevia3":"VIA AUGUSTO MURRI","codarco4":678,"nomevia4":"VIA AUGUSTO MURRI","codarco5":642,"nomevia5":"VIA AUGUSTO MURRI","n_ciclovia":10}},{"type":"Feature","geometry":{"coordinates":[[11.364964539000445,44.50390598446327],[11.365606904496572,44.50326643941887],[11.36621217443846,44.50269815141576],[11.3666116729706,44.50233147614504],[11.366764365508324,44.50219130898822],[11.366916108391134,44.50210034662095],[11.367235226724862,44.50198460666038],[11.36816302704628,44.50167744943292],[11.369727956247802,44.50117280025773],[11.370076532469941,44.50105868759938],[11.370421766671855,44.50091715090217],[11.370881911174719,44.50074115501592],[11.37113999561867,44.50063419447033],[11.373269960491747,44.49975600140329]],"type":"LineString"},"properties":{"geo_point_2d":{"lon":11.368930609975195,"lat":44.50154585003451},"ente":"01","codice":2151,"codvia":7500,"nomevia":"VIA FILIPPO BEROALDO","codviada":62700,"nomeviada":"VIA ERMETE ZACCONI","codviaa":2100,"nomeviaa":"VIA ISABELLA ANDREINI","ordinanza":"4000\/343434","stato":"O","lunghezza":823,"larghezza":0.0,"uso":3002,"duso":"Ciclabile","tipologia":2902,"dtipologia":"corsia ciclabile su strada","codarco1":7388,"nomevia1":"VIA FILIPPO BEROALDO","codarco2":7389,"nomevia2":"VIA FILIPPO BEROALDO","codarco3":4068,"nomevia3":"VIA FILIPPO BEROALDO","codarco4":4689,"nomevia4":"VIA FILIPPO BEROALDO","codarco5":3379,"nomevia5":"VIA FILIPPO BEROALDO","n_ciclovia":null}},{"type":"Feature","geometry":{"coordinates":[[11.243924705088823,44.52810791762926],[11.243159264703182,44.528437630724056],[11.242627743182133,44.52865889256414],[11.241301035020548,44.52922283600287],[11.241172172752021,44.529239783418674],[11.239892800837783,44.5297345740615],[11.239423576158346,44.529914917937745],[11.239070837604975,44.53005105304258],[11.23897503783363,44.5300992848866],[11.238857258180976,44.53016546750899]],"type":"LineString"},"properties":{"geo_point_2d":{"lon":11.241394043428194,"lat":44.52914637098191},"ente":"01","codice":2075,"codvia":35100,"nomevia":"VIA MARCO EMILIO LEPIDO","codviada":25910,"nomeviada":"ROTONDA ANTONIO GASBARRINI","codviaa":0,"nomeviaa":null,"ordinanza":"4000\/343434","stato":"A","lunghezza":464,"larghezza":0.0,"uso":3002,"duso":"Ciclabile","tipologia":2902,"dtipologia":"corsia ciclabile su strada","codarco1":9834,"nomevia1":"VIA MARCO EMILIO LEPIDO","codarco2":8665,"nomevia2":"VIA MARCO EMILIO LEPIDO","codarco3":9037,"nomevia3":"VIA MARCO EMILIO LEPIDO","codarco4":9036,"nomevia4":"VIA MARCO EMILIO LEPIDO","codarco5":null,"nomevia5":null,"n_ciclovia":1}},{"type":"Feature","geometry":{"coordinates":[[11.27086108807903,44.51894175362],[11.271437685935297,44.51874540616995],[11.272555431372629,44.51835530962508],[11.272906164221988,44.51823458025354],[11.273148270038861,44.51814937623851],[11.273291869530244,44.51809794529168],[11.273718442420604,44.517947015730364],[11.274420845975236,44.51771311386951]],"type":"LineString"},"properties":{"geo_point_2d":{"lon":11.27264045637886,"lat":44.51832589397988},"ente":"01","codice":2078,"codvia":35100,"nomevia":"VIA MARCO EMILIO LEPIDO","codviada":52550,"nomeviada":"VIA DELLA SALUTE","codviaa":12550,"nomeviaa":"VIA DOMENICO MARIA CANUTI","ordinanza":"4000\/343434","stato":"O","lunghezza":314,"larghezza":0.0,"uso":3002,"duso":"Ciclabile","tipologia":2902,"dtipologia":"corsia ciclabile su strada","codarco1":2456,"nomevia1":"VIA MARCO EMILIO LEPIDO","codarco2":6772,"nomevia2":"VIA MARCO EMILIO LEPIDO","codarco3":6773,"nomevia3":"VIA MARCO EMILIO LEPIDO","codarco4":6771,"nomevia4":"VIA MARCO EMILIO LEPIDO","codarco5":6791,"nomevia5":"VIA MARCO EMILIO LEPIDO","n_ciclovia":1}},{"type":"Feature","geometry":{"coordinates":[[[11.346871951480203,44.5119559917731],[11.346828365605864,44.51191985289404],[11.346813510172963,44.51187983688486],[11.3466054058417,44.51105194040078],[11.347270234860249,44.510965874161975],[11.3481528066434,44.51084741445949],[11.349104206517195,44.51071430645037],[11.350205952626716,44.51056485103177],[11.350721272012896,44.51049125628173],[11.351246715222723,44.510423554734],[11.352511431350221,44.510257651429434],[11.352944982325468,44.51020077626683],[11.353955131651897,44.510068456065156],[11.354831527153081,44.509950446709794],[11.355458996533985,44.50987577179935]],[[11.35535228899977,44.5099233779295],[11.355458996533985,44.50987577179935],[11.355336491577118,44.509855444219596]],[[11.346639372094707,44.511089803971686],[11.3466054058417,44.51105194040078],[11.346592006861115,44.51109590032436]],[[11.34721735416292,44.510990217711345],[11.347270234860249,44.510965874161975],[11.347208786845334,44.510956331516816]],[[11.348100146292943,44.51087200117716],[11.3481528066434,44.51084741445949],[11.34809127413544,44.51083815526261]],[[11.34905181127292,44.510739181354914],[11.349104206517195,44.51071430645037],[11.349042576868296,44.51070538501483]],[[11.35015335910718,44.5105895102289],[11.350205952626716,44.51056485103177],[11.350144395598997,44.5105556765781]],[[11.350669013520797,44.51051627722192],[11.350721272012896,44.51049125628173],[11.350659594209228,44.510482507164205]],[[11.35119380738009,44.51044786671339],[11.351246715222723,44.510423554734],[11.3511852787868,44.51041397587364]],[[11.35245863140938,44.51028208258845],[11.352511431350221,44.510257651429434],[11.352449953176391,44.510248211590806]],[[11.3539023233018,44.51009287731048],[11.353955131651897,44.510068456065156],[11.353893656899363,44.51005900515918]],[[11.354778889962178,44.509975053658785],[11.354831527153081,44.509950446709794],[11.354769987557686,44.50994121345338]]],"type":"MultiLineString"},"properties":{"geo_point_2d":{"lon":11.350707134874316,"lat":44.51054172118221},"ente":"01","codice":2085,"codvia":18300,"nomevia":"VIA DONATO CRETI","codviada":0,"nomeviada":null,"codviaa":0,"nomeviaa":null,"ordinanza":"4000\/343434","stato":"O","lunghezza":939,"larghezza":0.0,"uso":3002,"duso":"Ciclabile","tipologia":2902,"dtipologia":"corsia ciclabile su strada","codarco1":6065,"nomevia1":"VIA DONATO CRETI","codarco2":3204,"nomevia2":"VIA DONATO CRETI","codarco3":6987,"nomevia3":"VIA DONATO CRETI","codarco4":6988,"nomevia4":"VIA DONATO CRETI","codarco5":6058,"nomevia5":"VIA DONATO CRETI","n_ciclovia":null}},{"type":"Feature","geometry":{"coordinates":[[11.301838945206564,44.49255662029728],[11.302265947031861,44.492350180345234]],"type":"LineString"},"properties":{"geo_point_2d":{"lon":11.302052446119212,"lat":44.49245340032125},"ente":"01","codice":316,"codvia":0,"nomevia":null,"codviada":0,"nomeviada":null,"codviaa":0,"nomeviaa":null,"ordinanza":"4000\/343434","stato":"O","lunghezza":41,"larghezza":0.0,"uso":3002,"duso":"Ciclabile","tipologia":2902,"dtipologia":"corsia ciclabile su strada","codarco1":null,"nomevia1":null,"codarco2":null,"nomevia2":null,"codarco3":null,"nomevia3":null,"codarco4":null,"nomevia4":null,"codarco5":null,"nomevia5":null,"n_ciclovia":3}},{"type":"Feature","geometry":{"coordinates":[[11.35978837745849,44.507956101461424],[11.359656389962689,44.5078920720108]],"type":"LineString"},"properties":{"geo_point_2d":{"lon":11.35972238371059,"lat":44.50792408673611},"ente":"01","codice":306,"codvia":0,"nomevia":null,"codviada":0,"nomeviada":null,"codviaa":0,"nomeviaa":null,"ordinanza":"4000\/343434","stato":"A","lunghezza":13,"larghezza":0.0,"uso":3003,"duso":"Pedonale-Ciclabile","tipologia":6717,"dtipologia":"promiscuo ciclopedonale","codarco1":null,"nomevia1":null,"codarco2":null,"nomevia2":null,"codarco3":null,"nomevia3":null,"codarco4":null,"nomevia4":null,"codarco5":null,"nomevia5":null,"n_ciclovia":null}},{"type":"Feature","geometry":{"coordinates":[[11.359656737563906,44.50790067671347],[11.358969086589118,44.50860807647599]],"type":"LineString"},"properties":{"geo_point_2d":{"lon":11.359312912076511,"lat":44.50825437659473},"ente":"01","codice":305,"codvia":0,"nomevia":null,"codviada":0,"nomeviada":null,"codviaa":0,"nomeviaa":null,"ordinanza":"4000\/343434","stato":"O","lunghezza":96,"larghezza":0.0,"uso":3002,"duso":"Ciclabile","tipologia":2902,"dtipologia":"corsia ciclabile su strada","codarco1":null,"nomevia1":null,"codarco2":null,"nomevia2":null,"codarco3":null,"nomevia3":null,"codarco4":null,"nomevia4":null,"codarco5":null,"nomevia5":null,"n_ciclovia":null}},{"type":"Feature","geometry":{"coordinates":[[11.28990290238116,44.50512600118829],[11.291595003979289,44.50461800008307]],"type":"LineString"},"properties":{"geo_point_2d":{"lon":11.290748953180223,"lat":44.50487200063568},"ente":"01","codice":752,"codvia":4060,"nomevia":"PONTE RICCARDO BACCHELLI","codviada":0,"nomeviada":null,"codviaa":0,"nomeviaa":null,"ordinanza":"4000\/343434","stato":"A","lunghezza":146,"larghezza":0.0,"uso":3003,"duso":"Pedonale-Ciclabile","tipologia":6718,"dtipologia":"ciclabile contigua al pedonale","codarco1":9197,"nomevia1":null,"codarco2":9198,"nomevia2":"VIALE PALMIRO TOGLIATTI","codarco3":null,"nomevia3":null,"codarco4":null,"nomevia4":null,"codarco5":null,"nomevia5":null,"n_ciclovia":4}},{"type":"Feature","geometry":{"coordinates":[[11.323761941597107,44.51838390478817],[11.32382694886673,44.518328151347006],[11.32392781275815,44.51824677694709],[11.324014495638263,44.51817259175042],[11.324239132372982,44.517966719873186]],"type":"LineString"},"properties":{"geo_point_2d":{"lon":11.324002925244857,"lat":44.518178054762565},"ente":"01","codice":398,"codvia":0,"nomevia":null,"codviada":0,"nomeviada":null,"codviaa":0,"nomeviaa":null,"ordinanza":"4000\/343434","stato":"O","lunghezza":60,"larghezza":0.0,"uso":3002,"duso":"Ciclabile","tipologia":2902,"dtipologia":"corsia ciclabile su strada","codarco1":null,"nomevia1":null,"codarco2":null,"nomevia2":null,"codarco3":null,"nomevia3":null,"codarco4":null,"nomevia4":null,"codarco5":null,"nomevia5":null,"n_ciclovia":5}},{"type":"Feature","geometry":{"coordinates":[[11.327355319978823,44.5135594881864],[11.327413545568634,44.51352733989925],[11.327468332027491,44.513473664316145],[11.327509087679259,44.51339755219934],[11.327500478252334,44.513312688722706],[11.327455433163705,44.51324264018826],[11.327402273341612,44.51319904472326],[11.327338485986564,44.51316719860333],[11.327251445847358,44.513146936600045],[11.327166892819916,44.51314390843638],[11.327180476180589,44.51298468029298],[11.32725310446075,44.51276558576357],[11.327306897682966,44.51262168593085]],"type":"LineString"},"properties":{"geo_point_2d":{"lon":11.32732251134384,"lat":44.51312298840342},"ente":"01","codice":412,"codvia":10570,"nomevia":"ROTONDA PIETRO BUBANI","codviada":0,"nomeviada":null,"codviaa":0,"nomeviaa":null,"ordinanza":"4000\/343434","stato":"A","lunghezza":126,"larghezza":0.0,"uso":3003,"duso":"Pedonale-Ciclabile","tipologia":6717,"dtipologia":"promiscuo ciclopedonale","codarco1":10576,"nomevia1":"ROTONDA PIETRO BUBANI","codarco2":null,"nomevia2":null,"codarco3":null,"nomevia3":null,"codarco4":null,"nomevia4":null,"codarco5":null,"nomevia5":null,"n_ciclovia":5}},{"type":"Feature","geometry":{"coordinates":[[11.304600696607997,44.499342070063854],[11.304559179041076,44.49932417337646],[11.304330568671478,44.498940729430366],[11.303139455411323,44.496992563345664]],"type":"LineString"},"properties":{"geo_point_2d":{"lon":11.303862971585113,"lat":44.49817644967024},"ente":"01","codice":377,"codvia":0,"nomevia":null,"codviada":0,"nomeviada":null,"codviaa":0,"nomeviaa":null,"ordinanza":"4000\/343434","stato":"A","lunghezza":286,"larghezza":0.0,"uso":6708,"duso":"Percorso naturalistico","tipologia":6720,"dtipologia":"sterrato","codarco1":null,"nomevia1":null,"codarco2":null,"nomevia2":null,"codarco3":null,"nomevia3":null,"codarco4":null,"nomevia4":null,"codarco5":null,"nomevia5":null,"n_ciclovia":null}},{"type":"Feature","geometry":{"coordinates":[[11.341022368884422,44.50453020471368],[11.34018734203444,44.50464933517354],[11.338952533643647,44.50484612867195],[11.338757948924309,44.50488156357171],[11.338663491938123,44.50492408279594],[11.338625062327186,44.50494957314846],[11.3385052206224,44.50505643717005]],"type":"LineString"},"properties":{"geo_point_2d":{"lon":11.339738486383562,"lat":44.50473062981244},"ente":"01","codice":1099,"codvia":8800,"nomevia":"VIA CESARE BOLDRINI","codviada":2000,"nomeviada":"VIA GIOVANNI AMENDOLA","codviaa":46000,"nomeviaa":"VIALE PIETRO PIETRAMELLARA","ordinanza":"4000\/343434","stato":"A","lunghezza":213,"larghezza":0.0,"uso":3002,"duso":"Ciclabile","tipologia":2901,"dtipologia":"sede propria","codarco1":4633,"nomevia1":null,"codarco2":null,"nomevia2":null,"codarco3":null,"nomevia3":null,"codarco4":null,"nomevia4":null,"codarco5":null,"nomevia5":null,"n_ciclovia":null}},{"type":"Feature","geometry":{"coordinates":[[11.310983135227946,44.49579282344777],[11.310837754392063,44.49576016856571],[11.31058955384566,44.49568715470796]],"type":"LineString"},"properties":{"geo_point_2d":{"lon":11.310785572129173,"lat":44.49574297018612},"ente":"01","codice":823,"codvia":15900,"nomevia":"VIA DELLA CERTOSA","codviada":0,"nomeviada":null,"codviaa":0,"nomeviaa":null,"ordinanza":"4000\/343434","stato":"A","lunghezza":33,"larghezza":0.0,"uso":3003,"duso":"Pedonale-Ciclabile","tipologia":6717,"dtipologia":"promiscuo ciclopedonale","codarco1":7770,"nomevia1":"VIA DELLA CERTOSA","codarco2":null,"nomevia2":null,"codarco3":null,"nomevia3":null,"codarco4":null,"nomevia4":null,"codarco5":null,"nomevia5":null,"n_ciclovia":null}},{"type":"Feature","geometry":{"coordinates":[[11.322147199632365,44.49711246975823],[11.323029092542168,44.49707939269308],[11.323678350769669,44.49704483328823]],"type":"LineString"},"properties":{"geo_point_2d":{"lon":11.322912908292661,"lat":44.49708158530733},"ente":"01","codice":831,"codvia":52300,"nomevia":"VIA SABOTINO","codviada":10850,"nomeviada":"VIA LUIGI BUSI","codviaa":13750,"nomeviaa":"VIA DEL CARSO","ordinanza":"4000\/343434","stato":"A","lunghezza":122,"larghezza":0.0,"uso":3003,"duso":"Pedonale-Ciclabile","tipologia":6718,"dtipologia":"ciclabile contigua al pedonale","codarco1":4237,"nomevia1":"VIA SABOTINO","codarco2":null,"nomevia2":null,"codarco3":null,"nomevia3":null,"codarco4":null,"nomevia4":null,"codarco5":null,"nomevia5":null,"n_ciclovia":4}},{"type":"Feature","geometry":{"coordinates":[[11.309268896018684,44.498202627049146],[11.308834830551989,44.49821535998311],[11.308203967249769,44.49823405057768],[11.30799674613857,44.49825933598667]],"type":"LineString"},"properties":{"geo_point_2d":{"lon":11.308632215543577,"lat":44.498222952979695},"ente":"01","codice":1165,"codvia":0,"nomevia":null,"codviada":0,"nomeviada":null,"codviaa":0,"nomeviaa":null,"ordinanza":"4000\/343434","stato":"A","lunghezza":101,"larghezza":0.0,"uso":3002,"duso":"Ciclabile","tipologia":2901,"dtipologia":"sede propria","codarco1":null,"nomevia1":null,"codarco2":null,"nomevia2":null,"codarco3":null,"nomevia3":null,"codarco4":null,"nomevia4":null,"codarco5":null,"nomevia5":null,"n_ciclovia":4}},{"type":"Feature","geometry":{"coordinates":[[11.366795514949107,44.527965172424295],[11.36675249212758,44.527706397417035],[11.36671278532444,44.527583206023635],[11.366640833926471,44.52740022887562],[11.366530062505522,44.527167953146645],[11.366466007383009,44.52705243192858]],"type":"LineString"},"properties":{"geo_point_2d":{"lon":11.366662080050048,"lat":44.52749810527342},"ente":"01","codice":957,"codvia":55950,"nomevia":"VIA STALINGRADO","codviada":0,"nomeviada":null,"codviaa":0,"nomeviaa":null,"ordinanza":"4000\/343434","stato":"A","lunghezza":105,"larghezza":0.0,"uso":3002,"duso":"Ciclabile","tipologia":2901,"dtipologia":"sede propria","codarco1":4880,"nomevia1":"VIA STALINGRADO","codarco2":4881,"nomevia2":null,"codarco3":5745,"nomevia3":"VIA STALINGRADO","codarco4":null,"nomevia4":null,"codarco5":null,"nomevia5":null,"n_ciclovia":7}},{"type":"Feature","geometry":{"coordinates":[[[11.336109942705008,44.517140734870864],[11.336072735360474,44.51713536476447],[11.336033307922229,44.51712225494759],[11.336001720745006,44.51710260161564],[11.335978895462086,44.51707929387956],[11.335962296791775,44.517043695821734],[11.335962267051736,44.517040969385484]],[[11.335978612024961,44.51706859163375],[11.335962267051736,44.517040969385484],[11.33594652717368,44.51706877113017]],[[11.335978612024961,44.51706859163375],[11.335962267051736,44.517040969385484],[11.33594652717368,44.51706877113017]]],"type":"MultiLineString"},"properties":{"geo_point_2d":{"lon":11.335999695935993,"lat":44.51708538998425},"ente":"01","codice":868,"codvia":28440,"nomevia":"ROTONDA BITTISIA GOZZADINI","codviada":24780,"nomeviada":"VIA YURI GAGARIN","codviaa":27950,"nomeviaa":"VIA PIERO GOBETTI","ordinanza":"4000\/343434","stato":"A","lunghezza":31,"larghezza":0.0,"uso":3002,"duso":"Ciclabile","tipologia":2902,"dtipologia":"corsia ciclabile su strada","codarco1":10632,"nomevia1":"ROTONDA BITTISIA GOZZADINI","codarco2":null,"nomevia2":null,"codarco3":null,"nomevia3":null,"codarco4":null,"nomevia4":null,"codarco5":null,"nomevia5":null,"n_ciclovia":null}},{"type":"Feature","geometry":{"coordinates":[[11.37373689112926,44.49079367974695],[11.373660816251162,44.490216803098356]],"type":"LineString"},"properties":{"geo_point_2d":{"lon":11.373698853690211,"lat":44.49050524142265},"ente":"01","codice":1973,"codvia":4000,"nomevia":"VIA AZZURRA","codviada":55150,"nomeviada":"VIA SMERALDO","codviaa":39090,"nomeviaa":"LARGO GIOVANNI IGNAZIO MOLINA","ordinanza":"4000\/343434","stato":"A","lunghezza":64,"larghezza":0.0,"uso":3002,"duso":"Ciclabile","tipologia":2901,"dtipologia":"sede propria","codarco1":1861,"nomevia1":"VIA AZZURRA","codarco2":null,"nomevia2":null,"codarco3":null,"nomevia3":null,"codarco4":null,"nomevia4":null,"codarco5":null,"nomevia5":null,"n_ciclovia":null}},{"type":"Feature","geometry":{"coordinates":[[11.329545337767291,44.49047922851337],[11.329550078907204,44.490347557360316],[11.329604226505438,44.490235989617375],[11.329651059523924,44.49020049733213],[11.329831551094747,44.49008780005238],[11.330349920703583,44.48985914454933],[11.331126376564479,44.48959492590652],[11.332127738177004,44.48924130018327],[11.333511264296261,44.488710240982506],[11.335347712463001,44.48800836232198],[11.33709135323497,44.48731441285882],[11.338183464223565,44.486904357979775],[11.339143827056162,44.48651516649884],[11.339398993281387,44.486446745916574],[11.339551468660492,44.48642345297218]],"type":"LineString"},"properties":{"geo_point_2d":{"lon":11.334445423460403,"lat":44.488341307450426},"ente":"01","codice":1908,"codvia":1350,"nomevia":"VIALE ANTONIO ALDINI","codviada":0,"nomeviada":null,"codviaa":0,"nomeviaa":null,"ordinanza":"4000\/343434","stato":"A","lunghezza":927,"larghezza":0.0,"uso":3002,"duso":"Ciclabile","tipologia":2901,"dtipologia":"sede propria","codarco1":8710,"nomevia1":"VIA SARAGOZZA","codarco2":8619,"nomevia2":"VIALE ANTONIO ALDINI","codarco3":8734,"nomevia3":"VIALE ANTONIO ALDINI","codarco4":800,"nomevia4":"PIAZZA DI PORTA S.MAMOLO","codarco5":8702,"nomevia5":"PIAZZA DI PORTA S.MAMOLO","n_ciclovia":null}},{"type":"Feature","geometry":{"coordinates":[[11.352793877232562,44.50234788750782],[11.352657421630187,44.50239490191859],[11.352446093339278,44.502458398380455],[11.352146506413895,44.502573423109844],[11.350749215013414,44.503142525110256],[11.349901985575855,44.50349519730273],[11.349544581478273,44.50364423890485],[11.349203966639461,44.50379136067449],[11.3490163048489,44.50386162273714],[11.348635412976586,44.504021697404205],[11.348257302640786,44.504177491766505],[11.34812867333851,44.50421396555436],[11.347529185492467,44.50435340586916],[11.347308783886856,44.50441261826266],[11.346052244662204,44.5047090749113],[11.345787525745855,44.50476907326526],[11.345623999597018,44.5049977435699],[11.345392985653973,44.50503448891315]],"type":"LineString"},"properties":{"geo_point_2d":{"lon":11.349084136006908,"lat":44.503748722772585},"ente":"01","codice":1909,"codvia":36750,"nomevia":"VIALE ANGELO MASINI","codviada":0,"nomeviada":null,"codviaa":0,"nomeviaa":null,"ordinanza":"4000\/343434","stato":"A","lunghezza":669,"larghezza":0.0,"uso":3002,"duso":"Ciclabile","tipologia":2901,"dtipologia":"sede propria","codarco1":8854,"nomevia1":null,"codarco2":8855,"nomevia2":"VIALE ANGELO MASINI","codarco3":8856,"nomevia3":"VIALE ANGELO MASINI","codarco4":9328,"nomevia4":"VIALE ANGELO MASINI","codarco5":9329,"nomevia5":"VIALE ANGELO MASINI","n_ciclovia":null}},{"type":"Feature","geometry":{"coordinates":[[11.357880012598304,44.486069401478076],[11.35796662530014,44.48623440706816],[11.357823896314985,44.487375075775994],[11.357678118983241,44.48852394796697],[11.35759665581015,44.48929666013213],[11.357565132096145,44.489911760997295],[11.357520152806352,44.49019263745794]],"type":"LineString"},"properties":{"geo_point_2d":{"lon":11.357737969267404,"lat":44.48812039397939},"ente":"01","codice":1933,"codvia":13150,"nomevia":"VIALE GIOSUE' CARDUCCI","codviada":0,"nomeviada":null,"codviaa":0,"nomeviaa":null,"ordinanza":"4000\/343434","stato":"A","lunghezza":461,"larghezza":0.0,"uso":3002,"duso":"Ciclabile","tipologia":2901,"dtipologia":"sede propria","codarco1":1708,"nomevia1":"PIAZZA DI PORTA MAGGIORE","codarco2":8350,"nomevia2":"VIALE GIOSUE' CARDUCCI","codarco3":8351,"nomevia3":"VIALE GIOSUE' CARDUCCI","codarco4":8885,"nomevia4":"VIALE GIOSUE' CARDUCCI","codarco5":1530,"nomevia5":"VIALE GIOSUE' CARDUCCI","n_ciclovia":null}},{"type":"Feature","geometry":{"coordinates":[[11.390977036040074,44.51530445952966],[11.390581184540745,44.515096582788914],[11.390122264370207,44.514864432494726],[11.389739210107479,44.51466936507525],[11.389396773346176,44.51447586719806]],"type":"LineString"},"properties":{"geo_point_2d":{"lon":11.390184662888158,"lat":44.51489427810958},"ente":"01","codice":1986,"codvia":20500,"nomevia":"VIA SAN DONATO","codviada":41350,"nomeviada":"VIA S.NICOLO' DI VILLOLA","codviaa":52430,"nomeviaa":"VIA EMILIO SALGARI","ordinanza":"4000\/343434","stato":"A","lunghezza":156,"larghezza":0.0,"uso":3002,"duso":"Ciclabile","tipologia":2901,"dtipologia":"sede propria","codarco1":3691,"nomevia1":"VIA SAN DONATO","codarco2":null,"nomevia2":null,"codarco3":null,"nomevia3":null,"codarco4":null,"nomevia4":null,"codarco5":null,"nomevia5":null,"n_ciclovia":8}},{"type":"Feature","geometry":{"coordinates":[[11.304191641204428,44.49944975614372],[11.30418521734525,44.499557414251974],[11.304096166211703,44.499796948518984],[11.303882706960671,44.49999330562953],[11.303708454076684,44.500183266113076],[11.30357145071668,44.50031595183562],[11.303519893633807,44.50061675740917],[11.30347512781614,44.500889147664594],[11.303584495212219,44.5010624826],[11.303659868791168,44.5011628450775],[11.303222533685322,44.50134192266489],[11.303075714953131,44.50139628308702],[11.302240164727852,44.50160933110616],[11.30071084037373,44.501996277751076],[11.299854744200792,44.502212983827654],[11.29879842859052,44.50249487590725],[11.298160197090427,44.502672106620224],[11.297808765293329,44.502768916816585],[11.295071132931294,44.503581614498835],[11.293451008881979,44.504066771015644],[11.293181492212051,44.50414595205334],[11.293160481586703,44.50415199281536],[11.291595003979289,44.50461800008307]],"type":"LineString"},"properties":{"geo_point_2d":{"lon":11.298471173001458,"lat":44.502513326145845},"ente":"01","codice":1907,"codvia":57980,"nomevia":"VIALE PALMIRO TOGLIATTI","codviada":0,"nomeviada":null,"codviaa":0,"nomeviaa":null,"ordinanza":"4000\/343434","stato":"A","lunghezza":1243,"larghezza":0.0,"uso":3003,"duso":"Pedonale-Ciclabile","tipologia":6718,"dtipologia":"ciclabile contigua al pedonale","codarco1":2627,"nomevia1":"ROTONDA LUCIANO ROMAGNOLI","codarco2":2541,"nomevia2":"VIALE PALMIRO TOGLIATTI","codarco3":4546,"nomevia3":"VIALE PALMIRO TOGLIATTI","codarco4":null,"nomevia4":null,"codarco5":null,"nomevia5":null,"n_ciclovia":4}},{"type":"Feature","geometry":{"coordinates":[[11.356683469693893,44.48484001478483],[11.356576011511057,44.48478760738951],[11.356297327273454,44.4845818188875],[11.35611745262526,44.48470710885078],[11.355949998123393,44.48458899443966],[11.355780351876907,44.484540980517636],[11.355735970287785,44.48440476567954]],"type":"LineString"},"properties":{"geo_point_2d":{"lon":11.356182295231445,"lat":44.48464143028937},"ente":"01","codice":1590,"codvia":56150,"nomevia":"PIAZZA DI PORTA SANTO STEFANO","codviada":13150,"nomeviada":"VIALE GIOSUE' CARDUCCI","codviaa":28450,"nomeviaa":"VIALE GIOVANNI GOZZADINI","ordinanza":"4000\/343434","stato":"A","lunghezza":111,"larghezza":0.0,"uso":3003,"duso":"Pedonale-Ciclabile","tipologia":6718,"dtipologia":"ciclabile contigua al pedonale","codarco1":1515,"nomevia1":"PIAZZA DI PORTA SANTO STEFANO","codarco2":8907,"nomevia2":"PIAZZA DI PORTA SANTO STEFANO","codarco3":null,"nomevia3":null,"codarco4":null,"nomevia4":null,"codarco5":null,"nomevia5":null,"n_ciclovia":null}},{"type":"Feature","geometry":{"coordinates":[[11.302062055609758,44.495011111246235],[11.302778747710924,44.49633157825061]],"type":"LineString"},"properties":{"geo_point_2d":{"lon":11.302420401660342,"lat":44.49567134474843},"ente":"01","codice":2037,"codvia":0,"nomevia":null,"codviada":0,"nomeviada":null,"codviaa":0,"nomeviaa":null,"ordinanza":"4000\/343434","stato":"A","lunghezza":157,"larghezza":0.0,"uso":6708,"duso":"Percorso naturalistico","tipologia":6719,"dtipologia":"pavimentato","codarco1":null,"nomevia1":null,"codarco2":null,"nomevia2":null,"codarco3":null,"nomevia3":null,"codarco4":null,"nomevia4":null,"codarco5":null,"nomevia5":null,"n_ciclovia":null}},{"type":"Feature","geometry":{"coordinates":[[11.356498034818063,44.50968672095899],[11.356915571038813,44.51044940674222],[11.356880062923306,44.510631791994],[11.35663546039708,44.510650515824835]],"type":"LineString"},"properties":{"geo_point_2d":{"lon":11.356743703135765,"lat":44.51024366477324},"ente":"01","codice":2220,"codvia":0,"nomevia":null,"codviada":0,"nomeviada":null,"codviaa":0,"nomeviaa":null,"ordinanza":"4000\/343434","stato":"A","lunghezza":131,"larghezza":0.0,"uso":3002,"duso":"Ciclabile","tipologia":2901,"dtipologia":"sede propria","codarco1":null,"nomevia1":null,"codarco2":null,"nomevia2":null,"codarco3":null,"nomevia3":null,"codarco4":null,"nomevia4":null,"codarco5":null,"nomevia5":null,"n_ciclovia":null}},{"type":"Feature","geometry":{"coordinates":[[[11.30999530102179,44.490165510288264],[11.309748730786822,44.49017324883157],[11.309418458115067,44.490226694467616],[11.309158485252086,44.49028421626144],[11.308422314557742,44.490519161416884],[11.308010830967115,44.49065891350092],[11.307511130459764,44.4908129439481],[11.307042861012077,44.49095689293678],[11.306799167508265,44.49102649455746],[11.30661876766602,44.49108162706375],[11.306381024074385,44.49115573451901],[11.30617858327235,44.491213292760264],[11.305902111930783,44.491286160714964],[11.305613974704086,44.49134340048026],[11.30541580401905,44.491367159833985],[11.30525583454943,44.49137826469323],[11.305093735831877,44.49138133762812],[11.304856590123343,44.491381290781995],[11.304639028394373,44.49137009071305],[11.30447152981851,44.491357892866176],[11.304436299949389,44.491353817783576],[11.304080589094108,44.49132625781131],[11.30380401907572,44.491304560626084],[11.303578195064835,44.49128410881568],[11.30338404385023,44.491263034125375],[11.30288762083315,44.49121168409422],[11.302484987172479,44.49116396166619],[11.302189767373578,44.49112192638983],[11.302039445063402,44.49109727440843],[11.301919923644288,44.49107015794933],[11.301772856905899,44.4910268940459]],[[11.301898534813981,44.49102665063064],[11.301772856905899,44.4910268940459],[11.301862015841007,44.49109033751439]],[[11.308465559782896,44.490486507954024],[11.308422314557742,44.490519161416884],[11.308485149695844,44.490517960311635]],[[11.307554954909422,44.49078068836387],[11.307511130459764,44.4908129439481],[11.307573982314413,44.49081231726897]],[[11.307086730062295,44.49092466840988],[11.307042861012077,44.49095689293678],[11.307105713777712,44.49095631078917]],[[11.302948516356498,44.49120058991402],[11.30288762083315,44.49121168409422],[11.302941658175701,44.49123466684741]],[[11.301898534813981,44.49102665063064],[11.301772856905899,44.4910268940459],[11.301862015841007,44.49109033751439]],[[11.308465559782896,44.490486507954024],[11.308422314557742,44.490519161416884],[11.308485149695844,44.490517960311635]],[[11.307554954909422,44.49078068836387],[11.307511130459764,44.4908129439481],[11.307573982314413,44.49081231726897]],[[11.307086730062295,44.49092466840988],[11.307042861012077,44.49095689293678],[11.307105713777712,44.49095631078917]],[[11.302948516356498,44.49120058991402],[11.30288762083315,44.49121168409422],[11.302941658175701,44.49123466684741]]],"type":"MultiLineString"},"properties":{"geo_point_2d":{"lon":11.30576820371711,"lat":44.490966672581344},"ente":"01","codice":1956,"codvia":47300,"nomevia":"VIA PORRETTANA","codviada":0,"nomeviada":null,"codviaa":0,"nomeviaa":null,"ordinanza":"4000\/343434","stato":"A","lunghezza":804,"larghezza":0.0,"uso":6709,"duso":"Itinerario ciclabile","tipologia":2902,"dtipologia":"corsia ciclabile su strada","codarco1":204,"nomevia1":"VIA PORRETTANA","codarco2":203,"nomevia2":"VIA PORRETTANA","codarco3":4209,"nomevia3":"VIA PORRETTANA","codarco4":null,"nomevia4":null,"codarco5":null,"nomevia5":null,"n_ciclovia":2}},{"type":"Feature","geometry":{"coordinates":[[11.369123980485355,44.485617626278966],[11.369874313104685,44.48533252768521],[11.370500099220795,44.48509509047961],[11.370938901752782,44.484935907498304],[11.371425438917068,44.48473953202092],[11.372465071374124,44.48433674899712],[11.372796263094274,44.484208092985575],[11.374494006474837,44.48354853806112],[11.375586969868376,44.48312792170204]],"type":"LineString"},"properties":{"geo_point_2d":{"lon":11.372357002317868,"lat":44.4843768503767},"ente":"01","codice":2136,"codvia":37300,"nomevia":"VIA MAZZINI","codviada":0,"nomeviada":null,"codviaa":0,"nomeviaa":null,"ordinanza":"4000\/343434","stato":"O","lunghezza":584,"larghezza":0.0,"uso":3002,"duso":"Ciclabile","tipologia":2902,"dtipologia":"corsia ciclabile su strada","codarco1":8327,"nomevia1":"VIA MAZZINI","codarco2":8343,"nomevia2":"VIA EMILIA LEVANTE","codarco3":8342,"nomevia3":"VIA MAZZINI","codarco4":8339,"nomevia4":"VIA MAZZINI","codarco5":1677,"nomevia5":"VIA MAZZINI","n_ciclovia":1}},{"type":"Feature","geometry":{"coordinates":[[11.312651813150534,44.51120910223345],[11.313489742737204,44.51279304018218],[11.31396000630622,44.51369752715358],[11.314255277159345,44.51426541314372],[11.314337712414929,44.51440154141774],[11.314413691753476,44.51448268783204],[11.314554662908666,44.514583951347014],[11.314654967948398,44.514630908558956],[11.314750270714438,44.51465960232486],[11.314862550888416,44.514684890837934],[11.314957126131391,44.51469521619658],[11.315064039908691,44.51469304795329],[11.315161919437772,44.514678819534886],[11.31525112765541,44.51466169688826],[11.315380493615592,44.51461240421834],[11.315839571386697,44.51434190201451],[11.316414003521523,44.513993545313376],[11.3171558133282,44.513532013128305],[11.317352710849077,44.51340087679628]],"type":"LineString"},"properties":{"geo_point_2d":{"lon":11.314652740659746,"lat":44.513494854618756},"ente":"01","codice":1095,"codvia":52260,"nomevia":"VIALE VITTORIO SABENA","codviada":0,"nomeviada":null,"codviaa":0,"nomeviaa":null,"ordinanza":"4000\/343434","stato":"O","lunghezza":683,"larghezza":0.0,"uso":3003,"duso":"Pedonale-Ciclabile","tipologia":0,"dtipologia":null,"codarco1":9201,"nomevia1":"VIALE VITTORIO SABENA","codarco2":null,"nomevia2":null,"codarco3":null,"nomevia3":null,"codarco4":null,"nomevia4":null,"codarco5":null,"nomevia5":null,"n_ciclovia":null}},{"type":"Feature","geometry":{"coordinates":[[11.31446160602123,44.49466920640547],[11.314699764796194,44.49471596140691],[11.315504358315518,44.49487391404894],[11.316117859473668,44.494994487298385],[11.316627987008557,44.49509375057947],[11.316757274621267,44.495120814602664],[11.316923511413954,44.4951474609117],[11.317058475366109,44.495163943858294],[11.317209114971053,44.49517865145157],[11.317417377688134,44.49519021885788],[11.31790407029237,44.495214440413406],[11.318437585940245,44.49523953591703]],"type":"LineString"},"properties":{"geo_point_2d":{"lon":11.316441434570821,"lat":44.49502016903813},"ente":"01","codice":2113,"codvia":18000,"nomevia":"VIA ANDREA COSTA","codviada":7440,"nomeviada":"ROTONDA FULVIO BERNARDINI","codviaa":18600,"nomeviaa":"VIA DELLA CROCETTA","ordinanza":"4000\/343434","stato":"O","lunghezza":324,"larghezza":0.0,"uso":3002,"duso":"Ciclabile","tipologia":2902,"dtipologia":"corsia ciclabile su strada","codarco1":9088,"nomevia1":"VIA ANDREA COSTA","codarco2":9083,"nomevia2":"VIA ANDREA COSTA","codarco3":7263,"nomevia3":"VIA ANDREA COSTA","codarco4":7264,"nomevia4":"VIA ANDREA COSTA","codarco5":336,"nomevia5":"VIA ANDREA COSTA","n_ciclovia":3}},{"type":"Feature","geometry":{"coordinates":[[11.313502072878228,44.49780165562135],[11.313743276278105,44.49775190476633],[11.314677812906735,44.49759618130279],[11.315002602423528,44.49755803717251],[11.315295923745119,44.49754156027759],[11.315783761046365,44.49751291320343],[11.316098979607386,44.4974929304252],[11.316503430105305,44.497475895192444],[11.316842148981458,44.49745694642439],[11.317118490658597,44.49743196739176],[11.31750418125103,44.497373275884804],[11.317812893236276,44.497325576576316],[11.318009020600739,44.4972808196522],[11.318242212188888,44.49720553785435],[11.318790741592634,44.49701189300931]],"type":"LineString"},"properties":{"geo_point_2d":{"lon":11.31616152464298,"lat":44.49746999861},"ente":"01","codice":2116,"codvia":58000,"nomevia":"VIA TOLMINO","codviada":0,"nomeviada":null,"codviaa":0,"nomeviaa":null,"ordinanza":"4000\/343434","stato":"O","lunghezza":433,"larghezza":0.0,"uso":3002,"duso":"Ciclabile","tipologia":2902,"dtipologia":"corsia ciclabile su strada","codarco1":9533,"nomevia1":"VIA TOLMINO","codarco2":9534,"nomevia2":"VIA TOLMINO","codarco3":358,"nomevia3":"VIA TOLMINO","codarco4":4231,"nomevia4":"VIA TOLMINO","codarco5":null,"nomevia5":null,"n_ciclovia":4}},{"type":"Feature","geometry":{"coordinates":[[11.366409609026753,44.52695187471951],[11.366466319797468,44.527053925153595]],"type":"LineString"},"properties":{"geo_point_2d":{"lon":11.36643796441211,"lat":44.52700289993655},"ente":"01","codice":310,"codvia":0,"nomevia":null,"codviada":0,"nomeviada":null,"codviaa":0,"nomeviaa":null,"ordinanza":"4000\/343434","stato":"A","lunghezza":12,"larghezza":0.0,"uso":3002,"duso":"Ciclabile","tipologia":2901,"dtipologia":"sede propria","codarco1":null,"nomevia1":null,"codarco2":null,"nomevia2":null,"codarco3":null,"nomevia3":null,"codarco4":null,"nomevia4":null,"codarco5":null,"nomevia5":null,"n_ciclovia":null}},{"type":"Feature","geometry":{"coordinates":[[11.321034932584048,44.49716328708219],[11.321797596265455,44.49712968970964]],"type":"LineString"},"properties":{"geo_point_2d":{"lon":11.321416264424752,"lat":44.49714648839591},"ente":"01","codice":829,"codvia":52300,"nomevia":"VIA SABOTINO","codviada":29650,"nomeviada":"VIA OLINDO GUERRINI","codviaa":39750,"nomeviaa":"VIA MONTENERO","ordinanza":"4000\/343434","stato":"A","lunghezza":61,"larghezza":0.0,"uso":3003,"duso":"Pedonale-Ciclabile","tipologia":6718,"dtipologia":"ciclabile contigua al pedonale","codarco1":9667,"nomevia1":"VIA SABOTINO","codarco2":null,"nomevia2":null,"codarco3":null,"nomevia3":null,"codarco4":null,"nomevia4":null,"codarco5":null,"nomevia5":null,"n_ciclovia":4}},{"type":"Feature","geometry":{"coordinates":[[11.361017882281468,44.52447753728258],[11.360669854074425,44.52410528217016]],"type":"LineString"},"properties":{"geo_point_2d":{"lon":11.360843868177946,"lat":44.524291409726374},"ente":"01","codice":953,"codvia":0,"nomevia":null,"codviada":0,"nomeviada":null,"codviaa":0,"nomeviaa":null,"ordinanza":"4000\/343434","stato":"A","lunghezza":50,"larghezza":0.0,"uso":3002,"duso":"Ciclabile","tipologia":2901,"dtipologia":"sede propria","codarco1":null,"nomevia1":null,"codarco2":null,"nomevia2":null,"codarco3":null,"nomevia3":null,"codarco4":null,"nomevia4":null,"codarco5":null,"nomevia5":null,"n_ciclovia":null}},{"type":"Feature","geometry":{"coordinates":[[[11.336180448542722,44.51692728725613],[11.336212435288484,44.51693995533512],[11.336234165238324,44.516956326789],[11.336251940040128,44.51697510150001],[11.336264802739196,44.51699281592846],[11.336274115376925,44.517020523608565],[11.336272490533043,44.517043117274866],[11.336262264822487,44.517071162896414],[11.336239801745291,44.51709714519258],[11.336210642741015,44.51711803483844],[11.336173179712446,44.51713388171735],[11.336109942705008,44.517140734870864]],[[11.336217618700859,44.517094236042965],[11.336109942705008,44.517140734870864],[11.336232032666874,44.51716233332532]],[[11.336217618700859,44.517094236042965],[11.336109942705008,44.517140734870864],[11.336232032666874,44.51716233332532]]],"type":"MultiLineString"},"properties":{"geo_point_2d":{"lon":11.33619000823774,"lat":44.51709837025147},"ente":"01","codice":867,"codvia":28440,"nomevia":"ROTONDA BITTISIA GOZZADINI","codviada":27950,"nomeviada":"VIA PIERO GOBETTI","codviaa":27950,"nomeviaa":"VIA PIERO GOBETTI","ordinanza":"4000\/343434","stato":"A","lunghezza":74,"larghezza":0.0,"uso":3003,"duso":"Pedonale-Ciclabile","tipologia":6718,"dtipologia":"ciclabile contigua al pedonale","codarco1":10631,"nomevia1":"ROTONDA BITTISIA GOZZADINI","codarco2":10630,"nomevia2":"ROTONDA BITTISIA GOZZADINI","codarco3":null,"nomevia3":null,"codarco4":null,"nomevia4":null,"codarco5":null,"nomevia5":null,"n_ciclovia":null}},{"type":"Feature","geometry":{"coordinates":[[11.318387706349265,44.5243411453668],[11.318349477359224,44.5243958288651],[11.31807623564495,44.525060664575776],[11.317938353078896,44.52537430247692],[11.31781458590879,44.525608884344166],[11.317700692855711,44.52580181092352],[11.317613912341765,44.525948605213905],[11.317459568470678,44.52614645368097],[11.317294319979101,44.52636109726367],[11.316998150370916,44.526777285870914],[11.316931989413277,44.52686148552217],[11.316832401241498,44.5269794984967],[11.31663393188583,44.527232096908726],[11.316485495893424,44.52744212127917],[11.316347772955972,44.52763937279118],[11.316264005920859,44.52772792607375],[11.316124707361526,44.52788378299084],[11.315944931560619,44.52804453909966],[11.315860218716878,44.52810825267004]],"type":"LineString"},"properties":{"geo_point_2d":{"lon":11.317255651185802,"lat":44.52631323732776},"ente":"01","codice":2120,"codvia":63100,"nomevia":"VIA FRANCESCO ZANARDI","codviada":750,"nomeviada":"VIA AGUCCHI","codviaa":54250,"nomeviaa":"VIA DELLA SELVA PESCAROLA","ordinanza":"4000\/343434","stato":"O","lunghezza":467,"larghezza":0.0,"uso":3002,"duso":"Ciclabile","tipologia":2902,"dtipologia":"corsia ciclabile su strada","codarco1":8059,"nomevia1":"VIA FRANCESCO ZANARDI","codarco2":8061,"nomevia2":"VIA FRANCESCO ZANARDI","codarco3":8060,"nomevia3":"VIA FRANCESCO ZANARDI","codarco4":6014,"nomevia4":"VIA FRANCESCO ZANARDI","codarco5":6013,"nomevia5":"VIA FRANCESCO ZANARDI","n_ciclovia":5}},{"type":"Feature","geometry":{"coordinates":[[11.367991197942732,44.53460291924481],[11.368096204092586,44.53491586707585],[11.368217516825673,44.53526022332368],[11.368266627907166,44.535393256943486],[11.368355616252767,44.53556166330336],[11.36841221546873,44.53564820954235],[11.36846867607162,44.53573132757266],[11.368535254582884,44.53582627490122],[11.368639239249143,44.5359531514674],[11.368730813062909,44.536058451517015],[11.368844987735207,44.53619533542066],[11.368958346693503,44.53633369580321],[11.369091781602126,44.536503257234116],[11.369221557006254,44.53667282498342],[11.369360621215263,44.53686399616039],[11.36949548444141,44.53711141505906],[11.369608892340562,44.537304122163576],[11.369675074199096,44.53750559839275],[11.369751831004349,44.5377336959963],[11.369840658680213,44.53799324857544],[11.369878942777193,44.53809727945262],[11.369949830036678,44.538240380104284],[11.370035967983503,44.5384038425369],[11.370095807694872,44.5384919472258],[11.370163959882833,44.5385923237332],[11.370282774400152,44.53873454653198],[11.370448649057055,44.53890896842374],[11.37062887297118,44.5390725333315],[11.370785693050934,44.53921488758309],[11.37086146918165,44.53928369400348],[11.37115763900822,44.539687517811366],[11.371344930485806,44.5399465888143],[11.371537443721765,44.54022768208832],[11.371761874201946,44.54057806397499],[11.37195252307645,44.540892030991444],[11.372108065903483,44.5411687606109],[11.372205575935077,44.541344986236666],[11.372561129488298,44.5419643145576],[11.372634409640222,44.54208945445322],[11.37267985463957,44.54216705630208],[11.37280222859848,44.54241167395803],[11.373000990760364,44.54297040026681],[11.373087562890522,44.543196115381505],[11.373138271570385,44.54330436968014],[11.373223155717463,44.54342910928012],[11.37329499679799,44.54350668538959],[11.37336634637253,44.54357320554369],[11.37345798300609,44.54364430756317],[11.373562931529593,44.54372572523634],[11.373784354083071,44.54386494305033],[11.374072663337778,44.544048724752564],[11.374298194907047,44.54419490515741],[11.374663494562924,44.54442032130331],[11.374871476166474,44.54452018881802],[11.375129014617736,44.544644505167746],[11.375203836879182,44.54468062235377],[11.375459830539437,44.54478294626683],[11.375552957757503,44.54482017023016],[11.37576609845579,44.54488677184241],[11.375936266304985,44.54493217118868],[11.376120295984576,44.544962698711764],[11.37630932388599,44.54498238317917],[11.37651220333565,44.54499751877986],[11.37674287077489,44.54501152958923],[11.37696558970006,44.54503607288949],[11.377114582943104,44.545060739710976],[11.377271286351961,44.5451016747033],[11.3773838466272,44.54514551626688],[11.377519334309353,44.54520701593823],[11.377620949893387,44.54527092731193],[11.377779054054152,44.545383405828346],[11.37789018768829,44.545486622736355],[11.377950972621045,44.54556779971971],[11.379079001991405,44.54712280028787],[11.379314025657228,44.547447507948014],[11.37956944984969,44.54780375757525],[11.379631230252416,44.54788990998606],[11.379720574697375,44.54798452996458],[11.379861938642211,44.54809244587383],[11.380016414596076,44.548178515543796],[11.380092798036339,44.54822107110745],[11.380385617344254,44.548321735964976],[11.380578867368838,44.54837189972158],[11.380715099998044,44.54840726001977],[11.380917019614909,44.548438530930895],[11.380969732911378,44.548444363177474]],"type":"LineString"},"properties":{"geo_point_2d":{"lon":11.373811248660468,"lat":44.5422801203091},"ente":"01","codice":2126,"codvia":22400,"nomevia":"VIA FERRARESE","codviada":61660,"nomeviada":"ROTONDA VIGILI DEL FUOCO","codviaa":0,"nomeviaa":null,"ordinanza":"4000\/343434","stato":"O","lunghezza":1950,"larghezza":0.0,"uso":3002,"duso":"Ciclabile","tipologia":2902,"dtipologia":"corsia ciclabile su strada","codarco1":11007,"nomevia1":"VIA FERRARESE","codarco2":6706,"nomevia2":"VIA FERRARESE","codarco3":6707,"nomevia3":"VIA FERRARESE","codarco4":4847,"nomevia4":"VIA FERRARESE","codarco5":null,"nomevia5":null,"n_ciclovia":7}},{"type":"Feature","geometry":{"coordinates":[[11.35756452949462,44.48991552385286],[11.357679721556462,44.489923775756964],[11.357773314669236,44.489938121700014],[11.35786094821908,44.48993344226083],[11.357951643966073,44.489905811167425],[11.358458649056727,44.489652728368604],[11.358696193384757,44.48953415348783],[11.35899535790485,44.489412324421245],[11.359430837843144,44.48925463235329],[11.359943562866816,44.48906444093823],[11.360507027678269,44.488852319243605],[11.360994564627587,44.4886682663772],[11.361248907262047,44.488575222680275],[11.36166025561558,44.48842541457319],[11.361987085746211,44.488305191283686],[11.36245378253116,44.48813447443799]],"type":"LineString"},"properties":{"geo_point_2d":{"lon":11.360004377450531,"lat":44.48905300526015},"ente":"01","codice":2138,"codvia":37300,"nomevia":"VIA MAZZINI","codviada":33400,"nomeviada":"PIAZZA DI PORTA MAGGIORE","codviaa":59150,"nomeviaa":"PIAZZA TRENTO E TRIESTE","ordinanza":"4000\/343434","stato":"O","lunghezza":441,"larghezza":0.0,"uso":3002,"duso":"Ciclabile","tipologia":2902,"dtipologia":"corsia ciclabile su strada","codarco1":8330,"nomevia1":"VIA MAZZINI","codarco2":8333,"nomevia2":"VIA MAZZINI","codarco3":8334,"nomevia3":"VIA MAZZINI","codarco4":null,"nomevia4":null,"codarco5":null,"nomevia5":null,"n_ciclovia":1}},{"type":"Feature","geometry":{"coordinates":[[11.31343723067451,44.504141655155536],[11.31283982487777,44.503264515626846],[11.312338552455849,44.50253165868411],[11.311817198759659,44.501782119771775],[11.311410666076696,44.50119831735188],[11.310997344834481,44.5006096184661]],"type":"LineString"},"properties":{"geo_point_2d":{"lon":11.31222253022546,"lat":44.502372015243616},"ente":"01","codice":2145,"codvia":36250,"nomevia":"VIA MARZABOTTO","codviada":21400,"nomeviada":"VIA EMILIA PONENTE","codviaa":44650,"nomeviaa":"VIA PASUBIO","ordinanza":"4000\/343434","stato":"O","lunghezza":438,"larghezza":0.0,"uso":3002,"duso":"Ciclabile","tipologia":2902,"dtipologia":"corsia ciclabile su strada","codarco1":4568,"nomevia1":"VIA MARZABOTTO","codarco2":2645,"nomevia2":"VIA MARZABOTTO","codarco3":2657,"nomevia3":"VIA MARZABOTTO","codarco4":2641,"nomevia4":"VIA MARZABOTTO","codarco5":2642,"nomevia5":"VIA MARZABOTTO","n_ciclovia":null}},{"type":"Feature","geometry":{"coordinates":[[11.352926036557886,44.531117041590946],[11.352616423680947,44.53080513908633],[11.352401356341447,44.53055014056728],[11.352308722165164,44.53042002823272],[11.35191787243646,44.52979626167304],[11.351715026807906,44.52949013974659],[11.351514941517289,44.52932641987447],[11.351304919032629,44.5290773619078],[11.35126929485876,44.5289396677425],[11.35113013327373,44.52853608714257],[11.350855809502637,44.52809296231154],[11.350691401924468,44.527747735992534],[11.350665401032387,44.527571164238964],[11.350674105408117,44.527453561053704],[11.350661859197123,44.52738576779721],[11.350451309871202,44.52701475672853],[11.350162864328494,44.52685566069225],[11.350075328406035,44.5267465553324],[11.34949764619547,44.525167607749964],[11.349472835515838,44.52509455184699]],"type":"LineString"},"properties":{"geo_point_2d":{"lon":11.351018124743941,"lat":44.528199679117996},"ente":"01","codice":2082,"codvia":17950,"nomevia":"VIA DI CORTICELLA","codviada":18550,"nomeviada":"VIA DELLA CROCE COPERTA","codviaa":52450,"nomeviaa":"VIA DI SALICETO","ordinanza":"4000\/343434","stato":"O","lunghezza":736,"larghezza":0.0,"uso":3002,"duso":"Ciclabile","tipologia":2902,"dtipologia":"corsia ciclabile su strada","codarco1":3605,"nomevia1":"VIA DI CORTICELLA","codarco2":4014,"nomevia2":"VIA DI CORTICELLA","codarco3":4878,"nomevia3":"VIA DI CORTICELLA","codarco4":9079,"nomevia4":"VIA DI CORTICELLA","codarco5":10397,"nomevia5":"VIA DI CORTICELLA","n_ciclovia":6}},{"type":"Feature","geometry":{"coordinates":[[11.349472835515838,44.52509455184699],[11.349387850868734,44.52485569824678],[11.34923771737831,44.52449083707673],[11.34875007700431,44.5235180365179],[11.348421344830198,44.5228894399353],[11.34833597394134,44.52267618072929],[11.348247010878286,44.522425879202345],[11.348203776576453,44.52221828482361],[11.348189450774592,44.52204804758103],[11.34819345838103,44.521479836348576],[11.348237380069271,44.52090256654064],[11.348292916084088,44.520550350020685],[11.348302654200264,44.520394382284444],[11.34829908439428,44.520282108965986],[11.348194779654003,44.519666027712255],[11.34803079641324,44.518679059395716],[11.347809123856196,44.51734481487952]],"type":"LineString"},"properties":{"geo_point_2d":{"lon":11.348395173304725,"lat":44.521292880155876},"ente":"01","codice":2083,"codvia":17950,"nomevia":"VIA DI CORTICELLA","codviada":52450,"nomeviada":"VIA DI SALICETO","codviaa":44500,"nomeviaa":"VIA BARTOLOMEO PASSAROTTI","ordinanza":"4000\/343434","stato":"O","lunghezza":880,"larghezza":0.0,"uso":3002,"duso":"Ciclabile","tipologia":2902,"dtipologia":"corsia ciclabile su strada","codarco1":3572,"nomevia1":"VIA DI CORTICELLA","codarco2":3568,"nomevia2":"VIA DI CORTICELLA","codarco3":4739,"nomevia3":"VIA DI CORTICELLA","codarco4":3574,"nomevia4":"VIA DI CORTICELLA","codarco5":null,"nomevia5":null,"n_ciclovia":6}},{"type":"Feature","geometry":{"coordinates":[[11.24446784848814,44.52790788436336],[11.245916385699013,44.52741334329999]],"type":"LineString"},"properties":{"geo_point_2d":{"lon":11.245192117093577,"lat":44.52766061383167},"ente":"01","codice":2194,"codvia":0,"nomevia":null,"codviada":0,"nomeviada":null,"codviaa":0,"nomeviaa":null,"ordinanza":"4000\/343434","stato":"A","lunghezza":128,"larghezza":0.0,"uso":3003,"duso":"Pedonale-Ciclabile","tipologia":6718,"dtipologia":"ciclabile contigua al pedonale","codarco1":null,"nomevia1":null,"codarco2":null,"nomevia2":null,"codarco3":null,"nomevia3":null,"codarco4":null,"nomevia4":null,"codarco5":null,"nomevia5":null,"n_ciclovia":1}},{"type":"Feature","geometry":{"coordinates":[[11.362749665612771,44.52586272373383],[11.362892492674302,44.52603779067363]],"type":"LineString"},"properties":{"geo_point_2d":{"lon":11.362821079143536,"lat":44.52595025720373},"ente":"01","codice":312,"codvia":0,"nomevia":null,"codviada":0,"nomeviada":null,"codviaa":0,"nomeviaa":null,"ordinanza":"4000\/343434","stato":"A","lunghezza":23,"larghezza":0.0,"uso":3002,"duso":"Ciclabile","tipologia":2901,"dtipologia":"sede propria","codarco1":null,"nomevia1":null,"codarco2":null,"nomevia2":null,"codarco3":null,"nomevia3":null,"codarco4":null,"nomevia4":null,"codarco5":null,"nomevia5":null,"n_ciclovia":null}},{"type":"Feature","geometry":{"coordinates":[[11.28823942071839,44.488031333414405],[11.288358819572398,44.48830673698704],[11.288505468065072,44.488491293999736],[11.288630063961067,44.48860435151468],[11.288940970396533,44.488754332079154],[11.28936666079634,44.488758088795024],[11.28983175759577,44.488854012379385],[11.290154969360824,44.488913287254036]],"type":"LineString"},"properties":{"geo_point_2d":{"lon":11.289081392748212,"lat":44.48864363643196},"ente":"01","codice":815,"codvia":43880,"nomevia":"VIA PIO PANFILI","codviada":0,"nomeviada":null,"codviaa":0,"nomeviaa":null,"ordinanza":"4000\/343434","stato":"A","lunghezza":200,"larghezza":0.0,"uso":3002,"duso":"Ciclabile","tipologia":2901,"dtipologia":"sede propria","codarco1":8,"nomevia1":"VIA PIO PANFILI","codarco2":null,"nomevia2":null,"codarco3":null,"nomevia3":null,"codarco4":null,"nomevia4":null,"codarco5":null,"nomevia5":null,"n_ciclovia":3}},{"type":"Feature","geometry":{"coordinates":[[11.360900157121637,44.5013538504941],[11.360796503093239,44.50122024735924],[11.36026438039877,44.50055085263213],[11.360074928403069,44.500318243684404],[11.359843810951892,44.500046583253685],[11.359741813677518,44.499935634751594]],"type":"LineString"},"properties":{"geo_point_2d":{"lon":11.360328796812757,"lat":44.50063822797703},"ente":"01","codice":919,"codvia":20500,"nomevia":"VIA SAN DONATO","codviada":0,"nomeviada":null,"codviaa":0,"nomeviaa":null,"ordinanza":"4000\/343434","stato":"A","lunghezza":183,"larghezza":0.0,"uso":3003,"duso":"Pedonale-Ciclabile","tipologia":6718,"dtipologia":"ciclabile contigua al pedonale","codarco1":7731,"nomevia1":"VIA SAN DONATO","codarco2":null,"nomevia2":null,"codarco3":null,"nomevia3":null,"codarco4":null,"nomevia4":null,"codarco5":null,"nomevia5":null,"n_ciclovia":8}},{"type":"Feature","geometry":{"coordinates":[[[11.326970695706231,44.499373751312056],[11.326602565848853,44.499526363089046],[11.325299208648492,44.49998301678348],[11.321688950715687,44.50126022981779]],[[11.321771769043274,44.50119251911418],[11.321688950715687,44.50126022981779],[11.321814411509118,44.501254261576634]],[[11.325340797438708,44.499949275063344],[11.325299208648492,44.49998301678348],[11.325361953129503,44.49998020437597]]],"type":"MultiLineString"},"properties":{"geo_point_2d":{"lon":11.324251156696027,"lat":44.50035392945631},"ente":"01","codice":1980,"codvia":52400,"nomevia":"VIA AURELIO SAFFI","codviada":22200,"nomeviada":"PIAZZA DI PORTA S.FELICE","codviaa":34000,"nomeviaa":"VIA INNOCENZO MALVASIA","ordinanza":"4000\/343434","stato":"A","lunghezza":500,"larghezza":0.0,"uso":3002,"duso":"Ciclabile","tipologia":2901,"dtipologia":"sede propria","codarco1":2860,"nomevia1":"VIA AURELIO SAFFI","codarco2":2864,"nomevia2":"PIAZZA DI PORTA S.FELICE","codarco3":2727,"nomevia3":"VIA AURELIO SAFFI","codarco4":2708,"nomevia4":"VIA AURELIO SAFFI","codarco5":2712,"nomevia5":"VIA AURELIO SAFFI","n_ciclovia":1}},{"type":"Feature","geometry":{"coordinates":[[11.278171566841147,44.50281039392862],[11.278279907527411,44.50287886621209],[11.278629345772185,44.50310394388688],[11.279064409590003,44.5033843131462],[11.279649399009905,44.50375804225046],[11.280075410873831,44.50403030810471],[11.280272725685483,44.50416616799707],[11.280345426008255,44.50421622472006],[11.280511524421245,44.50432883928338],[11.280540230693445,44.50435037718651],[11.280812285977014,44.5045544944538],[11.281203802724251,44.50486389589786]],"type":"LineString"},"properties":{"geo_point_2d":{"lon":11.27970647238501,"lat":44.50381044970407},"ente":"01","codice":745,"codvia":52580,"nomevia":"VIALE GAETANO SALVEMINI","codviada":0,"nomeviada":null,"codviaa":0,"nomeviaa":null,"ordinanza":"4000\/343434","stato":"A","lunghezza":332,"larghezza":0.0,"uso":3003,"duso":"Pedonale-Ciclabile","tipologia":6718,"dtipologia":"ciclabile contigua al pedonale","codarco1":2486,"nomevia1":"VIALE GAETANO SALVEMINI","codarco2":4536,"nomevia2":"VIALE GAETANO SALVEMINI","codarco3":null,"nomevia3":null,"codarco4":null,"nomevia4":null,"codarco5":null,"nomevia5":null,"n_ciclovia":4}},{"type":"Feature","geometry":{"coordinates":[[11.346947909763086,44.50988873053091],[11.346763213413663,44.509249762089965]],"type":"LineString"},"properties":{"geo_point_2d":{"lon":11.346855561588374,"lat":44.509569246310434},"ente":"01","codice":1711,"codvia":37100,"nomevia":"VIA GIACOMO MATTEOTTI","codviada":22400,"nomeviada":"VIA FERRARESE","codviaa":1600,"nomeviaa":"VIA ALESSANDRO ALGARDI","ordinanza":"4000\/343434","stato":"A","lunghezza":73,"larghezza":0.0,"uso":3002,"duso":"Ciclabile","tipologia":6715,"dtipologia":"corsia preferenziale bus\/bici","codarco1":4665,"nomevia1":"VIA GIACOMO MATTEOTTI","codarco2":null,"nomevia2":null,"codarco3":null,"nomevia3":null,"codarco4":null,"nomevia4":null,"codarco5":null,"nomevia5":null,"n_ciclovia":6}},{"type":"Feature","geometry":{"coordinates":[[11.348669482053527,44.48533278517119],[11.355753249183286,44.484457797791706]],"type":"LineString"},"properties":{"geo_point_2d":{"lon":11.352211365618405,"lat":44.48489529148145},"ente":"01","codice":2047,"codvia":28450,"nomevia":"VIALE GIOVANNI GOZZADINI","codviada":0,"nomeviada":null,"codviaa":0,"nomeviaa":null,"ordinanza":"4000\/343434","stato":"A","lunghezza":572,"larghezza":0.0,"uso":3002,"duso":"Ciclabile","tipologia":2901,"dtipologia":"sede propria","codarco1":866,"nomevia1":"VIALE GIOVANNI GOZZADINI","codarco2":1512,"nomevia2":"VIALE GIOVANNI GOZZADINI","codarco3":8903,"nomevia3":"VIALE GIOVANNI GOZZADINI","codarco4":4345,"nomevia4":"VIALE GIOVANNI GOZZADINI","codarco5":null,"nomevia5":null,"n_ciclovia":null}},{"type":"Feature","geometry":{"coordinates":[[[11.335962267051736,44.517040969385484],[11.335962074905678,44.517023381933726],[11.33596757505033,44.51699890818349],[11.335977332174526,44.516979568742066],[11.33599366884608,44.51696241746377],[11.336012524083522,44.51694752785751],[11.336030714339675,44.51693613594879],[11.336049066974251,44.51692880075985],[11.33607794220163,44.51692124990096],[11.33610377186083,44.516918397936955],[11.336125292849546,44.51691823591677],[11.336152266055208,44.516920698994994],[11.336180448542722,44.51692728725613]],[[11.336138650298269,44.51692959212479],[11.336180448542722,44.51692728725613],[11.336148615148968,44.51690776933657]],[[11.336055053808277,44.51693420182165],[11.336180448542722,44.51692728725613],[11.336084948230296,44.51686873343816]]],"type":"MultiLineString"},"properties":{"geo_point_2d":{"lon":11.33609380771905,"lat":44.516933057217564},"ente":"01","codice":1147,"codvia":28440,"nomevia":"ROTONDA BITTISIA GOZZADINI","codviada":27950,"nomeviada":"VIA PIERO GOBETTI","codviaa":24780,"nomeviaa":"VIA YURI GAGARIN","ordinanza":"4000\/343434","stato":"A","lunghezza":53,"larghezza":0.0,"uso":3002,"duso":"Ciclabile","tipologia":2902,"dtipologia":"corsia ciclabile su strada","codarco1":11337,"nomevia1":"ROTONDA BITTISIA GOZZADINI","codarco2":11336,"nomevia2":"ROTONDA BITTISIA GOZZADINI","codarco3":null,"nomevia3":null,"codarco4":null,"nomevia4":null,"codarco5":null,"nomevia5":null,"n_ciclovia":null}},{"type":"Feature","geometry":{"coordinates":[[[11.35387229818716,44.53216493470354],[11.353887781165344,44.53228005989105],[11.353923976776507,44.532433644098305],[11.353974608258149,44.53258216046698],[11.354068735455504,44.53284021111391],[11.354174656453992,44.53309871960738],[11.354227897973487,44.53325350963246],[11.354382127208241,44.533721211624226],[11.354400765570134,44.53383498405645],[11.354412666047361,44.53390762614785],[11.354443108078847,44.53411416329564],[11.354497569039943,44.53445849638238],[11.35458067561137,44.53477203972566],[11.354628618823567,44.53487544005981],[11.354710661573193,44.535058952791985],[11.354970060383957,44.53551423955527],[11.355430978274955,44.53618383663587],[11.355964993135894,44.53701945963799],[11.356142228623,44.537353067040684],[11.35631293974904,44.5376612738106],[11.356482420558695,44.53801371681419],[11.356525820990875,44.538147397614686],[11.356552925293457,44.53827283448435],[11.35650664000969,44.53875500675079],[11.356218662888244,44.54105061273521],[11.35618187440561,44.541333178258235],[11.356158842153626,44.54155451310838]],[[11.35611934286201,44.54146911458041],[11.356158842153626,44.54155451310838],[11.356215591045755,44.54147414924434]],[[11.354345379955644,44.533684730557425],[11.354382127208241,44.533721211624226],[11.35439226291615,44.533676994368214]],[[11.354467127224618,44.534419187605856],[11.354497569039943,44.53445849638238],[11.354514987160835,44.53441546323139]],[[11.35492588223999,44.535482223635036],[11.354970060383957,44.53551423955527],[11.354970516101321,44.53546939434859]],[[11.355383716685287,44.536154130130804],[11.355430978274955,44.53618383663587],[11.355426964501277,44.53613907542816]],[[11.355918935602785,44.53698879550456],[11.355964993135894,44.53701945963799],[11.355962793480092,44.536974639585374]],[[11.35609908186742,44.53732032237867],[11.356142228623,44.537353067040684],[11.356144162922735,44.53730824881991]],[[11.356440747814997,44.53798001211478],[11.356482420558695,44.53801371681419],[11.356486362645503,44.53796897020538]],[[11.356486547381833,44.53871247047042],[11.35650664000969,44.53875500675079],[11.356534667979908,44.53871489312868]],[[11.356199868423912,44.54100769439607],[11.356218662888244,44.54105061273521],[11.356247927065752,44.541010756816036]]],"type":"MultiLineString"},"properties":{"geo_point_2d":{"lon":11.355511142579276,"lat":44.53689102150665},"ente":"01","codice":2081,"codvia":17950,"nomevia":"VIA DI CORTICELLA","codviada":6950,"nomeviada":"VIA GENUZIO BENTINI","codviaa":56180,"nomeviaa":"VIA STENDHAL","ordinanza":"4000\/343434","stato":"A","lunghezza":1192,"larghezza":0.0,"uso":6709,"duso":"Itinerario ciclabile","tipologia":2902,"dtipologia":"corsia ciclabile su strada","codarco1":3863,"nomevia1":"VIA DI CORTICELLA","codarco2":3861,"nomevia2":"VIA DI CORTICELLA","codarco3":5884,"nomevia3":"VIA DI CORTICELLA","codarco4":5885,"nomevia4":"VIA DI CORTICELLA","codarco5":9599,"nomevia5":"VIA DI CORTICELLA","n_ciclovia":6}},{"type":"Feature","geometry":{"coordinates":[[11.368376955104798,44.50382971221438],[11.368149956338588,44.503760443470064],[11.367961757046803,44.50373294365004],[11.367618724665059,44.503761307122005],[11.36725412948927,44.50380670613918],[11.366772976118735,44.5039280105073],[11.3665409453866,44.5039784216285],[11.366341982452663,44.50401945799102],[11.36622119670802,44.50403934135218],[11.366093974947765,44.504050665922186],[11.365942369813741,44.5040602924268],[11.365799613252388,44.50406322362233],[11.36565954601961,44.504057424945294],[11.365550434274517,44.50404351915218],[11.365512879455146,44.504038731360914],[11.365365936117065,44.504013542035274],[11.36525878343316,44.5039908936995],[11.365127208863518,44.50395602264647],[11.364964539000445,44.50390598446327]],"type":"LineString"},"properties":{"geo_point_2d":{"lon":11.366670607468961,"lat":44.50391092848694},"ente":"01","codice":2128,"codvia":20500,"nomevia":"VIA SAN DONATO","codviada":0,"nomeviada":null,"codviaa":0,"nomeviaa":null,"ordinanza":"4000\/343434","stato":"O","lunghezza":281,"larghezza":0.0,"uso":3002,"duso":"Ciclabile","tipologia":2902,"dtipologia":"corsia ciclabile su strada","codarco1":11334,"nomevia1":"ROTONDA AMEDEO BIAVATI","codarco2":10601,"nomevia2":"VIA SAN DONATO","codarco3":6197,"nomevia3":null,"codarco4":null,"nomevia4":null,"codarco5":null,"nomevia5":null,"n_ciclovia":8}},{"type":"Feature","geometry":{"coordinates":[[11.357092962394562,44.49403604847333],[11.357215495303905,44.493998363038806],[11.357305395459225,44.49400055776181],[11.357368449780154,44.49399259483711],[11.357488666446187,44.49397741232686],[11.357685094513945,44.49394428008697],[11.357843621334395,44.49391191277263],[11.358061539499813,44.493854903522674],[11.358457544804986,44.49375150502741],[11.359034873256517,44.49357261014693],[11.359753158963763,44.49334836546382],[11.360460097111536,44.49314420776993],[11.361356080834225,44.49291438022547],[11.361815228245007,44.49279659922807],[11.362377206289253,44.49265826434283],[11.3631461881869,44.49246019574006],[11.363667779667203,44.4923235060084],[11.363896256195972,44.49226818362534],[11.364041147224007,44.4922436611809],[11.364211175565831,44.49222426938125],[11.364403710737236,44.49221626017332],[11.364533115829156,44.492218686086765],[11.364680094551476,44.49222576504281]],"type":"LineString"},"properties":{"geo_point_2d":{"lon":11.360876239484561,"lat":44.49307043453749},"ente":"01","codice":2133,"codvia":36800,"nomevia":"VIA GIUSEPPE MASSARENTI","codviada":0,"nomeviada":null,"codviaa":0,"nomeviaa":null,"ordinanza":"4000\/343434","stato":"O","lunghezza":640,"larghezza":0.0,"uso":3002,"duso":"Ciclabile","tipologia":2902,"dtipologia":"corsia ciclabile su strada","codarco1":8110,"nomevia1":"VIA GIUSEPPE MASSARENTI","codarco2":8111,"nomevia2":"VIA GIUSEPPE MASSARENTI","codarco3":1780,"nomevia3":"VIA GIUSEPPE MASSARENTI","codarco4":1730,"nomevia4":"VIA GIUSEPPE MASSARENTI","codarco5":1728,"nomevia5":"VIA GIUSEPPE MASSARENTI","n_ciclovia":9}},{"type":"Feature","geometry":{"coordinates":[[11.314461974388697,44.494668850940066],[11.31410507084707,44.494609263274555]],"type":"LineString"},"properties":{"geo_point_2d":{"lon":11.314283522617883,"lat":44.494639057107314},"ente":"01","codice":307,"codvia":0,"nomevia":null,"codviada":0,"nomeviada":null,"codviaa":0,"nomeviaa":null,"ordinanza":"4000\/343434","stato":"O","lunghezza":29,"larghezza":0.0,"uso":3002,"duso":"Ciclabile","tipologia":2902,"dtipologia":"corsia ciclabile su strada","codarco1":null,"nomevia1":null,"codarco2":null,"nomevia2":null,"codarco3":null,"nomevia3":null,"codarco4":null,"nomevia4":null,"codarco5":null,"nomevia5":null,"n_ciclovia":null}},{"type":"Feature","geometry":{"coordinates":[[11.398047304200738,44.471267010457495],[11.399192567292394,44.47080557059203]],"type":"LineString"},"properties":{"geo_point_2d":{"lon":11.398619935746567,"lat":44.471036290524765},"ente":"01","codice":303,"codvia":0,"nomevia":null,"codviada":0,"nomeviada":null,"codviaa":0,"nomeviaa":null,"ordinanza":"4000\/343434","stato":"A","lunghezza":105,"larghezza":0.0,"uso":3002,"duso":"Ciclabile","tipologia":2901,"dtipologia":"sede propria","codarco1":null,"nomevia1":null,"codarco2":null,"nomevia2":null,"codarco3":null,"nomevia3":null,"codarco4":null,"nomevia4":null,"codarco5":null,"nomevia5":null,"n_ciclovia":1}},{"type":"Feature","geometry":{"coordinates":[[11.367216824935094,44.53140652389831],[11.367141797332602,44.53070804428609],[11.366878801383992,44.529578089573306],[11.366858865645538,44.529405039384606],[11.366896388654865,44.52927480295021],[11.366887217275929,44.52885749615012],[11.366795514949107,44.527965172424295]],"type":"LineString"},"properties":{"geo_point_2d":{"lon":11.366974480931937,"lat":44.52968906380019},"ente":"01","codice":691,"codvia":55950,"nomevia":"VIA STALINGRADO","codviada":0,"nomeviada":null,"codviaa":0,"nomeviaa":null,"ordinanza":"4000\/343434","stato":"A","lunghezza":385,"larghezza":0.0,"uso":3002,"duso":"Ciclabile","tipologia":2901,"dtipologia":"sede propria","codarco1":3644,"nomevia1":null,"codarco2":null,"nomevia2":null,"codarco3":null,"nomevia3":null,"codarco4":null,"nomevia4":null,"codarco5":null,"nomevia5":null,"n_ciclovia":7}},{"type":"Feature","geometry":{"coordinates":[[11.262954939944509,44.50375499922394],[11.262917403345183,44.50374758058839],[11.262882255188336,44.503727804993524],[11.262851408940072,44.50367101901043],[11.262800758255143,44.50362080301457],[11.262739129678032,44.503583125468715],[11.262692212162449,44.503555395523286],[11.262365357949088,44.503031082977785],[11.262341344461388,44.503002877657266],[11.262300231308261,44.50297708462443],[11.262257450674433,44.502970193654235]],"type":"LineString"},"properties":{"geo_point_2d":{"lon":11.262596598116032,"lat":44.50337172553326},"ente":"01","codice":699,"codvia":0,"nomevia":null,"codviada":0,"nomeviada":null,"codviaa":0,"nomeviaa":null,"ordinanza":"4000\/343434","stato":"A","lunghezza":107,"larghezza":0.0,"uso":3002,"duso":"Ciclabile","tipologia":2901,"dtipologia":"sede propria","codarco1":null,"nomevia1":null,"codarco2":null,"nomevia2":null,"codarco3":null,"nomevia3":null,"codarco4":null,"nomevia4":null,"codarco5":null,"nomevia5":null,"n_ciclovia":4}},{"type":"Feature","geometry":{"coordinates":[[11.324694025072672,44.51723683774597],[11.324722935023365,44.51717624239652],[11.324810000512022,44.516887454351476],[11.324885282651682,44.51660662650239],[11.324902783143681,44.51654587812762]],"type":"LineString"},"properties":{"geo_point_2d":{"lon":11.324804894489713,"lat":44.51689365008892},"ente":"01","codice":401,"codvia":63100,"nomevia":"VIA FRANCESCO ZANARDI","codviada":0,"nomeviada":null,"codviaa":61300,"nomeviaa":"VIA AMERIGO VESPUCCI","ordinanza":"4000\/343434","stato":"O","lunghezza":79,"larghezza":0.0,"uso":3002,"duso":"Ciclabile","tipologia":2902,"dtipologia":"corsia ciclabile su strada","codarco1":2831,"nomevia1":"VIA FRANCESCO ZANARDI","codarco2":5140,"nomevia2":"VIA FRANCESCO ZANARDI","codarco3":null,"nomevia3":null,"codarco4":null,"nomevia4":null,"codarco5":null,"nomevia5":null,"n_ciclovia":5}},{"type":"Feature","geometry":{"coordinates":[[11.325966672068965,44.5131586794711],[11.326029836362032,44.51310167038098],[11.326139947225363,44.5130529204168],[11.326359622627583,44.512950085208914],[11.32655726158005,44.512869143613536],[11.32680183783897,44.51278971088165],[11.327156281157208,44.512684034841755],[11.327306897682966,44.51262168593085]],"type":"LineString"},"properties":{"geo_point_2d":{"lon":11.326624250576469,"lat":44.51286475686595},"ente":"01","codice":413,"codvia":0,"nomevia":null,"codviada":0,"nomeviada":null,"codviaa":0,"nomeviaa":null,"ordinanza":"4000\/343434","stato":"A","lunghezza":123,"larghezza":0.0,"uso":3002,"duso":"Ciclabile","tipologia":2901,"dtipologia":"sede propria","codarco1":null,"nomevia1":null,"codarco2":null,"nomevia2":null,"codarco3":null,"nomevia3":null,"codarco4":null,"nomevia4":null,"codarco5":null,"nomevia5":null,"n_ciclovia":null}},{"type":"Feature","geometry":{"coordinates":[[11.373288485987919,44.496407368209745],[11.373295574549504,44.49647050184181],[11.37312680984306,44.49745859907659],[11.373119336442695,44.49748399845573]],"type":"LineString"},"properties":{"geo_point_2d":{"lon":11.3732137577358,"lat":44.49694626446962},"ente":"01","codice":602,"codvia":41700,"nomevia":"VIA NUOVA","codviada":35000,"nomeviada":"VIA CARLOTTA MARCHIONNI","codviaa":58400,"nomeviaa":"VIA DELLA TORRETTA","ordinanza":"4000\/343434","stato":"A","lunghezza":121,"larghezza":0.0,"uso":3002,"duso":"Ciclabile","tipologia":2901,"dtipologia":"sede propria","codarco1":9774,"nomevia1":"VIA NUOVA","codarco2":null,"nomevia2":null,"codarco3":null,"nomevia3":null,"codarco4":null,"nomevia4":null,"codarco5":null,"nomevia5":null,"n_ciclovia":null}},{"type":"Feature","geometry":{"coordinates":[[11.354088199256385,44.50493808944402],[11.354221266971315,44.50520312979254],[11.354426117397722,44.50561967418334],[11.354528597433596,44.50582987713296],[11.354774031946068,44.506342529752445],[11.354948786107563,44.50669161506973]],"type":"LineString"},"properties":{"geo_point_2d":{"lon":11.354519228670881,"lat":44.50581449527556},"ente":"01","codice":449,"codvia":55950,"nomevia":"VIA STALINGRADO","codviada":0,"nomeviada":null,"codviaa":0,"nomeviaa":null,"ordinanza":"4000\/343434","stato":"A","lunghezza":207,"larghezza":0.0,"uso":3002,"duso":"Ciclabile","tipologia":2902,"dtipologia":"corsia ciclabile su strada","codarco1":4675,"nomevia1":"VIA STALINGRADO","codarco2":null,"nomevia2":null,"codarco3":null,"nomevia3":null,"codarco4":null,"nomevia4":null,"codarco5":null,"nomevia5":null,"n_ciclovia":null}},{"type":"Feature","geometry":{"coordinates":[[11.353542183695831,44.50382664528634],[11.353675050992248,44.504087264013265],[11.353820881975176,44.5043988234324],[11.353898994249171,44.504545576317],[11.354088199256385,44.50493808944402]],"type":"LineString"},"properties":{"geo_point_2d":{"lon":11.353816500444768,"lat":44.50438171441535},"ente":"01","codice":450,"codvia":55950,"nomevia":"VIA STALINGRADO","codviada":0,"nomeviada":null,"codviaa":0,"nomeviaa":null,"ordinanza":"4000\/343434","stato":"A","lunghezza":131,"larghezza":0.0,"uso":3002,"duso":"Ciclabile","tipologia":2902,"dtipologia":"corsia ciclabile su strada","codarco1":7756,"nomevia1":"VIA STALINGRADO","codarco2":null,"nomevia2":null,"codarco3":null,"nomevia3":null,"codarco4":null,"nomevia4":null,"codarco5":null,"nomevia5":null,"n_ciclovia":null}},{"type":"Feature","geometry":{"coordinates":[[11.27032046427803,44.50247236723565],[11.270212493302244,44.50252247790387],[11.269808422630897,44.502671509634986],[11.269461320253441,44.502802027359756],[11.26922216511139,44.50287302112935],[11.268941652163011,44.502937960191076],[11.268758420152448,44.502976550837005]],"type":"LineString"},"properties":{"geo_point_2d":{"lon":11.269548337470534,"lat":44.50275276334369},"ente":"01","codice":504,"codvia":0,"nomevia":null,"codviada":0,"nomeviada":null,"codviaa":0,"nomeviaa":null,"ordinanza":"4000\/343434","stato":"A","lunghezza":137,"larghezza":0.0,"uso":6709,"duso":"Itinerario ciclabile","tipologia":6721,"dtipologia":"promiscuo veicolare","codarco1":null,"nomevia1":null,"codarco2":null,"nomevia2":null,"codarco3":null,"nomevia3":null,"codarco4":null,"nomevia4":null,"codarco5":null,"nomevia5":null,"n_ciclovia":4}},{"type":"Feature","geometry":{"coordinates":[[11.292132436985888,44.489350322117346],[11.291178765999138,44.489132265413446],[11.290730762035064,44.489038627959886],[11.290154969360824,44.488913287254036]],"type":"LineString"},"properties":{"geo_point_2d":{"lon":11.291144354549496,"lat":44.489128870127566},"ente":"01","codice":816,"codvia":0,"nomevia":null,"codviada":0,"nomeviada":null,"codviaa":0,"nomeviaa":null,"ordinanza":"4000\/343434","stato":"A","lunghezza":165,"larghezza":0.0,"uso":3002,"duso":"Ciclabile","tipologia":2901,"dtipologia":"sede propria","codarco1":null,"nomevia1":null,"codarco2":null,"nomevia2":null,"codarco3":null,"nomevia3":null,"codarco4":null,"nomevia4":null,"codarco5":null,"nomevia5":null,"n_ciclovia":3}},{"type":"Feature","geometry":{"coordinates":[[11.315329647324244,44.49627958030564],[11.31552274514955,44.496294601796485],[11.316346984451132,44.49640964138213],[11.31712508835816,44.4965433169543],[11.317241102735284,44.49656636608452],[11.317826525819974,44.49669825888303],[11.318212737312864,44.4967888192338],[11.318790741592634,44.49701189300931]],"type":"LineString"},"properties":{"geo_point_2d":{"lon":11.317078092848835,"lat":44.49656976390983},"ente":"01","codice":826,"codvia":60100,"nomevia":"VIA VALDOSSOLA","codviada":0,"nomeviada":null,"codviaa":0,"nomeviaa":null,"ordinanza":"4000\/343434","stato":"A","lunghezza":289,"larghezza":0.0,"uso":3003,"duso":"Pedonale-Ciclabile","tipologia":6718,"dtipologia":"ciclabile contigua al pedonale","codarco1":348,"nomevia1":"VIA VALDOSSOLA","codarco2":null,"nomevia2":null,"codarco3":null,"nomevia3":null,"codarco4":null,"nomevia4":null,"codarco5":null,"nomevia5":null,"n_ciclovia":null}},{"type":"Feature","geometry":{"coordinates":[[11.359737055815597,44.49993927797537],[11.359512671541358,44.49983070272226],[11.359447600551272,44.499793909610545],[11.359264157468905,44.49969446333288]],"type":"LineString"},"properties":{"geo_point_2d":{"lon":11.359499187654581,"lat":44.49981963503061},"ente":"01","codice":918,"codvia":20500,"nomevia":"VIA SAN DONATO","codviada":0,"nomeviada":null,"codviaa":0,"nomeviaa":null,"ordinanza":"4000\/343434","stato":"A","lunghezza":46,"larghezza":0.0,"uso":3003,"duso":"Pedonale-Ciclabile","tipologia":6718,"dtipologia":"ciclabile contigua al pedonale","codarco1":10149,"nomevia1":"ROTONDA SANT'EGIDIO","codarco2":10150,"nomevia2":"ROTONDA SANT'EGIDIO","codarco3":10145,"nomevia3":"VIA SAN DONATO","codarco4":null,"nomevia4":null,"codarco5":null,"nomevia5":null,"n_ciclovia":8}},{"type":"Feature","geometry":{"coordinates":[[11.255672022776732,44.50323529282518],[11.25719093431194,44.50276076160749],[11.256827237004613,44.50216626893275],[11.25692680117216,44.50213689364892],[11.257184928864378,44.502044178634634],[11.257368534994205,44.50198918296905],[11.257465021360415,44.50197367826848],[11.25758523543707,44.50197129756553],[11.257722609170708,44.501976130117974],[11.257883535627126,44.50198955271742],[11.258280029161572,44.50203600650476],[11.258642553050942,44.502077021412084],[11.258756803277839,44.50208377094135],[11.258906788285444,44.502086791563364],[11.259092332223448,44.502081530853964],[11.25935374311918,44.50207322421105],[11.259511812895994,44.502067013962474],[11.259834391410545,44.502057469526434],[11.260009634453928,44.502058456459984],[11.260121644159995,44.50206224309085],[11.260195703421193,44.502066787833094],[11.260259669913134,44.502083620298386],[11.260340054117142,44.50219524246148],[11.260413019591569,44.50232291749793],[11.260560651054236,44.50229466595755]],"type":"LineString"},"properties":{"geo_point_2d":{"lon":11.25795141852647,"lat":44.50235333796584},"ente":"01","codice":1247,"codvia":0,"nomevia":null,"codviada":0,"nomeviada":null,"codviaa":0,"nomeviaa":null,"ordinanza":"4000\/343434","stato":"A","lunghezza":524,"larghezza":0.0,"uso":3002,"duso":"Ciclabile","tipologia":2901,"dtipologia":"sede propria","codarco1":null,"nomevia1":null,"codarco2":null,"nomevia2":null,"codarco3":null,"nomevia3":null,"codarco4":null,"nomevia4":null,"codarco5":null,"nomevia5":null,"n_ciclovia":4}},{"type":"Feature","geometry":{"coordinates":[[11.36040521949384,44.50730937240017],[11.361028475865087,44.50665302126872],[11.361975572515476,44.50566923227249],[11.362071306492616,44.505623201282795]],"type":"LineString"},"properties":{"geo_point_2d":{"lon":11.361226336190116,"lat":44.50645039273129},"ente":"01","codice":931,"codvia":0,"nomevia":null,"codviada":0,"nomeviada":null,"codviaa":0,"nomeviaa":null,"ordinanza":"4000\/343434","stato":"A","lunghezza":230,"larghezza":0.0,"uso":3003,"duso":"Pedonale-Ciclabile","tipologia":6717,"dtipologia":"promiscuo ciclopedonale","codarco1":null,"nomevia1":null,"codarco2":null,"nomevia2":null,"codarco3":null,"nomevia3":null,"codarco4":null,"nomevia4":null,"codarco5":null,"nomevia5":null,"n_ciclovia":null}},{"type":"Feature","geometry":{"coordinates":[[11.366411885079664,44.52695191801172],[11.366237073460244,44.526917480230345],[11.366126617635627,44.52690874430642],[11.366063131365895,44.526917936965255],[11.365922480797101,44.526979136865684],[11.365747392699838,44.52705995324352],[11.365568477831818,44.527155025813244],[11.365492811158335,44.52718967412643],[11.365359493761012,44.5272144904689],[11.365267405483642,44.527224274963764],[11.36518134380785,44.527219757363106],[11.365090371634395,44.5272027394447],[11.365007817694048,44.52717609564929],[11.364920034524056,44.52712908189783],[11.364820868012742,44.52707285257209]],"type":"LineString"},"properties":{"geo_point_2d":{"lon":11.365610093204898,"lat":44.52707959867672},"ente":"01","codice":959,"codvia":0,"nomevia":null,"codviada":0,"nomeviada":null,"codviaa":0,"nomeviaa":null,"ordinanza":"4000\/343434","stato":"A","lunghezza":142,"larghezza":0.0,"uso":3002,"duso":"Ciclabile","tipologia":2901,"dtipologia":"sede propria","codarco1":null,"nomevia1":null,"codarco2":null,"nomevia2":null,"codarco3":null,"nomevia3":null,"codarco4":null,"nomevia4":null,"codarco5":null,"nomevia5":null,"n_ciclovia":7}},{"type":"Feature","geometry":{"coordinates":[[11.338339321566034,44.514212231543134],[11.338086703086933,44.51438878743885],[11.33805414553892,44.514417488110105],[11.337967262533446,44.514491197752],[11.337913497359958,44.51454046233393],[11.337851522219092,44.51460150819615],[11.337729047649564,44.51472590119085],[11.337581094624351,44.51493707675053],[11.337442083759814,44.515136869961204],[11.337334441561907,44.51529554565123],[11.337128503183417,44.51559641335139]],"type":"LineString"},"properties":{"geo_point_2d":{"lon":11.337684235182543,"lat":44.51485713599394},"ente":"01","codice":1145,"codvia":27950,"nomevia":"VIA PIERO GOBETTI","codviada":32760,"nomeviada":"VIA VITTORIO LUGLI","codviaa":5750,"nomeviaa":"VIA DEL BATTIFERRO","ordinanza":"4000\/343434","stato":"A","lunghezza":183,"larghezza":0.0,"uso":3002,"duso":"Ciclabile","tipologia":2901,"dtipologia":"sede propria","codarco1":3140,"nomevia1":"VIA PIERO GOBETTI","codarco2":null,"nomevia2":null,"codarco3":null,"nomevia3":null,"codarco4":null,"nomevia4":null,"codarco5":null,"nomevia5":null,"n_ciclovia":null}},{"type":"Feature","geometry":{"coordinates":[[11.337128503183417,44.51559641335139],[11.336712565324035,44.516177754198296],[11.336627763762005,44.516305688691766],[11.33644856909477,44.51656836250719],[11.336300144430396,44.51675452461062],[11.336250120230558,44.516824258728654],[11.336180448542722,44.51692728725613]],"type":"LineString"},"properties":{"geo_point_2d":{"lon":11.336655536764596,"lat":44.51626276310903},"ente":"01","codice":1146,"codvia":27950,"nomevia":"VIA PIERO GOBETTI","codviada":5750,"nomeviada":"VIA DEL BATTIFERRO","codviaa":28440,"nomeviaa":"ROTONDA BITTISIA GOZZADINI","ordinanza":"4000\/343434","stato":"A","lunghezza":166,"larghezza":0.0,"uso":3002,"duso":"Ciclabile","tipologia":2901,"dtipologia":"sede propria","codarco1":10633,"nomevia1":"VIA PIERO GOBETTI","codarco2":3138,"nomevia2":"VIA PIERO GOBETTI","codarco3":null,"nomevia3":null,"codarco4":null,"nomevia4":null,"codarco5":null,"nomevia5":null,"n_ciclovia":null}},{"type":"Feature","geometry":{"coordinates":[[11.367170002036083,44.48274082336245],[11.367558283940248,44.483322871816455],[11.367919883282838,44.48386129754197],[11.368300368792314,44.48442838876253],[11.36865449598683,44.48497230312042],[11.369123980481712,44.48561762618902],[11.369632614233794,44.48638934562181],[11.370066064468586,44.487026848066364],[11.370416457943199,44.487525052028616],[11.370737259440546,44.488037754946056],[11.371090155069023,44.48857479273064],[11.371364449475301,44.48895779067815],[11.371959111737418,44.48985044223385],[11.372281188430037,44.490319069417275],[11.372468063721842,44.490598698538605]],"type":"LineString"},"properties":{"geo_point_2d":{"lon":11.369818661526091,"lat":44.486670030861156},"ente":"01","codice":1528,"codvia":37700,"nomevia":"VIA PIETRO MENGOLI","codviada":0,"nomeviada":null,"codviaa":0,"nomeviaa":null,"ordinanza":"4000\/343434","stato":"A","lunghezza":970,"larghezza":0.0,"uso":3003,"duso":"Pedonale-Ciclabile","tipologia":6718,"dtipologia":"ciclabile contigua al pedonale","codarco1":1593,"nomevia1":"VIA LAURA BASSI VERATTI","codarco2":1645,"nomevia2":"VIA LAURA BASSI VERATTI","codarco3":1652,"nomevia3":"VIA PIETRO MENGOLI","codarco4":1654,"nomevia4":"VIA PIETRO MENGOLI","codarco5":1655,"nomevia5":"VIA PIETRO MENGOLI","n_ciclovia":null}},{"type":"Feature","geometry":{"coordinates":[[11.261135925700884,44.503318613667595],[11.261103882999786,44.503304904130275],[11.261073911516355,44.503270646748234],[11.260721997620863,44.50268921674445],[11.260626925399052,44.502527090140795],[11.260589804215794,44.50245607025803],[11.26057907950748,44.50240092198894]],"type":"LineString"},"properties":{"geo_point_2d":{"lon":11.260836716886542,"lat":44.50287441174487},"ente":"01","codice":702,"codvia":0,"nomevia":null,"codviada":0,"nomeviada":null,"codviaa":0,"nomeviaa":null,"ordinanza":"4000\/343434","stato":"A","lunghezza":112,"larghezza":0.0,"uso":3002,"duso":"Ciclabile","tipologia":2901,"dtipologia":"sede propria","codarco1":null,"nomevia1":null,"codarco2":null,"nomevia2":null,"codarco3":null,"nomevia3":null,"codarco4":null,"nomevia4":null,"codarco5":null,"nomevia5":null,"n_ciclovia":4}},{"type":"Feature","geometry":{"coordinates":[[11.353806599489648,44.51283618392161],[11.353437946341337,44.51209320312525],[11.353397910409596,44.511998949766316],[11.353262481957652,44.51178565435955],[11.353192420062836,44.51162071090279],[11.352978375997605,44.511179985873504]],"type":"LineString"},"properties":{"geo_point_2d":{"lon":11.353391095085543,"lat":44.51200859828243},"ente":"01","codice":1570,"codvia":0,"nomevia":null,"codviada":0,"nomeviada":null,"codviaa":0,"nomeviaa":null,"ordinanza":"4000\/343434","stato":"A","lunghezza":196,"larghezza":0.0,"uso":3002,"duso":"Ciclabile","tipologia":2901,"dtipologia":"sede propria","codarco1":null,"nomevia1":null,"codarco2":null,"nomevia2":null,"codarco3":null,"nomevia3":null,"codarco4":null,"nomevia4":null,"codarco5":null,"nomevia5":null,"n_ciclovia":7}},{"type":"Feature","geometry":{"coordinates":[[11.352001499355246,44.509218199878816],[11.351620957574893,44.50857564278527],[11.35152932381546,44.50826387369118]],"type":"LineString"},"properties":{"geo_point_2d":{"lon":11.351739645841274,"lat":44.50875224384091},"ente":"01","codice":1684,"codvia":0,"nomevia":null,"codviada":0,"nomeviada":null,"codviaa":0,"nomeviaa":null,"ordinanza":"4000\/343434","stato":"A","lunghezza":113,"larghezza":0.0,"uso":3002,"duso":"Ciclabile","tipologia":2901,"dtipologia":"sede propria","codarco1":null,"nomevia1":null,"codarco2":null,"nomevia2":null,"codarco3":null,"nomevia3":null,"codarco4":null,"nomevia4":null,"codarco5":null,"nomevia5":null,"n_ciclovia":7}},{"type":"Feature","geometry":{"coordinates":[[11.358963677577863,44.52225133240589],[11.359106713965481,44.52244033968571],[11.35944122991236,44.52277223422967],[11.359626857659853,44.522962994586166]],"type":"LineString"},"properties":{"geo_point_2d":{"lon":11.359286929880465,"lat":44.52261431548902},"ente":"01","codice":1937,"codvia":0,"nomevia":null,"codviada":0,"nomeviada":null,"codviaa":0,"nomeviaa":null,"ordinanza":"4000\/343434","stato":"A","lunghezza":95,"larghezza":0.0,"uso":3002,"duso":"Ciclabile","tipologia":2901,"dtipologia":"sede propria","codarco1":null,"nomevia1":null,"codarco2":null,"nomevia2":null,"codarco3":null,"nomevia3":null,"codarco4":null,"nomevia4":null,"codarco5":null,"nomevia5":null,"n_ciclovia":null}},{"type":"Feature","geometry":{"coordinates":[[11.374909925492192,44.50667684014579],[11.375289895340723,44.506854783721906],[11.375485561440904,44.506942212955245],[11.37564150878301,44.507022047851926],[11.375876125021014,44.50715096714415]],"type":"LineString"},"properties":{"geo_point_2d":{"lon":11.375396440915768,"lat":44.506907145390095},"ente":"01","codice":1945,"codvia":0,"nomevia":null,"codviada":0,"nomeviada":null,"codviaa":0,"nomeviaa":null,"ordinanza":"4000\/343434","stato":"A","lunghezza":93,"larghezza":0.0,"uso":3003,"duso":"Pedonale-Ciclabile","tipologia":6718,"dtipologia":"ciclabile contigua al pedonale","codarco1":null,"nomevia1":null,"codarco2":null,"nomevia2":null,"codarco3":null,"nomevia3":null,"codarco4":null,"nomevia4":null,"codarco5":null,"nomevia5":null,"n_ciclovia":8}},{"type":"Feature","geometry":{"coordinates":[[[11.326085739591319,44.4903081721071],[11.325976440112244,44.49030065117555],[11.324422408449076,44.490218907289645],[11.323587764047627,44.490176307301816],[11.32320372075511,44.490118177597104],[11.32219440085977,44.48989373851977],[11.32091348344283,44.48960955835003],[11.320592261867938,44.489539294128555],[11.320020914300079,44.48940634695155],[11.319443258842908,44.48928267096432],[11.318666971323562,44.48906911740082],[11.317824725642835,44.48883264600694]],[[11.317950414247573,44.48883094412163],[11.317824725642835,44.48883264600694],[11.317915281045256,44.48889506209586]],[[11.324482087706835,44.490204782130185],[11.324422408449076,44.490218907289645],[11.324478561017067,44.490239126158905]],[[11.323647400281002,44.49016208920064],[11.323587764047627,44.490176307301816],[11.323643977957401,44.49019643872942]],[[11.322256994580965,44.489889627509875],[11.32219440085977,44.48989373851977],[11.322242721904203,44.4899225139029]],[[11.320976073155723,44.489605418237545],[11.32091348344283,44.48960955835003],[11.320961830267052,44.489638311246686]],[[11.320083577349747,44.48940282286048],[11.320020914300079,44.48940634695155],[11.320068704414346,44.48943557274187]],[[11.319505787799471,44.48927808646558],[11.319443258842908,44.48928267096432],[11.319492001605116,44.489311079024496]],[[11.318729806179098,44.48906795710774],[11.318666971323562,44.48906911740082],[11.318712548003479,44.48910010172523]],[[11.317950414247573,44.48883094412163],[11.317824725642835,44.48883264600694],[11.317915281045256,44.48889506209586]],[[11.324482087706835,44.490204782130185],[11.324422408449076,44.490218907289645],[11.324478561017067,44.490239126158905]],[[11.323647400281002,44.49016208920064],[11.323587764047627,44.490176307301816],[11.323643977957401,44.49019643872942]],[[11.322256994580965,44.489889627509875],[11.32219440085977,44.48989373851977],[11.322242721904203,44.4899225139029]],[[11.320976073155723,44.489605418237545],[11.32091348344283,44.48960955835003],[11.320961830267052,44.489638311246686]],[[11.320083577349747,44.48940282286048],[11.320020914300079,44.48940634695155],[11.320068704414346,44.48943557274187]],[[11.319505787799471,44.48927808646558],[11.319443258842908,44.48928267096432],[11.319492001605116,44.489311079024496]],[[11.318729806179098,44.48906795710774],[11.318666971323562,44.48906911740082],[11.318712548003479,44.48910010172523]]],"type":"MultiLineString"},"properties":{"geo_point_2d":{"lon":11.32165688677873,"lat":44.48970020475316},"ente":"01","codice":1958,"codvia":52950,"nomevia":"VIA SARAGOZZA","codviada":5680,"nomeviada":"VIA FELICE BATTAGLIA","codviaa":29800,"nomeviaa":"VIA ALESSANDRO GUIDOTTI","ordinanza":"4000\/343434","stato":"A","lunghezza":862,"larghezza":0.0,"uso":6709,"duso":"Itinerario ciclabile","tipologia":2902,"dtipologia":"corsia ciclabile su strada","codarco1":325,"nomevia1":"VIA SARAGOZZA","codarco2":875,"nomevia2":"VIA SARAGOZZA","codarco3":304,"nomevia3":"VIA SARAGOZZA","codarco4":324,"nomevia4":"VIA SARAGOZZA","codarco5":8238,"nomevia5":"VIA SARAGOZZA","n_ciclovia":2}},{"type":"Feature","geometry":{"coordinates":[[11.339551382818065,44.48642273121089],[11.340082047792162,44.486347546694546],[11.341597699177859,44.48616195074127],[11.342691395479187,44.48604429796625],[11.344425865422476,44.48583521082567],[11.346330331907987,44.485598878671404],[11.347344972061896,44.48548410572777],[11.348101043171402,44.4853911478314],[11.348669482053527,44.48533278517119]],"type":"LineString"},"properties":{"geo_point_2d":{"lon":11.344109386053066,"lat":44.4858692652001},"ente":"01","codice":1976,"codvia":43950,"nomevia":"VIALE ENRICO PANZACCHI","codviada":0,"nomeviada":null,"codviaa":0,"nomeviaa":null,"ordinanza":"4000\/343434","stato":"A","lunghezza":735,"larghezza":0.0,"uso":3002,"duso":"Ciclabile","tipologia":2901,"dtipologia":"sede propria","codarco1":8720,"nomevia1":"VIALE ENRICO PANZACCHI","codarco2":8716,"nomevia2":"VIALE ENRICO PANZACCHI","codarco3":8718,"nomevia3":"VIALE ENRICO PANZACCHI","codarco4":5821,"nomevia4":"VIALE ENRICO PANZACCHI","codarco5":8703,"nomevia5":"PIAZZA DI PORTA CASTIGLIONE","n_ciclovia":null}},{"type":"Feature","geometry":{"coordinates":[[11.330141521261718,44.50096372955191],[11.33262481693788,44.50221330001346],[11.33286386734058,44.50231571638512],[11.333178349666623,44.50249509466284],[11.333638958433056,44.50275111554284],[11.334651993742249,44.50326036851407],[11.336433731831987,44.50413612497149],[11.33781322791833,44.50482473811266],[11.338131382998554,44.50498638518047],[11.338449079655202,44.505134331235126]],"type":"LineString"},"properties":{"geo_point_2d":{"lon":11.33429015928113,"lat":44.50305898150336},"ente":"01","codice":1923,"codvia":46000,"nomevia":"VIALE PIETRO PIETRAMELLARA","codviada":0,"nomeviada":null,"codviaa":0,"nomeviaa":null,"ordinanza":"4000\/343434","stato":"A","lunghezza":807,"larghezza":0.0,"uso":3002,"duso":"Ciclabile","tipologia":2901,"dtipologia":"sede propria","codarco1":8839,"nomevia1":"VIALE PIETRO PIETRAMELLARA","codarco2":2982,"nomevia2":"VIALE PIETRO PIETRAMELLARA","codarco3":8811,"nomevia3":"VIALE PIETRO PIETRAMELLARA","codarco4":8840,"nomevia4":"VIALE PIETRO PIETRAMELLARA","codarco5":8781,"nomevia5":"VIALE ANTONIO SILVANI","n_ciclovia":null}},{"type":"Feature","geometry":{"coordinates":[[11.382082811004041,44.51021083390119],[11.382747342410667,44.51052196118618],[11.382864148093326,44.51057611387511]],"type":"LineString"},"properties":{"geo_point_2d":{"lon":11.382473392571418,"lat":44.51039366057471},"ente":"01","codice":1985,"codvia":20500,"nomevia":"VIA SAN DONATO","codviada":90060,"nomeviada":"TANGENZIALE SAN LAZZARO-CASALECCHIO","codviaa":46100,"nomeviaa":"VIA DEL PILASTRO","ordinanza":"4000\/343434","stato":"A","lunghezza":74,"larghezza":0.0,"uso":3003,"duso":"Pedonale-Ciclabile","tipologia":6717,"dtipologia":"promiscuo ciclopedonale","codarco1":3978,"nomevia1":"VIA SAN DONATO","codarco2":null,"nomevia2":null,"codarco3":null,"nomevia3":null,"codarco4":null,"nomevia4":null,"codarco5":null,"nomevia5":null,"n_ciclovia":null}},{"type":"Feature","geometry":{"coordinates":[[11.313203083970118,44.497716921135535],[11.312718076236406,44.49785243743522],[11.312409222641035,44.49791798840347]],"type":"LineString"},"properties":{"geo_point_2d":{"lon":11.312807618408952,"lat":44.497823421051535},"ente":"01","codice":1881,"codvia":0,"nomevia":null,"codviada":0,"nomeviada":null,"codviaa":0,"nomeviaa":null,"ordinanza":"4000\/343434","stato":"A","lunghezza":67,"larghezza":0.0,"uso":3003,"duso":"Pedonale-Ciclabile","tipologia":6718,"dtipologia":"ciclabile contigua al pedonale","codarco1":null,"nomevia1":null,"codarco2":null,"nomevia2":null,"codarco3":null,"nomevia3":null,"codarco4":null,"nomevia4":null,"codarco5":null,"nomevia5":null,"n_ciclovia":4}},{"type":"Feature","geometry":{"coordinates":[[11.311238391062671,44.507907227386106],[11.311242204153311,44.5078897665733],[11.311243315005434,44.50787236951307],[11.311244911310226,44.507844663918064],[11.311242020058137,44.50781704924585],[11.311225247325787,44.50776385204811],[11.311198802278783,44.507722787944516],[11.311172130681216,44.507693170423366],[11.311139756297196,44.50766536087926],[11.311102454689337,44.507641792236235],[11.311082622303436,44.507630508973705],[11.311060504294824,44.5076212345277],[11.311015992466528,44.50760461771537],[11.31096929736789,44.50759291539245],[11.310943974236121,44.50758880119091],[11.310893475733424,44.507583990674206],[11.310868646037035,44.50758376448155],[11.310781582864804,44.507590875560766],[11.310757296860729,44.507595490602014],[11.31071078691486,44.5076088289866],[11.310666239645482,44.50762598960831],[11.3106352233153,44.507638484602644]],"type":"LineString"},"properties":{"geo_point_2d":{"lon":11.311001918058109,"lat":44.50766552500362},"ente":"01","codice":841,"codvia":28670,"nomevia":"ROTONDA GRANATIERI DI SARDEGNA","codviada":0,"nomeviada":null,"codviaa":0,"nomeviaa":null,"ordinanza":"4000\/343434","stato":"A","lunghezza":73,"larghezza":0.0,"uso":3002,"duso":"Ciclabile","tipologia":2901,"dtipologia":"sede propria","codarco1":9155,"nomevia1":"ROTONDA GRANATIERI DI SARDEGNA","codarco2":9169,"nomevia2":"ROTONDA GRANATIERI DI SARDEGNA","codarco3":null,"nomevia3":null,"codarco4":null,"nomevia4":null,"codarco5":null,"nomevia5":null,"n_ciclovia":null}},{"type":"Feature","geometry":{"coordinates":[[11.35663546039708,44.510650515824835],[11.355889373836185,44.51070762583744]],"type":"LineString"},"properties":{"geo_point_2d":{"lon":11.356262417116632,"lat":44.51067907083114},"ente":"01","codice":2050,"codvia":0,"nomevia":null,"codviada":0,"nomeviada":null,"codviaa":0,"nomeviaa":null,"ordinanza":"4000\/343434","stato":"A","lunghezza":60,"larghezza":0.0,"uso":3003,"duso":"Pedonale-Ciclabile","tipologia":6718,"dtipologia":"ciclabile contigua al pedonale","codarco1":null,"nomevia1":null,"codarco2":null,"nomevia2":null,"codarco3":null,"nomevia3":null,"codarco4":null,"nomevia4":null,"codarco5":null,"nomevia5":null,"n_ciclovia":null}},{"type":"Feature","geometry":{"coordinates":[[11.393331528638218,44.515896365848356],[11.3935438900266,44.51597034738582],[11.39368658060918,44.516062427144874],[11.393777271072974,44.51616280830207],[11.393818023836964,44.5162238984009],[11.39384287472259,44.51628964305269],[11.39385966774958,44.516355557069716],[11.393863684671858,44.51640445434255],[11.393856222936789,44.516467996614104],[11.393833601185799,44.51655490266694],[11.393790641694228,44.51663647445896],[11.393734893083364,44.51670102966212]],"type":"LineString"},"properties":{"geo_point_2d":{"lon":11.393703956108348,"lat":44.51623319957732},"ente":"01","codice":2224,"codvia":62270,"nomevia":"ROTONDA LUCHINO VISCONTI","codviada":0,"nomeviada":null,"codviaa":0,"nomeviaa":null,"ordinanza":"4000\/343434","stato":"A","lunghezza":110,"larghezza":0.0,"uso":3002,"duso":"Ciclabile","tipologia":2901,"dtipologia":"sede propria","codarco1":3804,"nomevia1":"ROTONDA LUCHINO VISCONTI","codarco2":null,"nomevia2":null,"codarco3":null,"nomevia3":null,"codarco4":null,"nomevia4":null,"codarco5":null,"nomevia5":null,"n_ciclovia":8}},{"type":"Feature","geometry":{"coordinates":[[11.367216824935094,44.53140652389831],[11.367247508519027,44.53170000680249],[11.367270838341506,44.53191267464042],[11.36731834404588,44.532145014301776],[11.367393808328222,44.532428452931136],[11.367455544536268,44.53262127936162],[11.367531900357767,44.532855504545175],[11.367598273813156,44.53305913514999],[11.36769628191033,44.5333984136261],[11.367811812079342,44.53380176964126],[11.367833271442084,44.53392498075133],[11.36786139342465,44.53408645852745],[11.367883580454373,44.534250226440946],[11.367991197942732,44.53460291924481]],"type":"LineString"},"properties":{"geo_point_2d":{"lon":11.367577126100299,"lat":44.533009987430745},"ente":"01","codice":2125,"codvia":0,"nomevia":null,"codviada":0,"nomeviada":null,"codviaa":0,"nomeviaa":null,"ordinanza":"4000\/343434","stato":"O","lunghezza":361,"larghezza":0.0,"uso":3002,"duso":"Ciclabile","tipologia":2902,"dtipologia":"corsia ciclabile su strada","codarco1":null,"nomevia1":null,"codarco2":null,"nomevia2":null,"codarco3":null,"nomevia3":null,"codarco4":null,"nomevia4":null,"codarco5":null,"nomevia5":null,"n_ciclovia":7}},{"type":"Feature","geometry":{"coordinates":[[11.290678016761898,44.51088562034981],[11.28987328576693,44.511203667939554],[11.288619350915544,44.5117530537649],[11.288313800265668,44.51188883690442],[11.287591449788762,44.51222965380085],[11.286923502071833,44.51256926944705],[11.286473863230489,44.51282999551708]],"type":"LineString"},"properties":{"geo_point_2d":{"lon":11.2885523024209,"lat":44.5118079627766},"ente":"01","codice":2099,"codvia":21400,"nomevia":"VIA EMILIA PONENTE","codviada":59350,"nomeviada":"VIA DEL TRIUMVIRATO","codviaa":0,"nomeviaa":null,"ordinanza":"4000\/343434","stato":"O","lunghezza":399,"larghezza":0.0,"uso":3002,"duso":"Ciclabile","tipologia":2902,"dtipologia":"corsia ciclabile su strada","codarco1":5940,"nomevia1":"VIA EMILIA PONENTE","codarco2":5939,"nomevia2":"VIA EMILIA PONENTE","codarco3":6868,"nomevia3":"VIA EMILIA PONENTE","codarco4":6867,"nomevia4":"VIA EMILIA PONENTE","codarco5":2574,"nomevia5":"VIA EMILIA PONENTE","n_ciclovia":1}},{"type":"Feature","geometry":{"coordinates":[[[11.356410808101193,44.484605191342084],[11.356605639441856,44.48444974621827],[11.357342864967192,44.4839340129331],[11.357651893362002,44.48370830652931],[11.358030308965319,44.483450235740584],[11.358668539949273,44.48301247639078],[11.359432857507326,44.48248776228105],[11.359952254516557,44.48212275067285],[11.360660522650402,44.481669478943395],[11.360880338529388,44.481569333856],[11.361466585880766,44.481304151027885],[11.36211874190707,44.481017918943536],[11.362315689439233,44.480935114469695],[11.36274734745551,44.48073217091692],[11.363039441777726,44.48057429157219],[11.363238154019468,44.480438027672534],[11.363722193507726,44.480073731400296],[11.364004163372858,44.47985982645957],[11.364440652392872,44.47948526583293]],[[11.3644031943,44.479571163373],[11.364440652392872,44.47948526583293],[11.364329328627152,44.47952704215703]],[[11.357318143753668,44.48397538169713],[11.357342864967192,44.4839340129331],[11.35728452542341,44.48395075073011]],[[11.358004854768229,44.4834913758085],[11.358030308965319,44.483450235740584],[11.35797167724993,44.483466440639106]],[[11.358643251372843,44.483053666758536],[11.358668539949273,44.48301247639078],[11.358609974087297,44.48302880117506]],[[11.359407595285177,44.48252896082804],[11.359432857507326,44.48248776228105],[11.359374302448888,44.48250410605007]],[[11.3599276665492,44.48216415774681],[11.359952254516557,44.48212275067285],[11.359893970673756,44.482139583149404]],[[11.360633262731762,44.48171001944104],[11.360660522650402,44.481669478943395],[11.360601205594639,44.48168434597597]],[[11.36143034619996,44.48134091070725],[11.361466585880766,44.481304151027885],[11.36140465378229,44.48131179868189]],[[11.362081810980271,44.48105432422673],[11.36211874190707,44.481017918943536],[11.362056671259918,44.48102496594018]],[[11.362712016117754,44.48076938085608],[11.36274734745551,44.48073217091692],[11.362685613283826,44.48074059657464]],[[11.363699600880139,44.48011571677577],[11.363722193507726,44.480073731400296],[11.363664750826405,44.48009198245796]]],"type":"MultiLineString"},"properties":{"geo_point_2d":{"lon":11.360484916785438,"lat":44.48195222797684},"ente":"01","codice":1860,"codvia":40450,"nomevia":"VIA AUGUSTO MURRI","codviada":0,"nomeviada":null,"codviaa":0,"nomeviaa":null,"ordinanza":"4000\/343434","stato":"A","lunghezza":980,"larghezza":0.0,"uso":6709,"duso":"Itinerario ciclabile","tipologia":2902,"dtipologia":"corsia ciclabile su strada","codarco1":1488,"nomevia1":"VIA AUGUSTO MURRI","codarco2":1487,"nomevia2":"VIA AUGUSTO MURRI","codarco3":1563,"nomevia3":"VIA AUGUSTO MURRI","codarco4":1495,"nomevia4":"VIA AUGUSTO MURRI","codarco5":1494,"nomevia5":"VIA AUGUSTO MURRI","n_ciclovia":10}},{"type":"Feature","geometry":{"coordinates":[[[11.258583977019285,44.523184051876434],[11.259009469609387,44.52297552873282],[11.259329964184207,44.522813353341775],[11.259785427952966,44.52256591597129],[11.260648898633299,44.52208832976061]],[[11.260586515156948,44.52216646131869],[11.260648898633299,44.52208832976061],[11.2605273228334,44.52211198460631]],[[11.258975145450616,44.52301325563546],[11.259009469609387,44.52297552873282],[11.258947779787157,44.52298486359862]],[[11.259753744074978,44.522604790929535],[11.259785427952966,44.52256591597129],[11.259724474176878,44.52257737779279]]],"type":"MultiLineString"},"properties":{"geo_point_2d":{"lon":11.25968048837295,"lat":44.522615242616276},"ente":"01","codice":2203,"codvia":19480,"nomevia":"VIALE ALCIDE DE GASPERI","codviada":0,"nomeviada":null,"codviaa":0,"nomeviaa":null,"ordinanza":"4000\/343434","stato":"A","lunghezza":244,"larghezza":0.0,"uso":6709,"duso":"Itinerario ciclabile","tipologia":2902,"dtipologia":"corsia ciclabile su strada","codarco1":10373,"nomevia1":"VIALE ALCIDE DE GASPERI","codarco2":null,"nomevia2":null,"codarco3":null,"nomevia3":null,"codarco4":null,"nomevia4":null,"codarco5":null,"nomevia5":null,"n_ciclovia":1}},{"type":"Feature","geometry":{"coordinates":[[11.394989788657899,44.475730851060256],[11.393778247069646,44.47618853125354],[11.393461617233267,44.476311086106996],[11.39261572928593,44.476632178412466],[11.392480277112394,44.47668461262634],[11.391578497503001,44.477038382522956],[11.390672820688247,44.477386185655604],[11.39054787445324,44.477436797565936],[11.390225596720226,44.47755751547477],[11.389710535960143,44.47775311506102],[11.389457916429267,44.47784809744225],[11.389109613500397,44.47797963944978],[11.388580081709962,44.47817473384595],[11.388383245280082,44.47824700175155],[11.388042331052425,44.47837376908274],[11.387009833110806,44.478760552566804],[11.38573381419704,44.47923515110359],[11.384936058219072,44.47953949034718],[11.383999651547613,44.47989222439651],[11.383383067736466,44.48012044586043],[11.382500579202881,44.4805850664739],[11.382354073411598,44.480628249653684]],"type":"LineString"},"properties":{"geo_point_2d":{"lon":11.38865429222565,"lat":44.478143082468996},"ente":"01","codice":2134,"codvia":21350,"nomevia":"VIA EMILIA LEVANTE","codviada":0,"nomeviada":null,"codviaa":0,"nomeviaa":null,"ordinanza":"4000\/343434","stato":"O","lunghezza":1144,"larghezza":0.0,"uso":3002,"duso":"Ciclabile","tipologia":2902,"dtipologia":"corsia ciclabile su strada","codarco1":2148,"nomevia1":"VIA GIUSEPPE DOZZA","codarco2":2235,"nomevia2":"VIA EMILIA LEVANTE","codarco3":2232,"nomevia3":"VIA EMILIA LEVANTE","codarco4":2242,"nomevia4":"VIA EMILIA LEVANTE","codarco5":null,"nomevia5":null,"n_ciclovia":1}},{"type":"Feature","geometry":{"coordinates":[[11.370201023208352,44.45976588883634],[11.370148271108295,44.459456187040054],[11.369885223465696,44.45827103438259],[11.369805696764692,44.45791668593599],[11.369743141913622,44.457662659774456],[11.369697463556541,44.457510494179466],[11.369648614921806,44.457347773387426],[11.36956463392927,44.457148097397784],[11.369519750873684,44.45703896765112],[11.369458258932301,44.45692522415344],[11.369374623850398,44.456770861196624],[11.36911062967223,44.45632158988777],[11.368899477166364,44.45593746340036],[11.368752686478144,44.45576893485518],[11.36864886431622,44.455649741750676],[11.3684894952251,44.45548509946563],[11.368323449483906,44.45534151356131],[11.368142041647749,44.4551851470066],[11.36773108224961,44.45487010209438],[11.36719851029974,44.454484276193774],[11.366216104101115,44.453729193643206]],"type":"LineString"},"properties":{"geo_point_2d":{"lon":11.368722683791043,"lat":44.45641620909267},"ente":"01","codice":1588,"codvia":58600,"nomevia":"VIA TOSCANA","codviada":2250,"nomeviada":"VIA DELL'ANGELO CUSTODE","codviaa":2930,"nomeviaa":"VIA ROBERTO ARDIGO'","ordinanza":"4000\/343434","stato":"O","lunghezza":766,"larghezza":0.0,"uso":3002,"duso":"Ciclabile","tipologia":2902,"dtipologia":"corsia ciclabile su strada","codarco1":8563,"nomevia1":"VIA TOSCANA","codarco2":8562,"nomevia2":"VIA TOSCANA","codarco3":458,"nomevia3":"VIA TOSCANA","codarco4":8565,"nomevia4":"VIA TOSCANA","codarco5":434,"nomevia5":"VIA TOSCANA","n_ciclovia":10}},{"type":"Feature","geometry":{"coordinates":[[11.32476644468175,44.49513102104401],[11.325360814422766,44.495066359307735],[11.32551712952818,44.49505027219594],[11.325994470237077,44.49500030825233],[11.326200274484261,44.49497561344723],[11.327585649404996,44.49481540172127],[11.328192202976771,44.4947452238308],[11.328318675913785,44.49472391608525]],"type":"LineString"},"properties":{"geo_point_2d":{"lon":11.326543379560134,"lat":44.49493397145598},"ente":"01","codice":2115,"codvia":18000,"nomevia":"VIA ANDREA COSTA","codviada":0,"nomeviada":null,"codviaa":0,"nomeviaa":null,"ordinanza":"4000\/343434","stato":"O","lunghezza":286,"larghezza":0.0,"uso":3002,"duso":"Ciclabile","tipologia":2902,"dtipologia":"corsia ciclabile su strada","codarco1":372,"nomevia1":"VIA ANDREA COSTA","codarco2":949,"nomevia2":"VIA ANDREA COSTA","codarco3":957,"nomevia3":"VIA ANDREA COSTA","codarco4":945,"nomevia4":"VIA ANDREA COSTA","codarco5":373,"nomevia5":"VIA ANDREA COSTA","n_ciclovia":3}},{"type":"Feature","geometry":{"coordinates":[[[11.301772855613986,44.49102689317156],[11.301695947042006,44.49097812380904],[11.301654671039701,44.49091998731995],[11.301558144410762,44.49082879110714],[11.301438573210378,44.49073890342492],[11.30098264081238,44.490396177680985],[11.300448616620313,44.48999967268609],[11.300340626204068,44.48992032197957],[11.300031018304349,44.48974443278349],[11.299758027191709,44.489589361241535],[11.29949133072627,44.489456812899796],[11.299274306668217,44.489349077529575],[11.298908188613096,44.48917725984827],[11.298552653065851,44.489043275331305],[11.298049003735496,44.48886775670517],[11.29788113431793,44.48880860668188],[11.297372347458056,44.48862819193706],[11.29664860219986,44.48838234746019],[11.295901223980241,44.48813692544842],[11.295662956905902,44.48805770879944],[11.295002147358066,44.48779858797874]],[[11.295127464431904,44.4878084776238],[11.295002147358066,44.48779858797874],[11.29508099440285,44.48786875401893]],[[11.30104010025732,44.49041441391366],[11.30098264081238,44.490396177680985],[11.30100527783209,44.490438147318585]],[[11.300506232373976,44.490017655175706],[11.300448616620313,44.48999967268609],[11.300471613431341,44.4900415404903]],[[11.298111849499998,44.48887050503955],[11.298049003735496,44.48886775670517],[11.298090806479243,44.488901447448654]],[[11.29743525961067,44.48863129251622],[11.297372347458056,44.48862819193706],[11.297413816221056,44.48866210345939]],[[11.296711571271032,44.48838468680161],[11.29664860219986,44.48838234746019],[11.296690854986144,44.4884157486049]],[[11.295964223426866,44.48813867914342],[11.295901223980241,44.48813692544842],[11.295944067553004,44.488169926371484]],[[11.295127464431904,44.4878084776238],[11.295002147358066,44.48779858797874],[11.29508099440285,44.48786875401893]],[[11.30104010025732,44.49041441391366],[11.30098264081238,44.490396177680985],[11.30100527783209,44.490438147318585]],[[11.300506232373976,44.490017655175706],[11.300448616620313,44.48999967268609],[11.300471613431341,44.4900415404903]],[[11.298111849499998,44.48887050503955],[11.298049003735496,44.48886775670517],[11.298090806479243,44.488901447448654]],[[11.29743525961067,44.48863129251622],[11.297372347458056,44.48862819193706],[11.297413816221056,44.48866210345939]],[[11.296711571271032,44.48838468680161],[11.29664860219986,44.48838234746019],[11.296690854986144,44.4884157486049]],[[11.295964223426866,44.48813867914342],[11.295901223980241,44.48813692544842],[11.295944067553004,44.488169926371484]]],"type":"MultiLineString"},"properties":{"geo_point_2d":{"lon":11.298294189637765,"lat":44.48909916420136},"ente":"01","codice":2186,"codvia":56450,"nomevia":"VIA DON LUIGI STURZO","codviada":0,"nomeviada":null,"codviaa":18000,"nomeviaa":"VIA ANDREA COSTA","ordinanza":"4000\/343434","stato":"A","lunghezza":816,"larghezza":0.0,"uso":6709,"duso":"Itinerario ciclabile","tipologia":2902,"dtipologia":"corsia ciclabile su strada","codarco1":8199,"nomevia1":"VIA DON LUIGI STURZO","codarco2":12,"nomevia2":"VIA DON LUIGI STURZO","codarco3":6262,"nomevia3":"VIA DON LUIGI STURZO","codarco4":6254,"nomevia4":"VIA DON LUIGI STURZO","codarco5":18,"nomevia5":"VIA DON LUIGI STURZO","n_ciclovia":2}},{"type":"Feature","geometry":{"coordinates":[[[11.355889373836185,44.51070762583744],[11.353450736889165,44.51104580745661],[11.35294583650609,44.5111158854634],[11.351482085724287,44.51131903716969],[11.350447687897221,44.51145974487727],[11.349343109857944,44.51161207960784],[11.348809830669836,44.51168327820497],[11.347550217219927,44.5118634177436],[11.346871951480203,44.5119559917731]],[[11.346977063930277,44.511906588596595],[11.346871951480203,44.5119559917731],[11.346995097280987,44.51197424142311]],[[11.353503189619857,44.51102099541033],[11.353450736889165,44.51104580745661],[11.353512346216839,44.51105480143495]],[[11.352998283999279,44.51109106749156],[11.35294583650609,44.5111158854634],[11.353007447825476,44.51112487274372]],[[11.351534534053787,44.511294219435314],[11.351482085724287,44.51131903716969],[11.35154369706572,44.51132802529964]],[[11.350500265089483,44.51143506669694],[11.350447687897221,44.51145974487727],[11.350509252231811,44.511468897087845]],[[11.349395599516402,44.51158730588431],[11.349343109857944,44.51161207960784],[11.349404706671171,44.51162111993641]],[[11.34886252485459,44.511658727825],[11.348809830669836,44.51168327820497],[11.348871351549583,44.51169257983293]],[[11.347602468300554,44.51183838688697],[11.347550217219927,44.5118634177436],[11.347611899614616,44.51187215534012]]],"type":"MultiLineString"},"properties":{"geo_point_2d":{"lon":11.351211282170024,"lat":44.51135503142237},"ente":"01","codice":2086,"codvia":31950,"nomevia":"VIA DELLA LIBERAZIONE","codviada":0,"nomeviada":null,"codviaa":0,"nomeviaa":null,"ordinanza":"4000\/343434","stato":"O","lunghezza":820,"larghezza":0.0,"uso":3002,"duso":"Ciclabile","tipologia":2902,"dtipologia":"corsia ciclabile su strada","codarco1":3259,"nomevia1":"PIAZZA DELL'UNITA'","codarco2":3280,"nomevia2":"VIA DELLA LIBERAZIONE","codarco3":3264,"nomevia3":"VIA FERRARESE","codarco4":3257,"nomevia4":"VIA FERRARESE","codarco5":3261,"nomevia5":"VIA GIUSEPPE MAZZA","n_ciclovia":null}},{"type":"Feature","geometry":{"coordinates":[[11.230947078063828,44.53290535719281],[11.231180811931956,44.53282749096838],[11.231726956994867,44.53265370193339],[11.232034075905933,44.53255607318641],[11.23233415370395,44.53246133208749]],"type":"LineString"},"properties":{"geo_point_2d":{"lon":11.23164009883956,"lat":44.532681749489484},"ente":"01","codice":2192,"codvia":35100,"nomevia":"VIA MARCO EMILIO LEPIDO","codviada":0,"nomeviada":null,"codviaa":0,"nomeviaa":null,"ordinanza":"4000\/343434","stato":"A","lunghezza":121,"larghezza":0.0,"uso":6709,"duso":"Itinerario ciclabile","tipologia":6721,"dtipologia":"promiscuo veicolare","codarco1":5875,"nomevia1":"VIA MARCO EMILIO LEPIDO","codarco2":6551,"nomevia2":"VIA MARCO EMILIO LEPIDO","codarco3":5876,"nomevia3":"VIA MARCO EMILIO LEPIDO","codarco4":6552,"nomevia4":"VIA MARCO EMILIO LEPIDO","codarco5":5873,"nomevia5":"VIA MARCO EMILIO LEPIDO","n_ciclovia":1}},{"type":"Feature","geometry":{"coordinates":[[[11.244264466986317,44.52821621415893],[11.24414156454666,44.52821946507387],[11.244046661219206,44.52819676711923],[11.244004109952156,44.528177371076204],[11.243941377846681,44.52813050345961],[11.243909872680645,44.528090332066796],[11.243889997050646,44.52803847690287],[11.243889602683703,44.52796511162873],[11.243905619664044,44.52792168686403],[11.243937636162515,44.52788156464361],[11.243987691583023,44.52783979713351],[11.244047284891806,44.527810408364765],[11.244127632865023,44.527789681532155],[11.24418084449607,44.52778508597873],[11.24424854349858,44.52778837101356],[11.24432664112966,44.52780662887416],[11.244387751077975,44.527835747667986],[11.244413507751137,44.52785274148055],[11.24445539755724,44.52789159786022],[11.244491922281007,44.527956692742016],[11.24449918062348,44.52799633110276],[11.244488300888456,44.52805386432973],[11.244464806126754,44.52810289744017],[11.244436877323789,44.52813583996051],[11.244378261965299,44.528179526212874],[11.244264466986317,44.52821621415893]],[[11.244350540594482,44.5281507552623],[11.244264466986317,44.52821621415893],[11.24439009096949,44.52821342024738]]],"type":"MultiLineString"},"properties":{"geo_point_2d":{"lon":11.244207365674583,"lat":44.52802763941521},"ente":"01","codice":2195,"codvia":25910,"nomevia":"ROTONDA ANTONIO GASBARRINI","codviada":54460,"nomeviada":"VIA DELLE SERRE","codviaa":54460,"nomeviaa":"VIA DELLE SERRE","ordinanza":"4000\/343434","stato":"A","lunghezza":173,"larghezza":0.0,"uso":3003,"duso":"Pedonale-Ciclabile","tipologia":6718,"dtipologia":"ciclabile contigua al pedonale","codarco1":9838,"nomevia1":"ROTONDA ANTONIO GASBARRINI","codarco2":9841,"nomevia2":"ROTONDA ANTONIO GASBARRINI","codarco3":9840,"nomevia3":"ROTONDA ANTONIO GASBARRINI","codarco4":9839,"nomevia4":"ROTONDA ANTONIO GASBARRINI","codarco5":null,"nomevia5":null,"n_ciclovia":1}},{"type":"Feature","geometry":{"coordinates":[[11.302071323991365,44.49500200365936],[11.302620968596,44.494121176529944],[11.301836642721028,44.49255682326225]],"type":"LineString"},"properties":{"geo_point_2d":{"lon":11.302272499965124,"lat":44.4937942576243},"ente":"01","codice":314,"codvia":0,"nomevia":null,"codviada":0,"nomeviada":null,"codviaa":0,"nomeviaa":null,"ordinanza":"4000\/343434","stato":"O","lunghezza":292,"larghezza":0.0,"uso":3003,"duso":"Pedonale-Ciclabile","tipologia":6718,"dtipologia":"ciclabile contigua al pedonale","codarco1":null,"nomevia1":null,"codarco2":null,"nomevia2":null,"codarco3":null,"nomevia3":null,"codarco4":null,"nomevia4":null,"codarco5":null,"nomevia5":null,"n_ciclovia":null}},{"type":"Feature","geometry":{"coordinates":[[11.346664579686196,44.508940534692265],[11.346440726916637,44.50816810114484]],"type":"LineString"},"properties":{"geo_point_2d":{"lon":11.346552653301416,"lat":44.50855431791855},"ente":"01","codice":438,"codvia":37100,"nomevia":"VIA GIACOMO MATTEOTTI","codviada":63050,"nomeviada":"VIA DOMENICO ZAMPIERI","codviaa":57500,"nomeviaa":"VIA ALESSANDRO TIARINI","ordinanza":"4000\/343434","stato":"A","lunghezza":88,"larghezza":0.0,"uso":3002,"duso":"Ciclabile","tipologia":6715,"dtipologia":"corsia preferenziale bus\/bici","codarco1":3190,"nomevia1":"VIA GIACOMO MATTEOTTI","codarco2":null,"nomevia2":null,"codarco3":null,"nomevia3":null,"codarco4":null,"nomevia4":null,"codarco5":null,"nomevia5":null,"n_ciclovia":6}},{"type":"Feature","geometry":{"coordinates":[[11.354948786107563,44.50669161506973],[11.355114705281357,44.50703583740032],[11.35520874177599,44.50721461559068],[11.355466627731506,44.50772134181441]],"type":"LineString"},"properties":{"geo_point_2d":{"lon":11.355205429191034,"lat":44.507207602516374},"ente":"01","codice":448,"codvia":55950,"nomevia":"VIA STALINGRADO","codviada":23100,"nomeviada":"VIA TIBERIO FIORILLI","codviaa":31000,"nomeviaa":"VIA DEL LAVORO","ordinanza":"4000\/343434","stato":"A","lunghezza":122,"larghezza":0.0,"uso":3002,"duso":"Ciclabile","tipologia":2902,"dtipologia":"corsia ciclabile su strada","codarco1":6997,"nomevia1":"VIA STALINGRADO","codarco2":6998,"nomevia2":"VIA STALINGRADO","codarco3":6999,"nomevia3":"VIA STALINGRADO","codarco4":null,"nomevia4":null,"codarco5":null,"nomevia5":null,"n_ciclovia":null}},{"type":"Feature","geometry":{"coordinates":[[11.30024477094843,44.491951112722994],[11.29976315565588,44.49176191401884],[11.297765437952224,44.4909894516297]],"type":"LineString"},"properties":{"geo_point_2d":{"lon":11.299005509745403,"lat":44.491469242302266},"ente":"01","codice":818,"codvia":18730,"nomevia":"VIA GIOVANNI CROCIONI","codviada":0,"nomeviada":null,"codviaa":0,"nomeviaa":null,"ordinanza":"4000\/343434","stato":"A","lunghezza":224,"larghezza":0.0,"uso":3003,"duso":"Pedonale-Ciclabile","tipologia":6717,"dtipologia":"promiscuo ciclopedonale","codarco1":7202,"nomevia1":"VIA GIOVANNI CROCIONI","codarco2":7698,"nomevia2":"VIA GIOVANNI CROCIONI","codarco3":null,"nomevia3":null,"codarco4":null,"nomevia4":null,"codarco5":null,"nomevia5":null,"n_ciclovia":3}},{"type":"Feature","geometry":{"coordinates":[[11.310983135227946,44.49579282344777],[11.311107449705256,44.495820746233576],[11.311711844687649,44.49593938501649],[11.311998396390823,44.49598906080978],[11.312261057522774,44.49602257152362],[11.312390571880615,44.496033422714326],[11.312417625645924,44.49601622890447],[11.312424275127036,44.495991713519544]],"type":"LineString"},"properties":{"geo_point_2d":{"lon":11.31171269210047,"lat":44.49593082636887},"ente":"01","codice":824,"codvia":60100,"nomevia":"VIA VALDOSSOLA","codviada":0,"nomeviada":null,"codviaa":0,"nomeviaa":null,"ordinanza":"4000\/343434","stato":"A","lunghezza":121,"larghezza":0.0,"uso":3003,"duso":"Pedonale-Ciclabile","tipologia":6717,"dtipologia":"promiscuo ciclopedonale","codarco1":null,"nomevia1":null,"codarco2":null,"nomevia2":null,"codarco3":null,"nomevia3":null,"codarco4":null,"nomevia4":null,"codarco5":null,"nomevia5":null,"n_ciclovia":null}},{"type":"Feature","geometry":{"coordinates":[[11.326688283105666,44.49695604827083],[11.327284523600614,44.497032798802906],[11.32734199728953,44.497019765859584],[11.32739267776866,44.49700280664592],[11.327432992629381,44.49698360125334],[11.327496160332373,44.496942251847805],[11.327716017964494,44.49697232457731],[11.32777844247414,44.49698328677493]],"type":"LineString"},"properties":{"geo_point_2d":{"lon":11.327237076552219,"lat":44.49698642742399},"ente":"01","codice":834,"codvia":61550,"nomevia":"VIALE GIOVANNI VICINI","codviada":0,"nomeviada":null,"codviaa":0,"nomeviaa":null,"ordinanza":"4000\/343434","stato":"A","lunghezza":91,"larghezza":0.0,"uso":3002,"duso":"Ciclabile","tipologia":2901,"dtipologia":"sede propria","codarco1":8753,"nomevia1":"VIA SABOTINO","codarco2":8761,"nomevia2":"VIALE GIOVANNI VICINI","codarco3":8763,"nomevia3":"VIALE GIOVANNI VICINI","codarco4":null,"nomevia4":null,"codarco5":null,"nomevia5":null,"n_ciclovia":4}},{"type":"Feature","geometry":{"coordinates":[[11.317352710849077,44.51340087679628],[11.317378810411626,44.513413040528555],[11.317415630123545,44.513426165534824],[11.317448455555606,44.5134337455234],[11.31748982532497,44.51344137669421],[11.317536643224129,44.51344424300102],[11.317638441287697,44.513435973008605],[11.317665293518187,44.51342749617644],[11.317712368737794,44.51341088499271],[11.317750911176836,44.51339231321467],[11.317781898467,44.5133710498864],[11.317812249283248,44.513345811441056],[11.3178368180389,44.513315964182596],[11.31784994999688,44.51329656717115],[11.31791167676369,44.513319634920805],[11.317949304562362,44.5133336966344],[11.31800968548176,44.513356261347084],[11.318103220245856,44.51339121570044],[11.318182391944354,44.51344679170346],[11.318340680254282,44.513595467826185],[11.319547952846095,44.51472938368184]],"type":"LineString"},"properties":{"geo_point_2d":{"lon":11.318506948864137,"lat":44.51385830354152},"ente":"01","codice":2226,"codvia":49470,"nomevia":"ROTONDA 35\u00b0 REGGIMENTO FANTERIA PISTOIA","codviada":0,"nomeviada":null,"codviaa":0,"nomeviaa":null,"ordinanza":"4000\/343434","stato":"A","lunghezza":258,"larghezza":0.0,"uso":3002,"duso":"Ciclabile","tipologia":2901,"dtipologia":"sede propria","codarco1":9154,"nomevia1":"ROTONDA 35\u00b0 REGGIMENTO FANTERIA PISTOIA","codarco2":10784,"nomevia2":"ROTONDA 35\u00b0 REGGIMENTO FANTERIA PISTOIA","codarco3":10783,"nomevia3":"ROTONDA 35\u00b0 REGGIMENTO FANTERIA PISTOIA","codarco4":null,"nomevia4":null,"codarco5":null,"nomevia5":null,"n_ciclovia":null}},{"type":"Feature","geometry":{"coordinates":[[11.318437585940245,44.49523953591703],[11.318609776383335,44.4952475499717],[11.318830948199224,44.49525869837916],[11.319063991877341,44.49527044474576],[11.319227941131935,44.49527870814147],[11.319312510723513,44.4952850006291],[11.319653499290096,44.49531316754602],[11.320011642348785,44.495349536629625],[11.320452176649189,44.49539402328237],[11.3207139110441,44.49542335772137],[11.320826930192908,44.49543278836471],[11.320913227563208,44.495439827989834],[11.321060975491699,44.49544708450192],[11.321196001272336,44.49544436391001],[11.321431478099836,44.495436736558915],[11.321668871579817,44.49542765588914],[11.321947331556155,44.49540497380595],[11.322092704388519,44.49539328213318],[11.322440038015708,44.495362670167054],[11.322807110560959,44.49533091656045],[11.32319375285857,44.49529344289833],[11.324012363341522,44.4952114916944],[11.324482296865998,44.495161486941456],[11.32476644468175,44.49513102104401]],"type":"LineString"},"properties":{"geo_point_2d":{"lon":11.321603739868463,"lat":44.49532022307428},"ente":"01","codice":2114,"codvia":18000,"nomevia":"VIA ANDREA COSTA","codviada":18600,"nomeviada":"VIA DELLA CROCETTA","codviaa":29800,"nomeviaa":"VIA ALESSANDRO GUIDOTTI","ordinanza":"4000\/343434","stato":"O","lunghezza":507,"larghezza":0.0,"uso":3002,"duso":"Ciclabile","tipologia":2902,"dtipologia":"corsia ciclabile su strada","codarco1":7261,"nomevia1":"VIA ANDREA COSTA","codarco2":7253,"nomevia2":"VIA ANDREA COSTA","codarco3":375,"nomevia3":"VIA ANDREA COSTA","codarco4":370,"nomevia4":"VIA ANDREA COSTA","codarco5":7257,"nomevia5":"VIA ANDREA COSTA","n_ciclovia":3}},{"type":"Feature","geometry":{"coordinates":[[11.357145122174659,44.548929618101305],[11.356958170509557,44.5484023635923],[11.35676953365637,44.54787049823033],[11.356615782649099,44.547323036542664],[11.356461207033323,44.54647719346741],[11.356418359482074,44.54625488220918],[11.356286596917691,44.54559990662399],[11.3560393790874,44.544380240447325],[11.355952190242547,44.54385619109791],[11.35594960102789,44.543515686999136],[11.35596931998472,44.54326154001319],[11.356045726673772,44.54258044043027],[11.356094223806846,44.54214060975781],[11.356158842153626,44.54155451310838]],"type":"LineString"},"properties":{"geo_point_2d":{"lon":11.356338672338689,"lat":44.54527462407644},"ente":"01","codice":2080,"codvia":6950,"nomevia":"VIA GENUZIO BENTINI","codviada":0,"nomeviada":null,"codviaa":0,"nomeviaa":null,"ordinanza":"4000\/343434","stato":"A","lunghezza":829,"larghezza":0.0,"uso":6709,"duso":"Itinerario ciclabile","tipologia":6721,"dtipologia":"promiscuo veicolare","codarco1":9606,"nomevia1":"VIA GENUZIO BENTINI","codarco2":9605,"nomevia2":"VIA GENUZIO BENTINI","codarco3":3916,"nomevia3":"VIA GENUZIO BENTINI","codarco4":6546,"nomevia4":"VIA GENUZIO BENTINI","codarco5":6547,"nomevia5":"VIA GENUZIO BENTINI","n_ciclovia":6}},{"type":"Feature","geometry":{"coordinates":[[11.324239132372982,44.517966719873186],[11.324307928952981,44.517882106298025],[11.324456013453188,44.517676396563786],[11.324612445391333,44.51737234972252],[11.324665588497027,44.517280757549464],[11.324694025072672,44.51723683774597]],"type":"LineString"},"properties":{"geo_point_2d":{"lon":11.324478229467251,"lat":44.51760944159089},"ente":"01","codice":400,"codvia":63100,"nomevia":"VIA FRANCESCO ZANARDI","codviada":60580,"nomeviada":"VIA VASCO DE GAMA","codviaa":0,"nomeviaa":null,"ordinanza":"4000\/343434","stato":"O","lunghezza":89,"larghezza":0.0,"uso":3002,"duso":"Ciclabile","tipologia":2902,"dtipologia":"corsia ciclabile su strada","codarco1":9252,"nomevia1":"VIA FRANCESCO ZANARDI","codarco2":null,"nomevia2":null,"codarco3":null,"nomevia3":null,"codarco4":null,"nomevia4":null,"codarco5":null,"nomevia5":null,"n_ciclovia":5}},{"type":"Feature","geometry":{"coordinates":[[11.309268896018684,44.498202627049146],[11.309845153937564,44.498180160507694],[11.310454097942785,44.49816033838374],[11.311068055663295,44.498133083501244],[11.311258249067246,44.49812478289957],[11.31163283614748,44.4980668063467],[11.311685058591065,44.49802572352062]],"type":"LineString"},"properties":{"geo_point_2d":{"lon":11.31048556320279,"lat":44.498151123754745},"ente":"01","codice":812,"codvia":0,"nomevia":null,"codviada":0,"nomeviada":null,"codviaa":0,"nomeviaa":null,"ordinanza":"4000\/343434","stato":"A","lunghezza":195,"larghezza":0.0,"uso":3002,"duso":"Ciclabile","tipologia":2902,"dtipologia":"corsia ciclabile su strada","codarco1":null,"nomevia1":null,"codarco2":null,"nomevia2":null,"codarco3":null,"nomevia3":null,"codarco4":null,"nomevia4":null,"codarco5":null,"nomevia5":null,"n_ciclovia":4}},{"type":"Feature","geometry":{"coordinates":[[11.31058955384566,44.49568715470796],[11.310468685158435,44.49566585753048],[11.309671916804655,44.49550694239539],[11.308982745027564,44.49536303620008],[11.308938551544095,44.49534986416499],[11.307267386819136,44.49455843969549]],"type":"LineString"},"properties":{"geo_point_2d":{"lon":11.308894521515716,"lat":44.49522559863036},"ente":"01","codice":822,"codvia":15900,"nomevia":"VIA DELLA CERTOSA","codviada":0,"nomeviada":null,"codviaa":0,"nomeviaa":null,"ordinanza":"4000\/343434","stato":"A","lunghezza":296,"larghezza":0.0,"uso":3003,"duso":"Pedonale-Ciclabile","tipologia":6717,"dtipologia":"promiscuo ciclopedonale","codarco1":7770,"nomevia1":"VIA DELLA CERTOSA","codarco2":null,"nomevia2":null,"codarco3":null,"nomevia3":null,"codarco4":null,"nomevia4":null,"codarco5":null,"nomevia5":null,"n_ciclovia":null}},{"type":"Feature","geometry":{"coordinates":[[11.32596375356563,44.49695041727779],[11.326507970501009,44.49693490707252],[11.326688283105666,44.49695604827083]],"type":"LineString"},"properties":{"geo_point_2d":{"lon":11.326326453841823,"lat":44.496943366248374},"ente":"01","codice":833,"codvia":0,"nomevia":null,"codviada":0,"nomeviada":null,"codviaa":0,"nomeviaa":null,"ordinanza":"4000\/343434","stato":"A","lunghezza":58,"larghezza":0.0,"uso":3002,"duso":"Ciclabile","tipologia":2901,"dtipologia":"sede propria","codarco1":9496,"nomevia1":"VIA SABOTINO","codarco2":391,"nomevia2":"VIA SABOTINO","codarco3":null,"nomevia3":null,"codarco4":null,"nomevia4":null,"codarco5":null,"nomevia5":null,"n_ciclovia":4}},{"type":"Feature","geometry":{"coordinates":[[11.352681811080725,44.50230636239061],[11.352793877232562,44.50234788750782],[11.35289035688957,44.502489062588495],[11.353003849966102,44.502707160182126],[11.353215705260602,44.503137597646116],[11.353440547978076,44.5036217704598],[11.353542183695831,44.50382664528634]],"type":"LineString"},"properties":{"geo_point_2d":{"lon":11.353151166993287,"lat":44.50302946800775},"ente":"01","codice":1131,"codvia":0,"nomevia":null,"codviada":0,"nomeviada":null,"codviaa":0,"nomeviaa":null,"ordinanza":"4000\/343434","stato":"A","lunghezza":185,"larghezza":0.0,"uso":3002,"duso":"Ciclabile","tipologia":2902,"dtipologia":"corsia ciclabile su strada","codarco1":null,"nomevia1":null,"codarco2":null,"nomevia2":null,"codarco3":null,"nomevia3":null,"codarco4":null,"nomevia4":null,"codarco5":null,"nomevia5":null,"n_ciclovia":null}},{"type":"Feature","geometry":{"coordinates":[[11.368376955104798,44.50382971221438],[11.368611449982021,44.50391137752836],[11.36901476804266,44.504112554746],[11.36976314681421,44.504476088550874],[11.369874807227609,44.504524418101326],[11.3708377802876,44.50493593501707],[11.371224727637493,44.50510373513413],[11.37142851588722,44.50519750473549],[11.371817233090027,44.505369237314035],[11.372027704684992,44.50545783766943]],"type":"LineString"},"properties":{"geo_point_2d":{"lon":11.37019880328041,"lat":44.50465012777211},"ente":"01","codice":1794,"codvia":20500,"nomevia":"VIA SAN DONATO","codviada":0,"nomeviada":null,"codviaa":0,"nomeviaa":null,"ordinanza":"4000\/343434","stato":"A","lunghezza":342,"larghezza":0.0,"uso":3003,"duso":"Pedonale-Ciclabile","tipologia":6718,"dtipologia":"ciclabile contigua al pedonale","codarco1":3434,"nomevia1":"VIA SAN DONATO","codarco2":3416,"nomevia2":"VIA SAN DONATO","codarco3":7034,"nomevia3":"VIA SAN DONATO","codarco4":3418,"nomevia4":"VIA SAN DONATO","codarco5":null,"nomevia5":null,"n_ciclovia":8}},{"type":"Feature","geometry":{"coordinates":[[11.353047643674381,44.53124246958815],[11.353701085128995,44.53197351383089],[11.35387229818716,44.53216493470354]],"type":"LineString"},"properties":{"geo_point_2d":{"lon":11.353459946233237,"lat":44.53170372422888},"ente":"01","codice":2207,"codvia":17950,"nomevia":"VIA DI CORTICELLA","codviada":36280,"nomeviada":"VIA MARZIALE","codviaa":56180,"nomeviaa":"VIA STENDHAL","ordinanza":"4000\/343434","stato":"A","lunghezza":122,"larghezza":0.0,"uso":6709,"duso":"Itinerario ciclabile","tipologia":2902,"dtipologia":"corsia ciclabile su strada","codarco1":3609,"nomevia1":"VIA DI CORTICELLA","codarco2":3654,"nomevia2":"VIA DI CORTICELLA","codarco3":null,"nomevia3":null,"codarco4":null,"nomevia4":null,"codarco5":null,"nomevia5":null,"n_ciclovia":6}},{"type":"Feature","geometry":{"coordinates":[[11.324902783143681,44.51654587812762],[11.3249644106995,44.516275704209136],[11.325010974667324,44.51611817640459],[11.325113292764826,44.515839381875814],[11.325249383652176,44.515551619213134],[11.325380498025083,44.51536668271068],[11.325506039338173,44.51522522038325]],"type":"LineString"},"properties":{"geo_point_2d":{"lon":11.32514328428379,"lat":44.51585547496425},"ente":"01","codice":410,"codvia":63100,"nomevia":"VIA FRANCESCO ZANARDI","codviada":61300,"nomeviada":"VIA AMERIGO VESPUCCI","codviaa":0,"nomeviaa":null,"ordinanza":"4000\/343434","stato":"O","lunghezza":156,"larghezza":0.0,"uso":3002,"duso":"Ciclabile","tipologia":2902,"dtipologia":"corsia ciclabile su strada","codarco1":6635,"nomevia1":"VIA FRANCESCO ZANARDI","codarco2":6694,"nomevia2":"VIA FRANCESCO ZANARDI","codarco3":null,"nomevia3":null,"codarco4":null,"nomevia4":null,"codarco5":null,"nomevia5":null,"n_ciclovia":5}},{"type":"Feature","geometry":{"coordinates":[[11.373910420182682,44.49190762096895],[11.374118974164817,44.493382716360024]],"type":"LineString"},"properties":{"geo_point_2d":{"lon":11.374014697173747,"lat":44.49264516866449},"ente":"01","codice":612,"codvia":4000,"nomevia":"VIA AZZURRA","codviada":60950,"nomeviada":"VIA VERDE","codviaa":36800,"nomeviaa":"VIA GIUSEPPE MASSARENTI","ordinanza":"4000\/343434","stato":"A","lunghezza":165,"larghezza":0.0,"uso":3002,"duso":"Ciclabile","tipologia":2901,"dtipologia":"sede propria","codarco1":1919,"nomevia1":"VIA AZZURRA","codarco2":null,"nomevia2":null,"codarco3":null,"nomevia3":null,"codarco4":null,"nomevia4":null,"codarco5":null,"nomevia5":null,"n_ciclovia":null}},{"type":"Feature","geometry":{"coordinates":[[11.333493187622118,44.51706460480766],[11.335640337584929,44.51705618204366],[11.335895194042356,44.517046736703605],[11.335962267051736,44.517040969385484]],"type":"LineString"},"properties":{"geo_point_2d":{"lon":11.334727920313604,"lat":44.517059019890304},"ente":"01","codice":1148,"codvia":0,"nomevia":null,"codviada":0,"nomeviada":null,"codviaa":0,"nomeviaa":null,"ordinanza":"4000\/343434","stato":"A","lunghezza":196,"larghezza":0.0,"uso":3002,"duso":"Ciclabile","tipologia":2902,"dtipologia":"corsia ciclabile su strada","codarco1":null,"nomevia1":null,"codarco2":null,"nomevia2":null,"codarco3":null,"nomevia3":null,"codarco4":null,"nomevia4":null,"codarco5":null,"nomevia5":null,"n_ciclovia":null}},{"type":"Feature","geometry":{"coordinates":[[11.389396773346176,44.51447586719806],[11.38913593192165,44.51433500651815],[11.38858925847697,44.514017716243],[11.387941963096077,44.51362283199943],[11.387223152948263,44.51319812153898],[11.38668477044308,44.512855360960536],[11.386278413921207,44.51259033501043]],"type":"LineString"},"properties":{"geo_point_2d":{"lon":11.387826955194637,"lat":44.51355073965852},"ente":"01","codice":1982,"codvia":20500,"nomevia":"VIA SAN DONATO","codviada":52430,"nomeviada":"VIA EMILIO SALGARI","codviaa":46430,"nomeviaa":"VIA LUIGI PIRANDELLO","ordinanza":"4000\/343434","stato":"A","lunghezza":325,"larghezza":0.0,"uso":3002,"duso":"Ciclabile","tipologia":2901,"dtipologia":"sede propria","codarco1":4771,"nomevia1":"VIA SAN DONATO","codarco2":null,"nomevia2":null,"codarco3":null,"nomevia3":null,"codarco4":null,"nomevia4":null,"codarco5":null,"nomevia5":null,"n_ciclovia":8}},{"type":"Feature","geometry":{"coordinates":[[11.390977036040074,44.51530445952966],[11.392226373956753,44.51592844634711],[11.392490500121859,44.51597196635888],[11.39271083083483,44.51596521194973],[11.392893846698945,44.515920845520476],[11.39310699762667,44.51588437874232]],"type":"LineString"},"properties":{"geo_point_2d":{"lon":11.392017286260291,"lat":44.515743286580694},"ente":"01","codice":1987,"codvia":0,"nomevia":null,"codviada":0,"nomeviada":null,"codviaa":0,"nomeviaa":null,"ordinanza":"4000\/343434","stato":"A","lunghezza":193,"larghezza":0.0,"uso":3002,"duso":"Ciclabile","tipologia":2901,"dtipologia":"sede propria","codarco1":null,"nomevia1":null,"codarco2":null,"nomevia2":null,"codarco3":null,"nomevia3":null,"codarco4":null,"nomevia4":null,"codarco5":null,"nomevia5":null,"n_ciclovia":8}},{"type":"Feature","geometry":{"coordinates":[[11.356984806181263,44.49482647296772],[11.357113419480418,44.49388653901366]],"type":"LineString"},"properties":{"geo_point_2d":{"lon":11.35704911283084,"lat":44.49435650599069},"ente":"01","codice":2043,"codvia":62100,"nomevia":"PIAZZA DI PORTA S.VITALE","codviada":0,"nomeviada":null,"codviaa":0,"nomeviaa":null,"ordinanza":"4000\/343434","stato":"A","lunghezza":105,"larghezza":0.0,"uso":3002,"duso":"Ciclabile","tipologia":2901,"dtipologia":"sede propria","codarco1":1756,"nomevia1":"VIALE QUIRICO FILOPANTI","codarco2":8931,"nomevia2":"PIAZZA DI PORTA S.VITALE","codarco3":8933,"nomevia3":"PIAZZA DI PORTA S.VITALE","codarco4":1752,"nomevia4":"PIAZZA DI PORTA S.VITALE","codarco5":null,"nomevia5":null,"n_ciclovia":null}},{"type":"Feature","geometry":{"coordinates":[[11.2950935612166,44.509196142888065],[11.294840459558,44.509252474351186],[11.294711057876816,44.5092862372638],[11.294626055752632,44.509312534893844],[11.294481282073773,44.509366593742904],[11.290678016761898,44.51088562034981]],"type":"LineString"},"properties":{"geo_point_2d":{"lon":11.29287628224742,"lat":44.51001124556971},"ente":"01","codice":2098,"codvia":21400,"nomevia":"VIA EMILIA PONENTE","codviada":46320,"nomeviada":"VIA ANGELO PIO'","codviaa":59350,"nomeviaa":"VIA DEL TRIUMVIRATO","ordinanza":"4000\/343434","stato":"O","lunghezza":399,"larghezza":0.0,"uso":3002,"duso":"Ciclabile","tipologia":2902,"dtipologia":"corsia ciclabile su strada","codarco1":11164,"nomevia1":"VIA EMILIA PONENTE","codarco2":null,"nomevia2":null,"codarco3":null,"nomevia3":null,"codarco4":null,"nomevia4":null,"codarco5":null,"nomevia5":null,"n_ciclovia":1}},{"type":"Feature","geometry":{"coordinates":[[11.357880012598304,44.486069401478076],[11.357925265545031,44.4857289244286],[11.357867720671068,44.48564690147882],[11.356683469693893,44.48484001478483]],"type":"LineString"},"properties":{"geo_point_2d":{"lon":11.357423507092442,"lat":44.485387195302614},"ente":"01","codice":571,"codvia":13150,"nomevia":"VIALE GIOSUE' CARDUCCI","codviada":0,"nomeviada":null,"codviaa":56150,"nomeviaa":"PIAZZA DI PORTA SANTO STEFANO","ordinanza":"4000\/343434","stato":"A","lunghezza":178,"larghezza":0.0,"uso":3003,"duso":"Pedonale-Ciclabile","tipologia":6718,"dtipologia":"ciclabile contigua al pedonale","codarco1":8898,"nomevia1":"VIALE GIOSUE' CARDUCCI","codarco2":null,"nomevia2":null,"codarco3":null,"nomevia3":null,"codarco4":null,"nomevia4":null,"codarco5":null,"nomevia5":null,"n_ciclovia":null}},{"type":"Feature","geometry":{"coordinates":[[11.304600696607997,44.499342070063854],[11.304685426746657,44.49933882762295],[11.305107143964555,44.4992628835855],[11.305175304564097,44.49924629878706],[11.305214867440778,44.49922684843827],[11.305201347816999,44.499184584289694],[11.305177069622381,44.499110212792345],[11.305188315032758,44.499094697452044],[11.305230383134539,44.49907859391752],[11.3064454803069,44.498590967952936],[11.30675385246564,44.49845717791903],[11.306885940101347,44.49843240595964],[11.30799674613857,44.49825933598667]],"type":"LineString"},"properties":{"geo_point_2d":{"lon":11.306238373164817,"lat":44.4987381404078},"ente":"01","codice":811,"codvia":0,"nomevia":null,"codviada":0,"nomeviada":null,"codviaa":0,"nomeviaa":null,"ordinanza":"4000\/343434","stato":"A","lunghezza":311,"larghezza":0.0,"uso":3002,"duso":"Ciclabile","tipologia":2901,"dtipologia":"sede propria","codarco1":null,"nomevia1":null,"codarco2":null,"nomevia2":null,"codarco3":null,"nomevia3":null,"codarco4":null,"nomevia4":null,"codarco5":null,"nomevia5":null,"n_ciclovia":4}},{"type":"Feature","geometry":{"coordinates":[[11.394989788657899,44.475730851060256],[11.395324971506652,44.475604280008966]],"type":"LineString"},"properties":{"geo_point_2d":{"lon":11.395157380082274,"lat":44.47566756553461},"ente":"01","codice":1175,"codvia":0,"nomevia":null,"codviada":0,"nomeviada":null,"codviaa":0,"nomeviaa":null,"ordinanza":"4000\/343434","stato":"A","lunghezza":30,"larghezza":0.0,"uso":3003,"duso":"Pedonale-Ciclabile","tipologia":6717,"dtipologia":"promiscuo ciclopedonale","codarco1":null,"nomevia1":null,"codarco2":null,"nomevia2":null,"codarco3":null,"nomevia3":null,"codarco4":null,"nomevia4":null,"codarco5":null,"nomevia5":null,"n_ciclovia":1}},{"type":"Feature","geometry":{"coordinates":[[11.357113419480418,44.49388653901366],[11.357260095989572,44.49246911126555],[11.357520152806352,44.49019263745794]],"type":"LineString"},"properties":{"geo_point_2d":{"lon":11.357312143971663,"lat":44.49203908290935},"ente":"01","codice":1073,"codvia":0,"nomevia":null,"codviada":0,"nomeviada":null,"codviaa":0,"nomeviaa":null,"ordinanza":"4000\/343434","stato":"A","lunghezza":412,"larghezza":0.0,"uso":3002,"duso":"Ciclabile","tipologia":2901,"dtipologia":"sede propria","codarco1":null,"nomevia1":null,"codarco2":null,"nomevia2":null,"codarco3":null,"nomevia3":null,"codarco4":null,"nomevia4":null,"codarco5":null,"nomevia5":null,"n_ciclovia":null}},{"type":"Feature","geometry":{"coordinates":[[11.33138588638422,44.517078756049564],[11.330858205282762,44.51708579429545],[11.330282539186431,44.517111268969536],[11.329923745613861,44.51714387443889],[11.328813496986545,44.517275269509604],[11.328638451832171,44.51730328257167]],"type":"LineString"},"properties":{"geo_point_2d":{"lon":11.330009505584902,"lat":44.517156455126816},"ente":"01","codice":1151,"codvia":24780,"nomevia":"VIA YURI GAGARIN","codviada":8100,"nomeviada":"VIA DELLA BEVERARA","codviaa":80030,"nomeviaa":null,"ordinanza":"4000\/343434","stato":"O","lunghezza":220,"larghezza":0.0,"uso":3002,"duso":"Ciclabile","tipologia":2902,"dtipologia":"corsia ciclabile su strada","codarco1":4657,"nomevia1":"VIA YURI GAGARIN","codarco2":null,"nomevia2":null,"codarco3":null,"nomevia3":null,"codarco4":null,"nomevia4":null,"codarco5":null,"nomevia5":null,"n_ciclovia":null}},{"type":"Feature","geometry":{"coordinates":[[11.315118859212983,44.532730041385676],[11.315328502615296,44.533223035166195],[11.315445592815683,44.533503823359304],[11.31564594515506,44.533999134935605],[11.315783260326832,44.53431735516238],[11.315877174517086,44.53452765336462],[11.31604924696617,44.534917136292826],[11.31616043525068,44.53517603055863],[11.316298348257915,44.53549737256424],[11.316501995295182,44.53601936996166],[11.316560569574058,44.53618653463241],[11.316632388423828,44.5364003787067],[11.316689572140286,44.53660003681669],[11.3167600198236,44.536835746534514],[11.316810547865268,44.536939754157274],[11.316873905652148,44.53716000792935],[11.316924561905804,44.537257011949244],[11.316968119572678,44.53733187805596],[11.31700218032126,44.53738251093846],[11.317131733228125,44.53757876957333],[11.317356917968464,44.537918555767625],[11.317426965014166,44.53803066177192],[11.317501133095844,44.538169398924744],[11.317560195289529,44.538324044925474],[11.317671576169538,44.53862006838838],[11.317689176834866,44.53867945310121],[11.317838940925574,44.53916964897458],[11.317925028880133,44.53946359181601],[11.31804904947801,44.5399112882026],[11.318128716128747,44.54024542251254],[11.318187980913285,44.540637294996735],[11.318284439284573,44.541368873361925],[11.318353678512917,44.54184050140228],[11.318409350050516,44.54197498176248],[11.318454438167658,44.542030124413095],[11.319062159413049,44.54259571067619],[11.319398043306087,44.54290577548356],[11.319568698960014,44.54307394891147],[11.319627675517387,44.543148468023126],[11.31968014733579,44.54321476928621],[11.31979208332482,44.5433563883057],[11.320029192050809,44.54366392198651],[11.32018436863859,44.5438665831292],[11.320270822296967,44.54400657479035],[11.32032149169292,44.54413155090223],[11.32035833649565,44.54430248928642],[11.320388503124288,44.54458527682824],[11.320419268928456,44.54483389513758],[11.32046292206843,44.54525784323164]],"type":"LineString"},"properties":{"geo_point_2d":{"lon":11.317756996082844,"lat":44.53908888369144},"ente":"01","codice":2122,"codvia":63100,"nomevia":"VIA FRANCESCO ZANARDI","codviada":0,"nomeviada":null,"codviaa":0,"nomeviaa":null,"ordinanza":"4000\/343434","stato":"O","lunghezza":1476,"larghezza":0.0,"uso":3002,"duso":"Ciclabile","tipologia":2902,"dtipologia":"corsia ciclabile su strada","codarco1":6625,"nomevia1":"VIA FRANCESCO ZANARDI","codarco2":6651,"nomevia2":"VIA FRANCESCO ZANARDI","codarco3":6629,"nomevia3":"VIA FRANCESCO ZANARDI","codarco4":6628,"nomevia4":"VIA FRANCESCO ZANARDI","codarco5":6650,"nomevia5":"VIA FRANCESCO ZANARDI","n_ciclovia":5}},{"type":"Feature","geometry":{"coordinates":[[[11.347550217345628,44.51186341774098],[11.347270234860249,44.510965874161975],[11.346947909763086,44.50988873053091]],[[11.347019293376476,44.50996281375378],[11.346947909763086,44.50988873053091],[11.346925177907403,44.50997723469908]],[[11.347306374890913,44.51100269291248],[11.347270234860249,44.510965874161975],[11.34725940545958,44.51101019512758]]],"type":"MultiLineString"},"properties":{"geo_point_2d":{"lon":11.347224022790353,"lat":44.510803299829156},"ente":"01","codice":2123,"codvia":37100,"nomevia":"VIA GIACOMO MATTEOTTI","codviada":0,"nomeviada":null,"codviaa":0,"nomeviaa":null,"ordinanza":"4000\/343434","stato":"A","lunghezza":255,"larghezza":0.0,"uso":3002,"duso":"Ciclabile","tipologia":6715,"dtipologia":"corsia preferenziale bus\/bici","codarco1":3218,"nomevia1":"VIA GIACOMO MATTEOTTI","codarco2":3292,"nomevia2":"PIAZZA DELL'UNITA'","codarco3":null,"nomevia3":null,"codarco4":null,"nomevia4":null,"codarco5":null,"nomevia5":null,"n_ciclovia":6}},{"type":"Feature","geometry":{"coordinates":[[[11.356739425927271,44.55086802047003],[11.356843765273485,44.55073819227024],[11.35697603686118,44.55057037967624],[11.357096633840273,44.55039457734762],[11.357229576488965,44.550086303640676],[11.357263727565597,44.54999024328458],[11.3572721765566,44.54991895182638],[11.357285428355068,44.54980713905327],[11.357299906821739,44.5496849835878],[11.357343655005572,44.549489687350885]],[[11.357372848498157,44.54957741413324],[11.357343655005572,44.549489687350885],[11.357277550631073,44.54956672984085]]],"type":"MultiLineString"},"properties":{"geo_point_2d":{"lon":11.357143928154322,"lat":44.550137091673996},"ente":"01","codice":2231,"codvia":6950,"nomevia":"VIA GENUZIO BENTINI","codviada":0,"nomeviada":null,"codviaa":54580,"nomeviaa":"VIA WILLIAM SHAKESPEARE","ordinanza":"4000\/343434","stato":"A","lunghezza":183,"larghezza":0.0,"uso":3002,"duso":"Ciclabile","tipologia":2902,"dtipologia":"corsia ciclabile su strada","codarco1":9055,"nomevia1":"VIA GENUZIO BENTINI","codarco2":9054,"nomevia2":"VIA GENUZIO BENTINI","codarco3":null,"nomevia3":null,"codarco4":null,"nomevia4":null,"codarco5":null,"nomevia5":null,"n_ciclovia":6}}]}