{"type":"FeatureCollection","features":[{"type":"Feature","geometry":{"coordinates":[11.366219,44.507917],"type":"Point"},"properties":{"geo_point_2d":{"lon":11.366219,"lat":44.507917},"id":"kyODY","nomevia":"via Moro","civico":"34-36","numposti":16}},{"type":"Feature","geometry":{"coordinates":[11.366299,44.508064],"type":"Point"},"properties":{"geo_point_2d":{"lon":11.366299,"lat":44.508064},"id":"QyODc","nomevia":"via Moro","civico":"36","numposti":16}},{"type":"Feature","geometry":{"coordinates":[11.365607,44.508061],"type":"Point"},"properties":{"geo_point_2d":{"lon":11.365607,"lat":44.508061},"id":"Q1MzQ","nomevia":"via Moro","civico":"38","numposti":24}},{"type":"Feature","geometry":{"coordinates":[11.365013,44.507718],"type":"Point"},"properties":{"geo_point_2d":{"lon":11.365013,"lat":44.507718},"id":"Y2MzM","nomevia":"via Moro","civico":"66","numposti":18}},{"type":"Feature","geometry":{"coordinates":[11.364909,44.50855],"type":"Point"},"properties":{"geo_point_2d":{"lon":11.364909,"lat":44.50855},"id":"IyMDM","nomevia":"via Moro","civico":"30","numposti":18}},{"type":"Feature","geometry":{"coordinates":[11.365804,44.507584],"type":"Point"},"properties":{"geo_point_2d":{"lon":11.365804,"lat":44.507584},"id":"UwNjI","nomevia":"via Moro","civico":"46","numposti":24}},{"type":"Feature","geometry":{"coordinates":[11.367003,44.508366],"type":"Point"},"properties":{"geo_point_2d":{"lon":11.367003,"lat":44.508366},"id":"M3MDU","nomevia":"Terza Torre Regione ER","civico":null,"numposti":32}},{"type":"Feature","geometry":{"coordinates":[11.367824,44.508259],"type":"Point"},"properties":{"geo_point_2d":{"lon":11.367824,"lat":44.508259},"id":"Q0NzE","nomevia":"Terza Torre Regione ER","civico":null,"numposti":24}},{"type":"Feature","geometry":{"coordinates":[11.365968,44.507813],"type":"Point"},"properties":{"geo_point_2d":{"lon":11.365968,"lat":44.507813},"id":"UzNzI","nomevia":"via Moro","civico":"36","numposti":16}},{"type":"Feature","geometry":{"coordinates":[11.312621920874474,44.52150682286417],"type":"Point"},"properties":{"geo_point_2d":{"lon":11.312621920874474,"lat":44.52150682286417},"id":"1002","nomevia":"Agucchi (Via)","civico":"fr. 120","numposti":6}},{"type":"Feature","geometry":{"coordinates":[11.364538450213201,44.49147802417266],"type":"Point"},"properties":{"geo_point_2d":{"lon":11.364538450213201,"lat":44.49147802417266},"id":"1004","nomevia":"Albertoni (Via)","civico":"19\/a","numposti":4}},{"type":"Feature","geometry":{"coordinates":[11.36281917592437,44.48939898400279],"type":"Point"},"properties":{"geo_point_2d":{"lon":11.36281917592437,"lat":44.48939898400279},"id":"1007","nomevia":"Albertoni (Via)","civico":"8","numposti":20}},{"type":"Feature","geometry":{"coordinates":[11.3638232277597,44.502004903981344],"type":"Point"},"properties":{"geo_point_2d":{"lon":11.3638232277597,"lat":44.502004903981344},"id":"1009","nomevia":"Amaseo (Via)","civico":"9","numposti":8}},{"type":"Feature","geometry":{"coordinates":[11.31986056443617,44.49890575145457],"type":"Point"},"properties":{"geo_point_2d":{"lon":11.31986056443617,"lat":44.49890575145457},"id":"1014","nomevia":"Asiago (Via)","civico":"16","numposti":10}},{"type":"Feature","geometry":{"coordinates":[11.326705178093164,44.4934277870905],"type":"Point"},"properties":{"geo_point_2d":{"lon":11.326705178093164,"lat":44.4934277870905},"id":"1015","nomevia":"Audinot (Via)","civico":null,"numposti":6}},{"type":"Feature","geometry":{"coordinates":[11.346930860594629,44.51657801285921],"type":"Point"},"properties":{"geo_point_2d":{"lon":11.346930860594629,"lat":44.51657801285921},"id":"1017","nomevia":"Barbieri (Via)","civico":"5","numposti":6}},{"type":"Feature","geometry":{"coordinates":[11.400864819757556,44.49518880863915],"type":"Point"},"properties":{"geo_point_2d":{"lon":11.400864819757556,"lat":44.49518880863915},"id":"1018","nomevia":"Barelli (Via)","civico":"1","numposti":8}},{"type":"Feature","geometry":{"coordinates":[11.347587671912628,44.50465038270197],"type":"Point"},"properties":{"geo_point_2d":{"lon":11.347587671912628,"lat":44.50465038270197},"id":"1019","nomevia":"Barozzi (Via)","civico":"15","numposti":26}},{"type":"Feature","geometry":{"coordinates":[11.368446048469492,44.48451254909912],"type":"Point"},"properties":{"geo_point_2d":{"lon":11.368446048469492,"lat":44.48451254909912},"id":"1022","nomevia":"Bassi Veratti (Via)","civico":null,"numposti":8}},{"type":"Feature","geometry":{"coordinates":[11.367960748178014,44.48282848590395],"type":"Point"},"properties":{"geo_point_2d":{"lon":11.367960748178014,"lat":44.48282848590395},"id":"1025","nomevia":"Bassi Veratti (Via)","civico":null,"numposti":20}},{"type":"Feature","geometry":{"coordinates":[11.376755918222464,44.46787508217245],"type":"Point"},"properties":{"geo_point_2d":{"lon":11.376755918222464,"lat":44.46787508217245},"id":"1028","nomevia":"Benedetto Marcello (Via)","civico":"7\/a","numposti":6}},{"type":"Feature","geometry":{"coordinates":[11.364532312024348,44.4942504664755],"type":"Point"},"properties":{"geo_point_2d":{"lon":11.364532312024348,"lat":44.4942504664755},"id":"1030","nomevia":"Bentivogli (Via)","civico":"10","numposti":6}},{"type":"Feature","geometry":{"coordinates":[11.364357457419674,44.49539235601338],"type":"Point"},"properties":{"geo_point_2d":{"lon":11.364357457419674,"lat":44.49539235601338},"id":"1031","nomevia":"Bentivogli (Via)","civico":"32","numposti":4}},{"type":"Feature","geometry":{"coordinates":[11.371077824061945,44.50080431131086],"type":"Point"},"properties":{"geo_point_2d":{"lon":11.371077824061945,"lat":44.50080431131086},"id":"1034","nomevia":"Beroaldo (Via)","civico":null,"numposti":10}},{"type":"Feature","geometry":{"coordinates":[11.334011990850664,44.52138366056068],"type":"Point"},"properties":{"geo_point_2d":{"lon":11.334011990850664,"lat":44.52138366056068},"id":"1038","nomevia":"Beverara (Via)","civico":"123","numposti":10}},{"type":"Feature","geometry":{"coordinates":[11.350507193887198,44.50747606553306],"type":"Point"},"properties":{"geo_point_2d":{"lon":11.350507193887198,"lat":44.50747606553306},"id":"1040","nomevia":"Bigari (Via)","civico":"1","numposti":4}},{"type":"Feature","geometry":{"coordinates":[11.369336109763527,44.48970315338681],"type":"Point"},"properties":{"geo_point_2d":{"lon":11.369336109763527,"lat":44.48970315338681},"id":"1042","nomevia":"Bondi (Via)","civico":null,"numposti":8}},{"type":"Feature","geometry":{"coordinates":[11.29309696706004,44.49495103487554],"type":"Point"},"properties":{"geo_point_2d":{"lon":11.29309696706004,"lat":44.49495103487554},"id":"1046","nomevia":"Capitini (Piazza)","civico":"8\/a, 8\/b, 10","numposti":20}},{"type":"Feature","geometry":{"coordinates":[11.340495561920402,44.507585534365624],"type":"Point"},"properties":{"geo_point_2d":{"lon":11.340495561920402,"lat":44.507585534365624},"id":"1050","nomevia":"Carracci (Via)","civico":"fr. 67","numposti":36}},{"type":"Feature","geometry":{"coordinates":[11.347290696993845,44.514027637250116],"type":"Point"},"properties":{"geo_point_2d":{"lon":11.347290696993845,"lat":44.514027637250116},"id":"1056","nomevia":"Corticella (Via)","civico":null,"numposti":2}},{"type":"Feature","geometry":{"coordinates":[11.34749863141623,44.51503335558232],"type":"Point"},"properties":{"geo_point_2d":{"lon":11.34749863141623,"lat":44.51503335558232},"id":"1057","nomevia":"Corticella (Via)","civico":null,"numposti":4}},{"type":"Feature","geometry":{"coordinates":[11.311424988786351,44.490278439800505],"type":"Point"},"properties":{"geo_point_2d":{"lon":11.311424988786351,"lat":44.490278439800505},"id":"1064","nomevia":"De Coubertin (Via)","civico":"1","numposti":10}},{"type":"Feature","geometry":{"coordinates":[11.343033319748727,44.50746420219404],"type":"Point"},"properties":{"geo_point_2d":{"lon":11.343033319748727,"lat":44.50746420219404},"id":"1065","nomevia":"De Maria (Via)","civico":null,"numposti":24}},{"type":"Feature","geometry":{"coordinates":[11.344576051130733,44.510007020295745],"type":"Point"},"properties":{"geo_point_2d":{"lon":11.344576051130733,"lat":44.510007020295745},"id":"1067","nomevia":"Di Vincenzo (Via)","civico":"28\/e","numposti":6}},{"type":"Feature","geometry":{"coordinates":[11.344075762589421,44.50732431259287],"type":"Point"},"properties":{"geo_point_2d":{"lon":11.344075762589421,"lat":44.50732431259287},"id":"1068","nomevia":"Di Vincenzo (Via)","civico":"1","numposti":10}},{"type":"Feature","geometry":{"coordinates":[11.343926786859404,44.50752649443229],"type":"Point"},"properties":{"geo_point_2d":{"lon":11.343926786859404,"lat":44.50752649443229},"id":"1070","nomevia":"Di Vincenzo (Via)","civico":"2\/3","numposti":18}},{"type":"Feature","geometry":{"coordinates":[11.380727233333495,44.481339763867574],"type":"Point"},"properties":{"geo_point_2d":{"lon":11.380727233333495,"lat":44.481339763867574},"id":"1076","nomevia":"Emilia Levante (Via)","civico":"69","numposti":4}},{"type":"Feature","geometry":{"coordinates":[11.314672366159853,44.503622731626095],"type":"Point"},"properties":{"geo_point_2d":{"lon":11.314672366159853,"lat":44.503622731626095},"id":"1080","nomevia":"Emilia Ponente (Via)","civico":null,"numposti":4}},{"type":"Feature","geometry":{"coordinates":[11.36327866080315,44.49272701950124],"type":"Point"},"properties":{"geo_point_2d":{"lon":11.36327866080315,"lat":44.49272701950124},"id":"1082","nomevia":"Fabbri Paolo (Via)","civico":"fr. 2\/b","numposti":8}},{"type":"Feature","geometry":{"coordinates":[11.363054593366181,44.49418019709833],"type":"Point"},"properties":{"geo_point_2d":{"lon":11.363054593366181,"lat":44.49418019709833},"id":"1084","nomevia":"Fabbri Paolo (Via)","civico":"19","numposti":4}},{"type":"Feature","geometry":{"coordinates":[11.36277390207282,44.494400604919115],"type":"Point"},"properties":{"geo_point_2d":{"lon":11.36277390207282,"lat":44.494400604919115},"id":"1085","nomevia":"Fabbri Paolo (Via)","civico":"20","numposti":4}},{"type":"Feature","geometry":{"coordinates":[11.362570482023958,44.497377490060906],"type":"Point"},"properties":{"geo_point_2d":{"lon":11.362570482023958,"lat":44.497377490060906},"id":"1094","nomevia":"Fabbri Paolo (Via)","civico":"65\/2","numposti":4}},{"type":"Feature","geometry":{"coordinates":[11.36218936463141,44.498570544191196],"type":"Point"},"properties":{"geo_point_2d":{"lon":11.36218936463141,"lat":44.498570544191196},"id":"1097","nomevia":"Fabbri Paolo (Via)","civico":"94","numposti":4}},{"type":"Feature","geometry":{"coordinates":[11.293449052372543,44.51599955984015],"type":"Point"},"properties":{"geo_point_2d":{"lon":11.293449052372543,"lat":44.51599955984015},"id":"1099","nomevia":"Fava Renato (Via)","civico":"fr. 22","numposti":12}},{"type":"Feature","geometry":{"coordinates":[11.350211857010327,44.51150816793777],"type":"Point"},"properties":{"geo_point_2d":{"lon":11.350211857010327,"lat":44.51150816793777},"id":"1102","nomevia":"Ferrarese (Via)","civico":"71","numposti":14}},{"type":"Feature","geometry":{"coordinates":[11.340769376849371,44.50959958231129],"type":"Point"},"properties":{"geo_point_2d":{"lon":11.340769376849371,"lat":44.50959958231129},"id":"1105","nomevia":"Fioravanti (Via)","civico":null,"numposti":6}},{"type":"Feature","geometry":{"coordinates":[11.36742021111569,44.504716040597096],"type":"Point"},"properties":{"geo_point_2d":{"lon":11.36742021111569,"lat":44.504716040597096},"id":"1109","nomevia":"Spadolini (Piazza)","civico":null,"numposti":12}},{"type":"Feature","geometry":{"coordinates":[11.320676192760656,44.49951259961327],"type":"Point"},"properties":{"geo_point_2d":{"lon":11.320676192760656,"lat":44.49951259961327},"id":"1112","nomevia":"Gorizia (Via)","civico":"8","numposti":8}},{"type":"Feature","geometry":{"coordinates":[11.358967792717724,44.545917842127956],"type":"Point"},"properties":{"geo_point_2d":{"lon":11.358967792717724,"lat":44.545917842127956},"id":"1113","nomevia":"Gorki (Via)","civico":"6","numposti":18}},{"type":"Feature","geometry":{"coordinates":[11.357471820511456,44.546207514086205],"type":"Point"},"properties":{"geo_point_2d":{"lon":11.357471820511456,"lat":44.546207514086205},"id":"1114","nomevia":"Gorki (Via)","civico":"fr. 9","numposti":6}},{"type":"Feature","geometry":{"coordinates":[11.357793061547486,44.50672093576597],"type":"Point"},"properties":{"geo_point_2d":{"lon":11.357793061547486,"lat":44.50672093576597},"id":"1119","nomevia":"Lavoro (Via)","civico":"fr. 31","numposti":12}},{"type":"Feature","geometry":{"coordinates":[11.359875826617634,44.50465138653604],"type":"Point"},"properties":{"geo_point_2d":{"lon":11.359875826617634,"lat":44.50465138653604},"id":"1120","nomevia":"Lavoro (Via)","civico":null,"numposti":6}},{"type":"Feature","geometry":{"coordinates":[11.372007088209356,44.479199891065036],"type":"Point"},"properties":{"geo_point_2d":{"lon":11.372007088209356,"lat":44.479199891065036},"id":"1121","nomevia":"Lercaro (Largo)","civico":"6","numposti":24}},{"type":"Feature","geometry":{"coordinates":[11.365772452503075,44.49672339444388],"type":"Point"},"properties":{"geo_point_2d":{"lon":11.365772452503075,"lat":44.49672339444388},"id":"1124","nomevia":"Libia (Via)","civico":"fr. 48","numposti":8}},{"type":"Feature","geometry":{"coordinates":[11.31232607750073,44.50264992740461],"type":"Point"},"properties":{"geo_point_2d":{"lon":11.31232607750073,"lat":44.50264992740461},"id":"1132","nomevia":"Marzabotto (Via)","civico":null,"numposti":10}},{"type":"Feature","geometry":{"coordinates":[11.364343212515955,44.49742793590952],"type":"Point"},"properties":{"geo_point_2d":{"lon":11.364343212515955,"lat":44.49742793590952},"id":"1135","nomevia":"Masia (Via)","civico":null,"numposti":6}},{"type":"Feature","geometry":{"coordinates":[11.364907346823728,44.492402262992805],"type":"Point"},"properties":{"geo_point_2d":{"lon":11.364907346823728,"lat":44.492402262992805},"id":"1136","nomevia":"Massarenti (Via)","civico":null,"numposti":14}},{"type":"Feature","geometry":{"coordinates":[11.346300585375346,44.50798039076934],"type":"Point"},"properties":{"geo_point_2d":{"lon":11.346300585375346,"lat":44.50798039076934},"id":"1139","nomevia":"Matteotti (Via)","civico":"16","numposti":28}},{"type":"Feature","geometry":{"coordinates":[11.358433356291584,44.48962971385011],"type":"Point"},"properties":{"geo_point_2d":{"lon":11.358433356291584,"lat":44.48962971385011},"id":"1140","nomevia":"Mazzini (Via)","civico":"7\/a","numposti":4}},{"type":"Feature","geometry":{"coordinates":[11.369855566375659,44.48546192170776],"type":"Point"},"properties":{"geo_point_2d":{"lon":11.369855566375659,"lat":44.48546192170776},"id":"1144","nomevia":"Mazzini (Via)","civico":"150\/2","numposti":2}},{"type":"Feature","geometry":{"coordinates":[11.370100872240268,44.48691975618019],"type":"Point"},"properties":{"geo_point_2d":{"lon":11.370100872240268,"lat":44.48691975618019},"id":"1154","nomevia":"Mengoli (Via)","civico":null,"numposti":6}},{"type":"Feature","geometry":{"coordinates":[11.360011454087664,44.482031830136506],"type":"Point"},"properties":{"geo_point_2d":{"lon":11.360011454087664,"lat":44.482031830136506},"id":"1165","nomevia":"Murri (Via)","civico":"49\/c","numposti":6}},{"type":"Feature","geometry":{"coordinates":[11.368284560167037,44.47436765230679],"type":"Point"},"properties":{"geo_point_2d":{"lon":11.368284560167037,"lat":44.47436765230679},"id":"1168","nomevia":"Romagnoli (Via)","civico":null,"numposti":8}},{"type":"Feature","geometry":{"coordinates":[11.311686873628096,44.49239811640574],"type":"Point"},"properties":{"geo_point_2d":{"lon":11.311686873628096,"lat":44.49239811640574},"id":"1178","nomevia":"Pace (Piazza)","civico":"fr. 7","numposti":16}},{"type":"Feature","geometry":{"coordinates":[11.313992610386832,44.50082466690873],"type":"Point"},"properties":{"geo_point_2d":{"lon":11.313992610386832,"lat":44.50082466690873},"id":"1176","nomevia":"Orione (Via)","civico":"9","numposti":12}},{"type":"Feature","geometry":{"coordinates":[11.314995959758557,44.50048952302066],"type":"Point"},"properties":{"geo_point_2d":{"lon":11.314995959758557,"lat":44.50048952302066},"id":"1186","nomevia":"Piave (Via)","civico":"33","numposti":10}},{"type":"Feature","geometry":{"coordinates":[11.36632676963451,44.490641281659094],"type":"Point"},"properties":{"geo_point_2d":{"lon":11.36632676963451,"lat":44.490641281659094},"id":"1190","nomevia":"Pizzardi (Via)","civico":"9","numposti":2}},{"type":"Feature","geometry":{"coordinates":[11.35039886251144,44.48474596677479],"type":"Point"},"properties":{"geo_point_2d":{"lon":11.35039886251144,"lat":44.48474596677479},"id":"1191","nomevia":"Polischi (Viale)","civico":null,"numposti":8}},{"type":"Feature","geometry":{"coordinates":[11.35660796021837,44.50107215237443],"type":"Point"},"properties":{"geo_point_2d":{"lon":11.35660796021837,"lat":44.50107215237443},"id":"1193","nomevia":"Ranzani (Via)","civico":"1","numposti":8}},{"type":"Feature","geometry":{"coordinates":[11.357514518578398,44.50198195619461],"type":"Point"},"properties":{"geo_point_2d":{"lon":11.357514518578398,"lat":44.50198195619461},"id":"1194","nomevia":"Ranzani (Via)","civico":"4\/4","numposti":32}},{"type":"Feature","geometry":{"coordinates":[11.362064266515835,44.50566053569079],"type":"Point"},"properties":{"geo_point_2d":{"lon":11.362064266515835,"lat":44.50566053569079},"id":"1197","nomevia":"Repubblica (Viale)","civico":null,"numposti":10}},{"type":"Feature","geometry":{"coordinates":[11.326485294720156,44.49986411131181],"type":"Point"},"properties":{"geo_point_2d":{"lon":11.326485294720156,"lat":44.49986411131181},"id":"1202","nomevia":"Saffi (Via)","civico":null,"numposti":6}},{"type":"Feature","geometry":{"coordinates":[11.324301820662242,44.500483720816455],"type":"Point"},"properties":{"geo_point_2d":{"lon":11.324301820662242,"lat":44.500483720816455},"id":"1203","nomevia":"Saffi (Via)","civico":null,"numposti":8}},{"type":"Feature","geometry":{"coordinates":[11.348771447484244,44.511910545803296],"type":"Point"},"properties":{"geo_point_2d":{"lon":11.348771447484244,"lat":44.511910545803296},"id":"1204","nomevia":"Saliceto (Via)","civico":"fr. 1","numposti":10}},{"type":"Feature","geometry":{"coordinates":[11.35871314451624,44.49951631731069],"type":"Point"},"properties":{"geo_point_2d":{"lon":11.35871314451624,"lat":44.49951631731069},"id":"1208","nomevia":"San Donato (Via)","civico":"38","numposti":6}},{"type":"Feature","geometry":{"coordinates":[11.37302908906039,44.505991140461305],"type":"Point"},"properties":{"geo_point_2d":{"lon":11.37302908906039,"lat":44.505991140461305},"id":"1210","nomevia":"San Donato (Via)","civico":"122","numposti":8}},{"type":"Feature","geometry":{"coordinates":[11.335976403859048,44.47900297858282],"type":"Point"},"properties":{"geo_point_2d":{"lon":11.335976403859048,"lat":44.47900297858282},"id":"1213","nomevia":"San Vittore (Via)","civico":null,"numposti":6}},{"type":"Feature","geometry":{"coordinates":[11.27907068155189,44.51761741683741],"type":"Point"},"properties":{"geo_point_2d":{"lon":11.27907068155189,"lat":44.51761741683741},"id":"1214","nomevia":"Scuole (Via)","civico":"3","numposti":20}},{"type":"Feature","geometry":{"coordinates":[11.332883421336748,44.502606509553154],"type":"Point"},"properties":{"geo_point_2d":{"lon":11.332883421336748,"lat":44.502606509553154},"id":"1217","nomevia":"Sette Novembre (Piazza)","civico":null,"numposti":8}},{"type":"Feature","geometry":{"coordinates":[11.33343839840401,44.50286113457462],"type":"Point"},"properties":{"geo_point_2d":{"lon":11.33343839840401,"lat":44.50286113457462},"id":"1218","nomevia":"Sette Novembre (Piazza)","civico":"6\/a","numposti":10}},{"type":"Feature","geometry":{"coordinates":[11.371941979849366,44.483083028251485],"type":"Point"},"properties":{"geo_point_2d":{"lon":11.371941979849366,"lat":44.483083028251485},"id":"1220","nomevia":"Sigonio (Via)","civico":null,"numposti":10}},{"type":"Feature","geometry":{"coordinates":[11.318591201077437,44.49697662626058],"type":"Point"},"properties":{"geo_point_2d":{"lon":11.318591201077437,"lat":44.49697662626058},"id":"1231","nomevia":"Tolmino (Via)","civico":null,"numposti":34}},{"type":"Feature","geometry":{"coordinates":[11.370928186716139,44.470015833167935],"type":"Point"},"properties":{"geo_point_2d":{"lon":11.370928186716139,"lat":44.470015833167935},"id":"1232","nomevia":"Toscana (Via)","civico":"19","numposti":10}},{"type":"Feature","geometry":{"coordinates":[11.379237339621703,44.5070383511331],"type":"Point"},"properties":{"geo_point_2d":{"lon":11.379237339621703,"lat":44.5070383511331},"id":"1238","nomevia":"Valparaiso (Via)","civico":null,"numposti":10}},{"type":"Feature","geometry":{"coordinates":[11.328025629006419,44.49491406076955],"type":"Point"},"properties":{"geo_point_2d":{"lon":11.328025629006419,"lat":44.49491406076955},"id":"1240","nomevia":"Vicini (Viale)","civico":"2","numposti":12}},{"type":"Feature","geometry":{"coordinates":[11.32050040947301,44.499711660480045],"type":"Point"},"properties":{"geo_point_2d":{"lon":11.32050040947301,"lat":44.499711660480045},"id":"1243","nomevia":"Vittorio Veneto (Via)","civico":null,"numposti":2}},{"type":"Feature","geometry":{"coordinates":[11.359863246993688,44.496354392517894],"type":"Point"},"properties":{"geo_point_2d":{"lon":11.359863246993688,"lat":44.496354392517894},"id":"1252","nomevia":"Zanolini (Via)","civico":"39\/3","numposti":10}},{"type":"Feature","geometry":{"coordinates":[11.370617249756172,44.49603551782501],"type":"Point"},"properties":{"geo_point_2d":{"lon":11.370617249756172,"lat":44.49603551782501},"id":"1242","nomevia":"Vincenzi (Via)","civico":"50","numposti":16}},{"type":"Feature","geometry":{"coordinates":[11.356605702365751,44.548027118123436],"type":"Point"},"properties":{"geo_point_2d":{"lon":11.356605702365751,"lat":44.548027118123436},"id":"1254","nomevia":"S. Anna (Via)","civico":null,"numposti":6}},{"type":"Feature","geometry":{"coordinates":[11.358362423842456,44.54924863944812],"type":"Point"},"properties":{"geo_point_2d":{"lon":11.358362423842456,"lat":44.54924863944812},"id":"1255","nomevia":"Pesci (Via)","civico":"15","numposti":4}},{"type":"Feature","geometry":{"coordinates":[11.356580616049845,44.54146269934064],"type":"Point"},"properties":{"geo_point_2d":{"lon":11.356580616049845,"lat":44.54146269934064},"id":"1257","nomevia":"Stoppato (Via)","civico":"2\/a","numposti":10}},{"type":"Feature","geometry":{"coordinates":[11.370365814998141,44.477176080717044],"type":"Point"},"properties":{"geo_point_2d":{"lon":11.370365814998141,"lat":44.477176080717044},"id":"1260","nomevia":"Orti (Via)","civico":null,"numposti":4}},{"type":"Feature","geometry":{"coordinates":[11.358946357267472,44.486214836880116],"type":"Point"},"properties":{"geo_point_2d":{"lon":11.358946357267472,"lat":44.486214836880116},"id":"1261","nomevia":"Guinizelli (Via)","civico":"fr. 4","numposti":8}},{"type":"Feature","geometry":{"coordinates":[11.362275266629483,44.48768478699208],"type":"Point"},"properties":{"geo_point_2d":{"lon":11.362275266629483,"lat":44.48768478699208},"id":"1262","nomevia":"Trento e Trieste (Piazza)","civico":"1\/c","numposti":6}},{"type":"Feature","geometry":{"coordinates":[11.359054544384582,44.50821958919302],"type":"Point"},"properties":{"geo_point_2d":{"lon":11.359054544384582,"lat":44.50821958919302},"id":"1267","nomevia":"Serena (Via)","civico":"2\/2","numposti":10}},{"type":"Feature","geometry":{"coordinates":[11.359919233602328,44.50815462143378],"type":"Point"},"properties":{"geo_point_2d":{"lon":11.359919233602328,"lat":44.50815462143378},"id":"1268","nomevia":"Serena (Via)","civico":"fr. 1","numposti":6}},{"type":"Feature","geometry":{"coordinates":[11.34958141142695,44.48362151954458],"type":"Point"},"properties":{"geo_point_2d":{"lon":11.34958141142695,"lat":44.48362151954458},"id":"1270","nomevia":"Polischi (Viale)","civico":"9","numposti":124}},{"type":"Feature","geometry":{"coordinates":[11.340717190820879,44.510437358045316],"type":"Point"},"properties":{"geo_point_2d":{"lon":11.340717190820879,"lat":44.510437358045316},"id":"1271","nomevia":"Fioravanti (Via)","civico":"fr. 35","numposti":30}},{"type":"Feature","geometry":{"coordinates":[11.325556971395814,44.49314737612923],"type":"Point"},"properties":{"geo_point_2d":{"lon":11.325556971395814,"lat":44.49314737612923},"id":"1272","nomevia":"Roncati (Via)","civico":"22","numposti":4}},{"type":"Feature","geometry":{"coordinates":[11.342378138692327,44.5095220047012],"type":"Point"},"properties":{"geo_point_2d":{"lon":11.342378138692327,"lat":44.5095220047012},"id":"1273","nomevia":"Zampieri (Via)","civico":null,"numposti":10}},{"type":"Feature","geometry":{"coordinates":[11.34240137695226,44.50940530880559],"type":"Point"},"properties":{"geo_point_2d":{"lon":11.34240137695226,"lat":44.50940530880559},"id":"1274","nomevia":"Zampieri (Via)","civico":null,"numposti":2}},{"type":"Feature","geometry":{"coordinates":[11.368521507542328,44.47411092685292],"type":"Point"},"properties":{"geo_point_2d":{"lon":11.368521507542328,"lat":44.47411092685292},"id":"1280","nomevia":"Murri (Via)","civico":"158","numposti":8}},{"type":"Feature","geometry":{"coordinates":[11.393703597539503,44.511229951302845],"type":"Point"},"properties":{"geo_point_2d":{"lon":11.393703597539503,"lat":44.511229951302845},"id":"1281","nomevia":"Casini (Via)","civico":"3","numposti":6}},{"type":"Feature","geometry":{"coordinates":[11.323991085516303,44.49534396617037],"type":"Point"},"properties":{"geo_point_2d":{"lon":11.323991085516303,"lat":44.49534396617037},"id":"1282","nomevia":"Isonzo (Via)","civico":"2","numposti":6}},{"type":"Feature","geometry":{"coordinates":[11.377353668730844,44.498562257869914],"type":"Point"},"properties":{"geo_point_2d":{"lon":11.377353668730844,"lat":44.498562257869914},"id":"1285","nomevia":"Terrapieno (Via)","civico":"13\/15","numposti":10}},{"type":"Feature","geometry":{"coordinates":[11.29565763287976,44.50565062647707],"type":"Point"},"properties":{"geo_point_2d":{"lon":11.29565763287976,"lat":44.50565062647707},"id":"1287","nomevia":"Speranza (Via)","civico":"93","numposti":10}},{"type":"Feature","geometry":{"coordinates":[11.325859630698254,44.50355223206777],"type":"Point"},"properties":{"geo_point_2d":{"lon":11.325859630698254,"lat":44.50355223206777},"id":"1289","nomevia":"Casarini (Via)","civico":null,"numposti":6}},{"type":"Feature","geometry":{"coordinates":[11.343581373312372,44.51354881883459],"type":"Point"},"properties":{"geo_point_2d":{"lon":11.343581373312372,"lat":44.51354881883459},"id":"1292","nomevia":"Dall'Arca (Via)","civico":null,"numposti":6}},{"type":"Feature","geometry":{"coordinates":[11.323813208570472,44.492206336765136],"type":"Point"},"properties":{"geo_point_2d":{"lon":11.323813208570472,"lat":44.492206336765136},"id":"1296","nomevia":"Spataro (Via)","civico":null,"numposti":4}},{"type":"Feature","geometry":{"coordinates":[11.341705312459059,44.51261286162042],"type":"Point"},"properties":{"geo_point_2d":{"lon":11.341705312459059,"lat":44.51261286162042},"id":"1298","nomevia":"Bolognese (Via)","civico":"36","numposti":6}},{"type":"Feature","geometry":{"coordinates":[11.360260114450144,44.54639867544054],"type":"Point"},"properties":{"geo_point_2d":{"lon":11.360260114450144,"lat":44.54639867544054},"id":"1300","nomevia":"Byron (Via)","civico":"16","numposti":8}},{"type":"Feature","geometry":{"coordinates":[11.365693649852364,44.494365884921976],"type":"Point"},"properties":{"geo_point_2d":{"lon":11.365693649852364,"lat":44.494365884921976},"id":"1305","nomevia":"Libia (Via)","civico":null,"numposti":6}},{"type":"Feature","geometry":{"coordinates":[11.31504358265487,44.4956429152737],"type":"Point"},"properties":{"geo_point_2d":{"lon":11.31504358265487,"lat":44.4956429152737},"id":"1311","nomevia":"Montefiorino (Via)","civico":null,"numposti":6}},{"type":"Feature","geometry":{"coordinates":[11.31221479305793,44.49099625706965],"type":"Point"},"properties":{"geo_point_2d":{"lon":11.31221479305793,"lat":44.49099625706965},"id":"1315","nomevia":"Curiel (Via)","civico":null,"numposti":6}},{"type":"Feature","geometry":{"coordinates":[11.385465771033775,44.487418705522344],"type":"Point"},"properties":{"geo_point_2d":{"lon":11.385465771033775,"lat":44.487418705522344},"id":"1317","nomevia":"Populonia (Via)","civico":"7\/2","numposti":6}},{"type":"Feature","geometry":{"coordinates":[11.375049266029196,44.5041177834924],"type":"Point"},"properties":{"geo_point_2d":{"lon":11.375049266029196,"lat":44.5041177834924},"id":"1318","nomevia":"Benini (Via)","civico":"12","numposti":8}},{"type":"Feature","geometry":{"coordinates":[11.386200833876664,44.4709933033606],"type":"Point"},"properties":{"geo_point_2d":{"lon":11.386200833876664,"lat":44.4709933033606},"id":"1319","nomevia":"Firenze (Via)","civico":"8\/b","numposti":6}},{"type":"Feature","geometry":{"coordinates":[11.276839796993515,44.51844373227693],"type":"Point"},"properties":{"geo_point_2d":{"lon":11.276839796993515,"lat":44.51844373227693},"id":"1321","nomevia":"Manuzio (Via)","civico":"16\/3","numposti":8}},{"type":"Feature","geometry":{"coordinates":[11.360979772688617,44.49576371085837],"type":"Point"},"properties":{"geo_point_2d":{"lon":11.360979772688617,"lat":44.49576371085837},"id":"1322","nomevia":"Vincenzi (Via)","civico":"1","numposti":10}},{"type":"Feature","geometry":{"coordinates":[11.31911789247489,44.48924179238966],"type":"Point"},"properties":{"geo_point_2d":{"lon":11.31911789247489,"lat":44.48924179238966},"id":"1326","nomevia":"Saragozza (Via)","civico":"175","numposti":12}},{"type":"Feature","geometry":{"coordinates":[11.366573906436393,44.48202952194357],"type":"Point"},"properties":{"geo_point_2d":{"lon":11.366573906436393,"lat":44.48202952194357},"id":"1334","nomevia":"Bassi Veratti (Via)","civico":"41","numposti":4}},{"type":"Feature","geometry":{"coordinates":[11.368158446341482,44.484387518839604],"type":"Point"},"properties":{"geo_point_2d":{"lon":11.368158446341482,"lat":44.484387518839604},"id":"1336","nomevia":"Bassi Veratti (Via)","civico":null,"numposti":4}},{"type":"Feature","geometry":{"coordinates":[11.372493924328717,44.49045135652685],"type":"Point"},"properties":{"geo_point_2d":{"lon":11.372493924328717,"lat":44.49045135652685},"id":"1338","nomevia":"Mengoli (Via)","civico":"33","numposti":6}},{"type":"Feature","geometry":{"coordinates":[11.365901053062723,44.49454845788397],"type":"Point"},"properties":{"geo_point_2d":{"lon":11.365901053062723,"lat":44.49454845788397},"id":"1339","nomevia":"Libia (Via)","civico":null,"numposti":6}},{"type":"Feature","geometry":{"coordinates":[11.38987884387562,44.474451732466406],"type":"Point"},"properties":{"geo_point_2d":{"lon":11.38987884387562,"lat":44.474451732466406},"id":"1340","nomevia":"Genova (Via)","civico":"5","numposti":10}},{"type":"Feature","geometry":{"coordinates":[11.361499459373533,44.48705224057393],"type":"Point"},"properties":{"geo_point_2d":{"lon":11.361499459373533,"lat":44.48705224057393},"id":"1342","nomevia":"Oriani (Viale)","civico":null,"numposti":8}},{"type":"Feature","geometry":{"coordinates":[11.359124212542646,44.48384298698328],"type":"Point"},"properties":{"geo_point_2d":{"lon":11.359124212542646,"lat":44.48384298698328},"id":"1344","nomevia":"Oriani (Viale)","civico":"37\/c","numposti":4}},{"type":"Feature","geometry":{"coordinates":[11.316058665993824,44.48499780176841],"type":"Point"},"properties":{"geo_point_2d":{"lon":11.316058665993824,"lat":44.48499780176841},"id":"1351","nomevia":"Felice Battaglia (Via)","civico":"pressi civ. 18","numposti":10}},{"type":"Feature","geometry":{"coordinates":[11.332501790459748,44.505871409015384],"type":"Point"},"properties":{"geo_point_2d":{"lon":11.332501790459748,"lat":44.505871409015384},"id":"1353","nomevia":"Bovi Campeggi (Via)","civico":"18\/b","numposti":4}},{"type":"Feature","geometry":{"coordinates":[11.33498279929057,44.505557297933095],"type":"Point"},"properties":{"geo_point_2d":{"lon":11.33498279929057,"lat":44.505557297933095},"id":"1354","nomevia":"Bovi Campeggi (Via)","civico":"fr. 15","numposti":4}},{"type":"Feature","geometry":{"coordinates":[11.344665300963294,44.5113847399281],"type":"Point"},"properties":{"geo_point_2d":{"lon":11.344665300963294,"lat":44.5113847399281},"id":"1363","nomevia":"Tibaldi (Via)","civico":"17","numposti":10}},{"type":"Feature","geometry":{"coordinates":[11.369427917746036,44.50106025508597],"type":"Point"},"properties":{"geo_point_2d":{"lon":11.369427917746036,"lat":44.50106025508597},"id":"1364","nomevia":"Duse (Via)","civico":"8","numposti":8}},{"type":"Feature","geometry":{"coordinates":[11.36402454157727,44.498719538010555],"type":"Point"},"properties":{"geo_point_2d":{"lon":11.36402454157727,"lat":44.498719538010555},"id":"1365","nomevia":"Bentivogli (Via)","civico":"121","numposti":4}},{"type":"Feature","geometry":{"coordinates":[11.365518798238238,44.49722564268448],"type":"Point"},"properties":{"geo_point_2d":{"lon":11.365518798238238,"lat":44.49722564268448},"id":"1366","nomevia":"Libia (Via)","civico":"52","numposti":6}},{"type":"Feature","geometry":{"coordinates":[11.36539981138599,44.497308369401935],"type":"Point"},"properties":{"geo_point_2d":{"lon":11.36539981138599,"lat":44.497308369401935},"id":"1367","nomevia":"Masia (Via)","civico":"23\/b","numposti":6}},{"type":"Feature","geometry":{"coordinates":[11.365126546797425,44.49622321041872],"type":"Point"},"properties":{"geo_point_2d":{"lon":11.365126546797425,"lat":44.49622321041872},"id":"1368","nomevia":"Vincenzi (Via)","civico":"22\/a","numposti":6}},{"type":"Feature","geometry":{"coordinates":[11.365514636255233,44.496240706542366],"type":"Point"},"properties":{"geo_point_2d":{"lon":11.365514636255233,"lat":44.496240706542366},"id":"1369","nomevia":"Vincenzi (Via)","civico":"24\/d","numposti":4}},{"type":"Feature","geometry":{"coordinates":[11.339530644176806,44.485219929675615],"type":"Point"},"properties":{"geo_point_2d":{"lon":11.339530644176806,"lat":44.485219929675615},"id":"1372","nomevia":"San Mamolo (Via)","civico":"12","numposti":8}},{"type":"Feature","geometry":{"coordinates":[11.344101073771085,44.508170059972166],"type":"Point"},"properties":{"geo_point_2d":{"lon":11.344101073771085,"lat":44.508170059972166},"id":"1379","nomevia":"Di Vincenzo (Via)","civico":"12\/3","numposti":2}},{"type":"Feature","geometry":{"coordinates":[11.339168016261807,44.518987431117544],"type":"Point"},"properties":{"geo_point_2d":{"lon":11.339168016261807,"lat":44.518987431117544},"id":"1383","nomevia":"Cristoforo da Bologna (Via)","civico":null,"numposti":6}},{"type":"Feature","geometry":{"coordinates":[11.381004272171637,44.47900857900835],"type":"Point"},"properties":{"geo_point_2d":{"lon":11.381004272171637,"lat":44.47900857900835},"id":"1390","nomevia":"Po (Via)","civico":"2\/9","numposti":12}},{"type":"Feature","geometry":{"coordinates":[11.342778894882866,44.51057029320634],"type":"Point"},"properties":{"geo_point_2d":{"lon":11.342778894882866,"lat":44.51057029320634},"id":"1396","nomevia":"Dall'Arca (Via)","civico":null,"numposti":4}},{"type":"Feature","geometry":{"coordinates":[11.329544646620864,44.5184297514749],"type":"Point"},"properties":{"geo_point_2d":{"lon":11.329544646620864,"lat":44.5184297514749},"id":"1400","nomevia":"Marco Polo (Via)","civico":"21\/13","numposti":8}},{"type":"Feature","geometry":{"coordinates":[11.335253869401145,44.5053420074814],"type":"Point"},"properties":{"geo_point_2d":{"lon":11.335253869401145,"lat":44.5053420074814},"id":"1401","nomevia":"Bovi Campeggi (Via)","civico":"19","numposti":6}},{"type":"Feature","geometry":{"coordinates":[11.318694250215014,44.49014773639589],"type":"Point"},"properties":{"geo_point_2d":{"lon":11.318694250215014,"lat":44.49014773639589},"id":"1403","nomevia":"Zoccoli (Via)","civico":"6","numposti":6}},{"type":"Feature","geometry":{"coordinates":[11.348063632242823,44.498506736105924],"type":"Point"},"properties":{"geo_point_2d":{"lon":11.348063632242823,"lat":44.498506736105924},"id":"47","nomevia":"Borgo di S.Pietro (Via)","civico":"fr. 4\/a","numposti":12}},{"type":"Feature","geometry":{"coordinates":[11.350514850225858,44.50233754548933],"type":"Point"},"properties":{"geo_point_2d":{"lon":11.350514850225858,"lat":44.50233754548933},"id":"51","nomevia":"Borgo di S.Pietro (Via)","civico":"134","numposti":12}},{"type":"Feature","geometry":{"coordinates":[11.344917014366931,44.491204872300756],"type":"Point"},"properties":{"geo_point_2d":{"lon":11.344917014366931,"lat":44.491204872300756},"id":"63","nomevia":"Calderini (Piazza)","civico":"2","numposti":32}},{"type":"Feature","geometry":{"coordinates":[11.34707172349059,44.49854471644626],"type":"Point"},"properties":{"geo_point_2d":{"lon":11.34707172349059,"lat":44.49854471644626},"id":"70","nomevia":"Capo di Lucca (Via)","civico":"1-3","numposti":12}},{"type":"Feature","geometry":{"coordinates":[11.345441131452622,44.493938882374586],"type":"Point"},"properties":{"geo_point_2d":{"lon":11.345441131452622,"lat":44.493938882374586},"id":"74","nomevia":"Caprarie (Via)","civico":"2\/a-d","numposti":26}},{"type":"Feature","geometry":{"coordinates":[11.34450147436488,44.4959312925306],"type":"Point"},"properties":{"geo_point_2d":{"lon":11.34450147436488,"lat":44.4959312925306},"id":"76","nomevia":"Carbonara (Via)","civico":"2","numposti":4}},{"type":"Feature","geometry":{"coordinates":[11.349317575576274,44.48977765882311],"type":"Point"},"properties":{"geo_point_2d":{"lon":11.349317575576274,"lat":44.48977765882311},"id":"79","nomevia":"Cartoleria (Via)","civico":"16","numposti":10}},{"type":"Feature","geometry":{"coordinates":[11.339533058365724,44.48870707167609],"type":"Point"},"properties":{"geo_point_2d":{"lon":11.339533058365724,"lat":44.48870707167609},"id":"81","nomevia":"Castelfidardo (Via)","civico":"1","numposti":12}},{"type":"Feature","geometry":{"coordinates":[11.343893864308354,44.491323854568634],"type":"Point"},"properties":{"geo_point_2d":{"lon":11.343893864308354,"lat":44.491323854568634},"id":"86","nomevia":"Cavour (Piazza)","civico":null,"numposti":20}},{"type":"Feature","geometry":{"coordinates":[11.341380086637937,44.492259465756014],"type":"Point"},"properties":{"geo_point_2d":{"lon":11.341380086637937,"lat":44.492259465756014},"id":"88","nomevia":"Celestini (Piazza)","civico":"2, 4\/2","numposti":22}},{"type":"Feature","geometry":{"coordinates":[11.353751102695425,44.49781029819736],"type":"Point"},"properties":{"geo_point_2d":{"lon":11.353751102695425,"lat":44.49781029819736},"id":"102","nomevia":"De Rolandis (Via)","civico":"2","numposti":16}},{"type":"Feature","geometry":{"coordinates":[11.344920757591643,44.48675068299531],"type":"Point"},"properties":{"geo_point_2d":{"lon":11.344920757591643,"lat":44.48675068299531},"id":"105","nomevia":"Dodici Giugno (Viale)","civico":"9","numposti":10}},{"type":"Feature","geometry":{"coordinates":[11.337342973954133,44.50279450327922],"type":"Point"},"properties":{"geo_point_2d":{"lon":11.337342973954133,"lat":44.50279450327922},"id":"107","nomevia":"Don Minzoni (Via)","civico":"11\/c","numposti":8}},{"type":"Feature","geometry":{"coordinates":[11.337027973294251,44.50286036831357],"type":"Point"},"properties":{"geo_point_2d":{"lon":11.337027973294251,"lat":44.50286036831357},"id":"108","nomevia":"Don Minzoni (Via)","civico":"13","numposti":18}},{"type":"Feature","geometry":{"coordinates":[11.34198069565501,44.4866868971206],"type":"Point"},"properties":{"geo_point_2d":{"lon":11.34198069565501,"lat":44.4866868971206},"id":"116","nomevia":"Falcone (Vicolo)","civico":"26\/a","numposti":6}},{"type":"Feature","geometry":{"coordinates":[11.349597940606552,44.5018638592728],"type":"Point"},"properties":{"geo_point_2d":{"lon":11.349597940606552,"lat":44.5018638592728},"id":"118","nomevia":"Finelli (Via)","civico":"6","numposti":10}},{"type":"Feature","geometry":{"coordinates":[11.340607158608483,44.49284076643582],"type":"Point"},"properties":{"geo_point_2d":{"lon":11.340607158608483,"lat":44.49284076643582},"id":"128","nomevia":"Galileo (Piazza)","civico":"fr. 5\/d","numposti":10}},{"type":"Feature","geometry":{"coordinates":[11.344385659846646,44.503175389444216],"type":"Point"},"properties":{"geo_point_2d":{"lon":11.344385659846646,"lat":44.503175389444216},"id":"132","nomevia":"Galliera (Via)","civico":"93","numposti":110}},{"type":"Feature","geometry":{"coordinates":[11.341633766693045,44.503143852589915],"type":"Point"},"properties":{"geo_point_2d":{"lon":11.341633766693045,"lat":44.503143852589915},"id":"139","nomevia":"Gramsci (Via)","civico":null,"numposti":28}},{"type":"Feature","geometry":{"coordinates":[11.349137136675237,44.49994505863917],"type":"Point"},"properties":{"geo_point_2d":{"lon":11.349137136675237,"lat":44.49994505863917},"id":"153","nomevia":"Irnerio (Via)","civico":"23\/c","numposti":10}},{"type":"Feature","geometry":{"coordinates":[11.334644329749892,44.5001960828196],"type":"Point"},"properties":{"geo_point_2d":{"lon":11.334644329749892,"lat":44.5001960828196},"id":"163","nomevia":"Lame (Via)","civico":"83","numposti":8}},{"type":"Feature","geometry":{"coordinates":[11.336265695448057,44.49431855140981],"type":"Point"},"properties":{"geo_point_2d":{"lon":11.336265695448057,"lat":44.49431855140981},"id":"169","nomevia":"Malpighi (Piazza)","civico":"15","numposti":12}},{"type":"Feature","geometry":{"coordinates":[11.342705567079758,44.49661705126694],"type":"Point"},"properties":{"geo_point_2d":{"lon":11.342705567079758,"lat":44.49661705126694},"id":"172","nomevia":"Piatesi (Via)","civico":"3","numposti":16}},{"type":"Feature","geometry":{"coordinates":[11.338182025780648,44.4985159704658],"type":"Point"},"properties":{"geo_point_2d":{"lon":11.338182025780648,"lat":44.4985159704658},"id":"175","nomevia":"Marconi (Via)","civico":"26\/c","numposti":8}},{"type":"Feature","geometry":{"coordinates":[11.339000939012168,44.49973026706003],"type":"Point"},"properties":{"geo_point_2d":{"lon":11.339000939012168,"lat":44.49973026706003},"id":"180","nomevia":"Marconi (Via)","civico":"49","numposti":4}},{"type":"Feature","geometry":{"coordinates":[11.339391486439977,44.50057187523354],"type":"Point"},"properties":{"geo_point_2d":{"lon":11.339391486439977,"lat":44.50057187523354},"id":"182","nomevia":"Marconi (Via)","civico":"65\/c","numposti":6}},{"type":"Feature","geometry":{"coordinates":[11.339562926776436,44.500955024844025],"type":"Point"},"properties":{"geo_point_2d":{"lon":11.339562926776436,"lat":44.500955024844025},"id":"183","nomevia":"Marconi (Via)","civico":"67","numposti":16}},{"type":"Feature","geometry":{"coordinates":[11.340190201951394,44.501743423785435],"type":"Point"},"properties":{"geo_point_2d":{"lon":11.340190201951394,"lat":44.501743423785435},"id":"190","nomevia":"Martiri (Piazza)","civico":"1\/2","numposti":26}},{"type":"Feature","geometry":{"coordinates":[11.339819254771475,44.50259294389923],"type":"Point"},"properties":{"geo_point_2d":{"lon":11.339819254771475,"lat":44.50259294389923},"id":"191","nomevia":"Martiri (Piazza)","civico":"8\/a","numposti":18}},{"type":"Feature","geometry":{"coordinates":[11.340624980503057,44.50232179649722],"type":"Point"},"properties":{"geo_point_2d":{"lon":11.340624980503057,"lat":44.50232179649722},"id":"192","nomevia":"Martiri (Piazza)","civico":"11","numposti":12}},{"type":"Feature","geometry":{"coordinates":[11.350316746209597,44.49958250616216],"type":"Point"},"properties":{"geo_point_2d":{"lon":11.350316746209597,"lat":44.49958250616216},"id":"194","nomevia":"Mascarella (Via)","civico":"48","numposti":8}},{"type":"Feature","geometry":{"coordinates":[11.349609583421103,44.49878198907236],"type":"Point"},"properties":{"geo_point_2d":{"lon":11.349609583421103,"lat":44.49878198907236},"id":"196","nomevia":"Mascarella (Via)","civico":"17-19","numposti":24}},{"type":"Feature","geometry":{"coordinates":[11.35097196919099,44.50044397670121],"type":"Point"},"properties":{"geo_point_2d":{"lon":11.35097196919099,"lat":44.50044397670121},"id":"198","nomevia":"Mascarella (Via)","civico":"76\/a","numposti":6}},{"type":"Feature","geometry":{"coordinates":[11.352145389553556,44.50147341811248],"type":"Point"},"properties":{"geo_point_2d":{"lon":11.352145389553556,"lat":44.50147341811248},"id":"199","nomevia":"Mascarella (Via)","civico":"81\/d","numposti":8}},{"type":"Feature","geometry":{"coordinates":[11.343766436436736,44.492293659299776],"type":"Point"},"properties":{"geo_point_2d":{"lon":11.343766436436736,"lat":44.492293659299776},"id":"200","nomevia":"Massei (Via)","civico":"1","numposti":10}},{"type":"Feature","geometry":{"coordinates":[11.33434626365012,44.50209535234791],"type":"Point"},"properties":{"geo_point_2d":{"lon":11.33434626365012,"lat":44.50209535234791},"id":"203","nomevia":"Menarini (Via)","civico":"fr. 1\/i","numposti":14}},{"type":"Feature","geometry":{"coordinates":[11.342309323549634,44.50192110748876],"type":"Point"},"properties":{"geo_point_2d":{"lon":11.342309323549634,"lat":44.50192110748876},"id":"216","nomevia":"Montebello (Via)","civico":"6","numposti":18}},{"type":"Feature","geometry":{"coordinates":[11.341685605696341,44.500866324273495],"type":"Point"},"properties":{"geo_point_2d":{"lon":11.341685605696341,"lat":44.500866324273495},"id":"218","nomevia":"Montebello (Via)","civico":null,"numposti":20}},{"type":"Feature","geometry":{"coordinates":[11.35479493383547,44.48878075541447],"type":"Point"},"properties":{"geo_point_2d":{"lon":11.35479493383547,"lat":44.48878075541447},"id":"219","nomevia":"Morandi (Piazzetta)","civico":null,"numposti":48}},{"type":"Feature","geometry":{"coordinates":[11.338926677204983,44.49781156965111],"type":"Point"},"properties":{"geo_point_2d":{"lon":11.338926677204983,"lat":44.49781156965111},"id":"220","nomevia":"Morgagni (Via)","civico":"3\/2-b","numposti":12}},{"type":"Feature","geometry":{"coordinates":[11.33467106187267,44.49106001300342],"type":"Point"},"properties":{"geo_point_2d":{"lon":11.33467106187267,"lat":44.49106001300342},"id":"224","nomevia":"Nosadella (Via)","civico":"49\/2","numposti":6}},{"type":"Feature","geometry":{"coordinates":[11.341172013167256,44.49536337296884],"type":"Point"},"properties":{"geo_point_2d":{"lon":11.341172013167256,"lat":44.49536337296884},"id":"231","nomevia":"Oleari (Via)","civico":"1\/e-d","numposti":12}},{"type":"Feature","geometry":{"coordinates":[11.349707865588488,44.486697283052045],"type":"Point"},"properties":{"geo_point_2d":{"lon":11.349707865588488,"lat":44.486697283052045},"id":"233","nomevia":"Angeli (Via)","civico":"1","numposti":10}},{"type":"Feature","geometry":{"coordinates":[11.344098010559014,44.494061023930925],"type":"Point"},"properties":{"geo_point_2d":{"lon":11.344098010559014,"lat":44.494061023930925},"id":"232","nomevia":"Orefici (Via)","civico":"3","numposti":36}},{"type":"Feature","geometry":{"coordinates":[11.348045203122831,44.48567002106086],"type":"Point"},"properties":{"geo_point_2d":{"lon":11.348045203122831,"lat":44.48567002106086},"id":"82","nomevia":"Castiglione (Piazza di Porta)","civico":"quadrante NW","numposti":14}},{"type":"Feature","geometry":{"coordinates":[11.351992059909387,44.494438845885405],"type":"Point"},"properties":{"geo_point_2d":{"lon":11.351992059909387,"lat":44.494438845885405},"id":"238","nomevia":"Petroni (Via)","civico":"4\/a","numposti":12}},{"type":"Feature","geometry":{"coordinates":[11.331464154239528,44.496475575161504],"type":"Point"},"properties":{"geo_point_2d":{"lon":11.331464154239528,"lat":44.496475575161504},"id":"241","nomevia":"Pietralata (Via)","civico":"41-43","numposti":8}},{"type":"Feature","geometry":{"coordinates":[11.339851138062608,44.50142226953054],"type":"Point"},"properties":{"geo_point_2d":{"lon":11.339851138062608,"lat":44.50142226953054},"id":"250","nomevia":"Porto (Via)","civico":"5\/4","numposti":14}},{"type":"Feature","geometry":{"coordinates":[11.337594175267078,44.50215309543335],"type":"Point"},"properties":{"geo_point_2d":{"lon":11.337594175267078,"lat":44.50215309543335},"id":"253","nomevia":"Porto (Via)","civico":"44","numposti":12}},{"type":"Feature","geometry":{"coordinates":[11.332859181771319,44.49550213125012],"type":"Point"},"properties":{"geo_point_2d":{"lon":11.332859181771319,"lat":44.49550213125012},"id":"255","nomevia":"Pratello (Via)","civico":"fr. 33\/a","numposti":8}},{"type":"Feature","geometry":{"coordinates":[11.331943590843679,44.49550694253198],"type":"Point"},"properties":{"geo_point_2d":{"lon":11.331943590843679,"lat":44.49550694253198},"id":"260","nomevia":"Pratello (Via)","civico":"54","numposti":8}},{"type":"Feature","geometry":{"coordinates":[11.329409384457929,44.49551586572254],"type":"Point"},"properties":{"geo_point_2d":{"lon":11.329409384457929,"lat":44.49551586572254},"id":"264","nomevia":"Pratello (Via)","civico":"97\/f","numposti":8}},{"type":"Feature","geometry":{"coordinates":[11.32933861161334,44.4954306625179],"type":"Point"},"properties":{"geo_point_2d":{"lon":11.32933861161334,"lat":44.4954306625179},"id":"265","nomevia":"Pratello (Via)","civico":"96\/g","numposti":8}},{"type":"Feature","geometry":{"coordinates":[11.35003203783815,44.49636555236049],"type":"Point"},"properties":{"geo_point_2d":{"lon":11.35003203783815,"lat":44.49636555236049},"id":"275","nomevia":"Respighi (Largo)","civico":"2","numposti":32}},{"type":"Feature","geometry":{"coordinates":[11.34939074257929,44.488895978423564],"type":"Point"},"properties":{"geo_point_2d":{"lon":11.34939074257929,"lat":44.488895978423564},"id":"277","nomevia":"Rialto (Via)","civico":"15","numposti":8}},{"type":"Feature","geometry":{"coordinates":[11.349213909528501,44.488597833068646],"type":"Point"},"properties":{"geo_point_2d":{"lon":11.349213909528501,"lat":44.488597833068646},"id":"278","nomevia":"Rialto (Via)","civico":"19","numposti":22}},{"type":"Feature","geometry":{"coordinates":[11.338038488147188,44.49170989805969],"type":"Point"},"properties":{"geo_point_2d":{"lon":11.338038488147188,"lat":44.49170989805969},"id":"280","nomevia":"Riccio (Via)","civico":"2","numposti":24}},{"type":"Feature","geometry":{"coordinates":[11.332443442328325,44.49839552047475],"type":"Point"},"properties":{"geo_point_2d":{"lon":11.332443442328325,"lat":44.49839552047475},"id":"285","nomevia":"Riva di Reno (Via)","civico":"13\/a","numposti":6}},{"type":"Feature","geometry":{"coordinates":[11.33809073465661,44.49905042562643],"type":"Point"},"properties":{"geo_point_2d":{"lon":11.33809073465661,"lat":44.49905042562643},"id":"288","nomevia":"Riva di Reno (Via)","civico":"78","numposti":14}},{"type":"Feature","geometry":{"coordinates":[11.339470445602215,44.49887033502222],"type":"Point"},"properties":{"geo_point_2d":{"lon":11.339470445602215,"lat":44.49887033502222},"id":"289","nomevia":"Riva di Reno (Via)","civico":"67","numposti":12}},{"type":"Feature","geometry":{"coordinates":[11.341668590032011,44.49878340137917],"type":"Point"},"properties":{"geo_point_2d":{"lon":11.341668590032011,"lat":44.49878340137917},"id":"290","nomevia":"Riva di Reno (Via)","civico":"124","numposti":10}},{"type":"Feature","geometry":{"coordinates":[11.34217343515858,44.498850000461864],"type":"Point"},"properties":{"geo_point_2d":{"lon":11.34217343515858,"lat":44.498850000461864},"id":"291","nomevia":"Riva di Reno (Via)","civico":"126","numposti":34}},{"type":"Feature","geometry":{"coordinates":[11.345129874479065,44.4878591189084],"type":"Point"},"properties":{"geo_point_2d":{"lon":11.345129874479065,"lat":44.4878591189084},"id":"293","nomevia":"Rubbiani (Via)","civico":"1","numposti":34}},{"type":"Feature","geometry":{"coordinates":[11.355802080876868,44.4984044574711],"type":"Point"},"properties":{"geo_point_2d":{"lon":11.355802080876868,"lat":44.4984044574711},"id":"296","nomevia":"San Donato (Piazza di Porta)","civico":"2","numposti":10}},{"type":"Feature","geometry":{"coordinates":[11.336004470071055,44.49620970419718],"type":"Point"},"properties":{"geo_point_2d":{"lon":11.336004470071055,"lat":44.49620970419718},"id":"301","nomevia":"San Felice (Via)","civico":"11","numposti":10}},{"type":"Feature","geometry":{"coordinates":[11.33548812962073,44.49638426530162],"type":"Point"},"properties":{"geo_point_2d":{"lon":11.33548812962073,"lat":44.49638426530162},"id":"302","nomevia":"San Felice (Via)","civico":"21\/b","numposti":4}},{"type":"Feature","geometry":{"coordinates":[11.334173296579607,44.496874645266644],"type":"Point"},"properties":{"geo_point_2d":{"lon":11.334173296579607,"lat":44.496874645266644},"id":"304","nomevia":"San Felice (Via)","civico":"39","numposti":4}},{"type":"Feature","geometry":{"coordinates":[11.338190059696675,44.496417002687906],"type":"Point"},"properties":{"geo_point_2d":{"lon":11.338190059696675,"lat":44.496417002687906},"id":"36","nomevia":"Belvedere (Via)","civico":"13","numposti":6}},{"type":"Feature","geometry":{"coordinates":[11.356491199480116,44.496438733889704],"type":"Point"},"properties":{"geo_point_2d":{"lon":11.356491199480116,"lat":44.496438733889704},"id":"315","nomevia":"San Giacomo (Via)","civico":null,"numposti":14}},{"type":"Feature","geometry":{"coordinates":[11.34845843938647,44.491078025729784],"type":"Point"},"properties":{"geo_point_2d":{"lon":11.34845843938647,"lat":44.491078025729784},"id":"316","nomevia":"San Giovanni in Monte (Piazza)","civico":"1\/a - 1\/c","numposti":22}},{"type":"Feature","geometry":{"coordinates":[11.33976573418789,44.48659358497077],"type":"Point"},"properties":{"geo_point_2d":{"lon":11.33976573418789,"lat":44.48659358497077},"id":"320","nomevia":"San Mamolo (Piazza di Porta)","civico":"1","numposti":12}},{"type":"Feature","geometry":{"coordinates":[11.346363501270535,44.4965550439502],"type":"Point"},"properties":{"geo_point_2d":{"lon":11.346363501270535,"lat":44.4965550439502},"id":"321","nomevia":"San Martino (Piazza)","civico":"1","numposti":22}},{"type":"Feature","geometry":{"coordinates":[11.351463674915664,44.49041925919901],"type":"Point"},"properties":{"geo_point_2d":{"lon":11.351463674915664,"lat":44.49041925919901},"id":"324","nomevia":"San Petronio Vecchio (Via)","civico":"1\/2-b","numposti":24}},{"type":"Feature","geometry":{"coordinates":[11.34623930284044,44.49586918751939],"type":"Point"},"properties":{"geo_point_2d":{"lon":11.34623930284044,"lat":44.49586918751939},"id":"327","nomevia":"San Simone (Via)","civico":"1\/2","numposti":16}},{"type":"Feature","geometry":{"coordinates":[11.350948502036301,44.49422705213125],"type":"Point"},"properties":{"geo_point_2d":{"lon":11.350948502036301,"lat":44.49422705213125},"id":"330","nomevia":"San Vitale (Via)","civico":"25","numposti":12}},{"type":"Feature","geometry":{"coordinates":[11.352621123695716,44.494117428616846],"type":"Point"},"properties":{"geo_point_2d":{"lon":11.352621123695716,"lat":44.494117428616846},"id":"331","nomevia":"San Vitale (Via)","civico":"39\/c","numposti":8}},{"type":"Feature","geometry":{"coordinates":[11.355978008534178,44.4940547184403],"type":"Point"},"properties":{"geo_point_2d":{"lon":11.355978008534178,"lat":44.4940547184403},"id":"334","nomevia":"San Vitale (Via)","civico":"79","numposti":10}},{"type":"Feature","geometry":{"coordinates":[11.330643472721722,44.494231669831905],"type":"Point"},"properties":{"geo_point_2d":{"lon":11.330643472721722,"lat":44.494231669831905},"id":"339","nomevia":"Sant'Isaia (Via)","civico":"88","numposti":14}},{"type":"Feature","geometry":{"coordinates":[11.35600241682777,44.48455026335444],"type":"Point"},"properties":{"geo_point_2d":{"lon":11.35600241682777,"lat":44.48455026335444},"id":"341","nomevia":"Santo Stefano (Piazza di Porta)","civico":null,"numposti":12}},{"type":"Feature","geometry":{"coordinates":[11.355863239157328,44.48491189490192],"type":"Point"},"properties":{"geo_point_2d":{"lon":11.355863239157328,"lat":44.48491189490192},"id":"342","nomevia":"Santo Stefano (Piazza di Porta)","civico":"5","numposti":6}},{"type":"Feature","geometry":{"coordinates":[11.347358306336075,44.492988465139135],"type":"Point"},"properties":{"geo_point_2d":{"lon":11.347358306336075,"lat":44.492988465139135},"id":"344","nomevia":"Santo Stefano (Via)","civico":"7\/b","numposti":10}},{"type":"Feature","geometry":{"coordinates":[11.352041377355446,44.48832567430434],"type":"Point"},"properties":{"geo_point_2d":{"lon":11.352041377355446,"lat":44.48832567430434},"id":"346","nomevia":"Santo Stefano (Via)","civico":"66","numposti":10}},{"type":"Feature","geometry":{"coordinates":[11.353404750197125,44.487035917739924],"type":"Point"},"properties":{"geo_point_2d":{"lon":11.353404750197125,"lat":44.487035917739924},"id":"347","nomevia":"Santo Stefano (Via)","civico":"110\/2","numposti":12}},{"type":"Feature","geometry":{"coordinates":[11.329868173360873,44.491043592938205],"type":"Point"},"properties":{"geo_point_2d":{"lon":11.329868173360873,"lat":44.491043592938205},"id":"351","nomevia":"Saragozza (Piazza di Porta)","civico":"3","numposti":10}},{"type":"Feature","geometry":{"coordinates":[11.337678944857787,44.49045753699954],"type":"Point"},"properties":{"geo_point_2d":{"lon":11.337678944857787,"lat":44.49045753699954},"id":"353","nomevia":"Saragozza (Via)","civico":"1","numposti":12}},{"type":"Feature","geometry":{"coordinates":[11.336788581600693,44.49038005950301],"type":"Point"},"properties":{"geo_point_2d":{"lon":11.336788581600693,"lat":44.49038005950301},"id":"354","nomevia":"Saragozza (Via)","civico":"fr. 6","numposti":24}},{"type":"Feature","geometry":{"coordinates":[11.332454206413711,44.49010724215596],"type":"Point"},"properties":{"geo_point_2d":{"lon":11.332454206413711,"lat":44.49010724215596},"id":"358","nomevia":"Saragozza (Via)","civico":"fr. 70","numposti":8}},{"type":"Feature","geometry":{"coordinates":[11.340807947302698,44.498011560246006],"type":"Point"},"properties":{"geo_point_2d":{"lon":11.340807947302698,"lat":44.498011560246006},"id":"361","nomevia":"Schiavonia (Via)","civico":"1","numposti":16}},{"type":"Feature","geometry":{"coordinates":[11.340796089808148,44.48831281661301],"type":"Point"},"properties":{"geo_point_2d":{"lon":11.340796089808148,"lat":44.48831281661301},"id":"364","nomevia":"Solferino (Via)","civico":"8","numposti":8}},{"type":"Feature","geometry":{"coordinates":[11.348480983365322,44.50107405114041],"type":"Point"},"properties":{"geo_point_2d":{"lon":11.348480983365322,"lat":44.50107405114041},"id":"372","nomevia":"Todaro (Via)","civico":"1","numposti":8}},{"type":"Feature","geometry":{"coordinates":[11.34371559697527,44.48857626701479],"type":"Point"},"properties":{"geo_point_2d":{"lon":11.34371559697527,"lat":44.48857626701479},"id":"375","nomevia":"Tribunali (Piazza)","civico":"2","numposti":12}},{"type":"Feature","geometry":{"coordinates":[11.347395340130996,44.495059105696654],"type":"Point"},"properties":{"geo_point_2d":{"lon":11.347395340130996,"lat":44.495059105696654},"id":"389","nomevia":"Zamboni (Via)","civico":"8","numposti":16}},{"type":"Feature","geometry":{"coordinates":[11.341392978817186,44.5045436879544],"type":"Point"},"properties":{"geo_point_2d":{"lon":11.341392978817186,"lat":44.5045436879544},"id":"44","nomevia":"Boldrini (Via)","civico":"5\/2","numposti":12}},{"type":"Feature","geometry":{"coordinates":[11.347987950612957,44.49850166090642],"type":"Point"},"properties":{"geo_point_2d":{"lon":11.347987950612957,"lat":44.49850166090642},"id":"48","nomevia":"Borgo di S.Pietro (Via)","civico":"4\/a","numposti":8}},{"type":"Feature","geometry":{"coordinates":[11.344875828685709,44.49065315959122],"type":"Point"},"properties":{"geo_point_2d":{"lon":11.344875828685709,"lat":44.49065315959122},"id":"64","nomevia":"Calderini (Piazza)","civico":"6","numposti":8}},{"type":"Feature","geometry":{"coordinates":[11.348458543645009,44.48563666704261],"type":"Point"},"properties":{"geo_point_2d":{"lon":11.348458543645009,"lat":44.48563666704261},"id":"83","nomevia":"Castiglione (Piazza di Porta)","civico":"quadrante NE","numposti":8}},{"type":"Feature","geometry":{"coordinates":[11.354521357938742,44.498860062724226],"type":"Point"},"properties":{"geo_point_2d":{"lon":11.354521357938742,"lat":44.498860062724226},"id":"158","nomevia":"Irnerio (Via)","civico":null,"numposti":6}},{"type":"Feature","geometry":{"coordinates":[11.353880885340516,44.49866601408927],"type":"Point"},"properties":{"geo_point_2d":{"lon":11.353880885340516,"lat":44.49866601408927},"id":"159","nomevia":"Irnerio (Via)","civico":"42","numposti":12}},{"type":"Feature","geometry":{"coordinates":[11.35176335134041,44.493696635178075],"type":"Point"},"properties":{"geo_point_2d":{"lon":11.35176335134041,"lat":44.493696635178075},"id":"3","nomevia":"Aldrovandi (Piazza)","civico":"10","numposti":4}},{"type":"Feature","geometry":{"coordinates":[11.341123996807026,44.504968144967116],"type":"Point"},"properties":{"geo_point_2d":{"lon":11.341123996807026,"lat":44.504968144967116},"id":"9","nomevia":"Amendola (Via)","civico":"12-14","numposti":76}},{"type":"Feature","geometry":{"coordinates":[11.340528235045257,44.50368923389547],"type":"Point"},"properties":{"geo_point_2d":{"lon":11.340528235045257,"lat":44.50368923389547},"id":"11","nomevia":"Amendola (Via)","civico":"6-6\/e","numposti":12}},{"type":"Feature","geometry":{"coordinates":[11.333035142427024,44.49899271048575],"type":"Point"},"properties":{"geo_point_2d":{"lon":11.333035142427024,"lat":44.49899271048575},"id":"14","nomevia":"Azzarita (Piazza)","civico":"7\/h","numposti":26}},{"type":"Feature","geometry":{"coordinates":[11.334510260352818,44.502039761835256],"type":"Point"},"properties":{"geo_point_2d":{"lon":11.334510260352818,"lat":44.502039761835256},"id":"15","nomevia":"Azzo Gardino (Via)","civico":null,"numposti":14}},{"type":"Feature","geometry":{"coordinates":[11.33706854989288,44.501401615841175],"type":"Point"},"properties":{"geo_point_2d":{"lon":11.33706854989288,"lat":44.501401615841175},"id":"17","nomevia":"Azzo Gardino (Via)","civico":"33\/2","numposti":20}},{"type":"Feature","geometry":{"coordinates":[11.353521915063183,44.48508466492972],"type":"Point"},"properties":{"geo_point_2d":{"lon":11.353521915063183,"lat":44.48508466492972},"id":"21","nomevia":"Baraccano (Piazza)","civico":"2","numposti":8}},{"type":"Feature","geometry":{"coordinates":[11.338579318580765,44.50499453611734],"type":"Point"},"properties":{"geo_point_2d":{"lon":11.338579318580765,"lat":44.50499453611734},"id":"39","nomevia":"Boldrini (Via)","civico":null,"numposti":6}},{"type":"Feature","geometry":{"coordinates":[11.349448773425623,44.50188413868496],"type":"Point"},"properties":{"geo_point_2d":{"lon":11.349448773425623,"lat":44.50188413868496},"id":"119","nomevia":"Finelli (Via)","civico":"fr. 1\/13","numposti":14}},{"type":"Feature","geometry":{"coordinates":[11.348111422100207,44.49651295349832],"type":"Point"},"properties":{"geo_point_2d":{"lon":11.348111422100207,"lat":44.49651295349832},"id":"189","nomevia":"Marsala (Via)","civico":"45","numposti":12}},{"type":"Feature","geometry":{"coordinates":[11.334290843874614,44.502186397583294],"type":"Point"},"properties":{"geo_point_2d":{"lon":11.334290843874614,"lat":44.502186397583294},"id":"202","nomevia":"Menarini (Via)","civico":"fr. 1\/f-1\/i","numposti":26}},{"type":"Feature","geometry":{"coordinates":[11.340333494380246,44.501140101189975],"type":"Point"},"properties":{"geo_point_2d":{"lon":11.340333494380246,"lat":44.501140101189975},"id":"251","nomevia":"Porto (Via)","civico":"12","numposti":6}},{"type":"Feature","geometry":{"coordinates":[11.333727662678017,44.49556790371505],"type":"Point"},"properties":{"geo_point_2d":{"lon":11.333727662678017,"lat":44.49556790371505},"id":"267","nomevia":"Pratello (Via)","civico":"23-23\/2","numposti":26}},{"type":"Feature","geometry":{"coordinates":[11.348976796360809,44.493198421221216],"type":"Point"},"properties":{"geo_point_2d":{"lon":11.348976796360809,"lat":44.493198421221216},"id":"365","nomevia":"Strada Maggiore","civico":"21","numposti":16}},{"type":"Feature","geometry":{"coordinates":[11.34915932155,44.493194665188824],"type":"Point"},"properties":{"geo_point_2d":{"lon":11.34915932155,"lat":44.493194665188824},"id":"367","nomevia":"fr. Piazza S. Michele","civico":"26","numposti":6}},{"type":"Feature","geometry":{"coordinates":[11.34934569129186,44.49311818759992],"type":"Point"},"properties":{"geo_point_2d":{"lon":11.34934569129186,"lat":44.49311818759992},"id":"369","nomevia":"Strada Maggiore","civico":"28\/a","numposti":4}},{"type":"Feature","geometry":{"coordinates":[11.344388553466631,44.50373957711112],"type":"Point"},"properties":{"geo_point_2d":{"lon":11.344388553466631,"lat":44.50373957711112},"id":"385","nomevia":"XX Settembre (Piazza)","civico":"2","numposti":40}},{"type":"Feature","geometry":{"coordinates":[11.344554098306347,44.504056494777565],"type":"Point"},"properties":{"geo_point_2d":{"lon":11.344554098306347,"lat":44.504056494777565},"id":"387","nomevia":"XX Settembre (Piazza)","civico":null,"numposti":154}},{"type":"Feature","geometry":{"coordinates":[11.353011162419984,44.49581905945263],"type":"Point"},"properties":{"geo_point_2d":{"lon":11.353011162419984,"lat":44.49581905945263},"id":"400","nomevia":"Belmeloro (Via)","civico":"fr. 1\/b","numposti":16}},{"type":"Feature","geometry":{"coordinates":[11.337380524503756,44.49920464026752],"type":"Point"},"properties":{"geo_point_2d":{"lon":11.337380524503756,"lat":44.49920464026752},"id":"391","nomevia":"Riva di Reno (Via)","civico":"76","numposti":14}},{"type":"Feature","geometry":{"coordinates":[11.352682814574079,44.49711808812956],"type":"Point"},"properties":{"geo_point_2d":{"lon":11.352682814574079,"lat":44.49711808812956},"id":"392","nomevia":"Zamboni (Via)","civico":"fr. 35","numposti":32}},{"type":"Feature","geometry":{"coordinates":[11.343239199949826,44.499952979453994],"type":"Point"},"properties":{"geo_point_2d":{"lon":11.343239199949826,"lat":44.499952979453994},"id":"394","nomevia":"San Giuseppe (Via)","civico":"6","numposti":12}},{"type":"Feature","geometry":{"coordinates":[11.345991254899127,44.496903629699254],"type":"Point"},"properties":{"geo_point_2d":{"lon":11.345991254899127,"lat":44.496903629699254},"id":"398","nomevia":"Oberdan (Via)","civico":"24\/f-g","numposti":16}},{"type":"Feature","geometry":{"coordinates":[11.356186223840025,44.49799324910377],"type":"Point"},"properties":{"geo_point_2d":{"lon":11.356186223840025,"lat":44.49799324910377},"id":"401","nomevia":"Zamboni (Mura Anteo)","civico":null,"numposti":16}},{"type":"Feature","geometry":{"coordinates":[11.354750688864025,44.48897317990514],"type":"Point"},"properties":{"geo_point_2d":{"lon":11.354750688864025,"lat":44.48897317990514},"id":"402","nomevia":"Fondazza (Via)","civico":"41","numposti":8}},{"type":"Feature","geometry":{"coordinates":[11.345812319024422,44.50393620699558],"type":"Point"},"properties":{"geo_point_2d":{"lon":11.345812319024422,"lat":44.50393620699558},"id":"407","nomevia":"XX Settembre (Piazza)","civico":"6","numposti":28}},{"type":"Feature","geometry":{"coordinates":[11.335441439412,44.500550370569364],"type":"Point"},"properties":{"geo_point_2d":{"lon":11.335441439412,"lat":44.500550370569364},"id":"409","nomevia":"Rondone (Via)","civico":"8","numposti":8}},{"type":"Feature","geometry":{"coordinates":[11.333196557686675,44.500190512060676],"type":"Point"},"properties":{"geo_point_2d":{"lon":11.333196557686675,"lat":44.500190512060676},"id":"411","nomevia":"Azzarita (Piazza)","civico":"4\/3","numposti":12}},{"type":"Feature","geometry":{"coordinates":[11.340102258376882,44.499484113128915],"type":"Point"},"properties":{"geo_point_2d":{"lon":11.340102258376882,"lat":44.499484113128915},"id":"412","nomevia":"San Carlo (Via)","civico":"12","numposti":8}},{"type":"Feature","geometry":{"coordinates":[11.341013825196876,44.49837181787892],"type":"Point"},"properties":{"geo_point_2d":{"lon":11.341013825196876,"lat":44.49837181787892},"id":"413","nomevia":"Santa Maria Maggiore (Via)","civico":"2","numposti":16}},{"type":"Feature","geometry":{"coordinates":[11.35235015417468,44.502109282259184],"type":"Point"},"properties":{"geo_point_2d":{"lon":11.35235015417468,"lat":44.502109282259184},"id":"415","nomevia":"Mascarella (Piazza di Porta)","civico":"fr. 1","numposti":8}},{"type":"Feature","geometry":{"coordinates":[11.353998006043716,44.49134341832982],"type":"Point"},"properties":{"geo_point_2d":{"lon":11.353998006043716,"lat":44.49134341832982},"id":"416","nomevia":"Strada Maggiore","civico":"64\/c","numposti":10}},{"type":"Feature","geometry":{"coordinates":[11.350319181145132,44.48655750475681],"type":"Point"},"properties":{"geo_point_2d":{"lon":11.350319181145132,"lat":44.48655750475681},"id":"420","nomevia":"Orfeo (Via)","civico":"32","numposti":12}},{"type":"Feature","geometry":{"coordinates":[11.364957,44.50776],"type":"Point"},"properties":{"geo_point_2d":{"lon":11.364957,"lat":44.50776},"id":"YyNjA","nomevia":"via Moro","civico":"64","numposti":8}},{"type":"Feature","geometry":{"coordinates":[11.36449,44.508297],"type":"Point"},"properties":{"geo_point_2d":{"lon":11.36449,"lat":44.508297},"id":"M3NTU","nomevia":"via Moro","civico":"50","numposti":6}},{"type":"Feature","geometry":{"coordinates":[11.365952,44.508102],"type":"Point"},"properties":{"geo_point_2d":{"lon":11.365952,"lat":44.508102},"id":"EzMzI","nomevia":"via Moro","civico":"36","numposti":8}},{"type":"Feature","geometry":{"coordinates":[11.364825,44.508731],"type":"Point"},"properties":{"geo_point_2d":{"lon":11.364825,"lat":44.508731},"id":"UyNDA","nomevia":"via Moro","civico":"30","numposti":20}},{"type":"Feature","geometry":{"coordinates":[11.36398,44.508622],"type":"Point"},"properties":{"geo_point_2d":{"lon":11.36398,"lat":44.508622},"id":"EzMjY","nomevia":"via Moro","civico":"50-52","numposti":24}},{"type":"Feature","geometry":{"coordinates":[11.365835,44.507622],"type":"Point"},"properties":{"geo_point_2d":{"lon":11.365835,"lat":44.507622},"id":"YzNTc","nomevia":"via Moro","civico":"44","numposti":12}},{"type":"Feature","geometry":{"coordinates":[11.365583,44.508311],"type":"Point"},"properties":{"geo_point_2d":{"lon":11.365583,"lat":44.508311},"id":"gzMDY","nomevia":"via Moro","civico":"32-34","numposti":24}},{"type":"Feature","geometry":{"coordinates":[11.364907060461665,44.49205860475483],"type":"Point"},"properties":{"geo_point_2d":{"lon":11.364907060461665,"lat":44.49205860475483},"id":"1006","nomevia":"Albertoni (Via)","civico":null,"numposti":14}},{"type":"Feature","geometry":{"coordinates":[11.321637458512006,44.4955270012603],"type":"Point"},"properties":{"geo_point_2d":{"lon":11.321637458512006,"lat":44.4955270012603},"id":"1010","nomevia":"Andrea Costa (Via)","civico":"85","numposti":10}},{"type":"Feature","geometry":{"coordinates":[11.321188880493876,44.495518779555006],"type":"Point"},"properties":{"geo_point_2d":{"lon":11.321188880493876,"lat":44.495518779555006},"id":"1011","nomevia":"Andrea Costa (Via)","civico":null,"numposti":16}},{"type":"Feature","geometry":{"coordinates":[11.345290255363137,44.52473143095703],"type":"Point"},"properties":{"geo_point_2d":{"lon":11.345290255363137,"lat":44.52473143095703},"id":"1013","nomevia":"Arcoveggio (Via)","civico":"45\/1","numposti":4}},{"type":"Feature","geometry":{"coordinates":[11.326137991182565,44.4949032055353],"type":"Point"},"properties":{"geo_point_2d":{"lon":11.326137991182565,"lat":44.4949032055353},"id":"1016","nomevia":"Audinot (Via)","civico":null,"numposti":6}},{"type":"Feature","geometry":{"coordinates":[11.385372583335634,44.47785041725333],"type":"Point"},"properties":{"geo_point_2d":{"lon":11.385372583335634,"lat":44.47785041725333},"id":"1026","nomevia":"Bellaria (Via)","civico":null,"numposti":10}},{"type":"Feature","geometry":{"coordinates":[11.36430354351549,44.49720088220742],"type":"Point"},"properties":{"geo_point_2d":{"lon":11.36430354351549,"lat":44.49720088220742},"id":"1033","nomevia":"Bentivogli (Via)","civico":"99","numposti":4}},{"type":"Feature","geometry":{"coordinates":[11.330849330714644,44.502853304070506],"type":"Point"},"properties":{"geo_point_2d":{"lon":11.330849330714644,"lat":44.502853304070506},"id":"1035","nomevia":"Berti (Via)","civico":"9","numposti":6}},{"type":"Feature","geometry":{"coordinates":[11.291392083883009,44.50057017186765],"type":"Point"},"properties":{"geo_point_2d":{"lon":11.291392083883009,"lat":44.50057017186765},"id":"1037","nomevia":"Bertocchi (Via)","civico":"57","numposti":6}},{"type":"Feature","geometry":{"coordinates":[11.281003862303209,44.50168346898466],"type":"Point"},"properties":{"geo_point_2d":{"lon":11.281003862303209,"lat":44.50168346898466},"id":"1043","nomevia":"Bottonelli Giovanni (Via)","civico":"fr. 9","numposti":10}},{"type":"Feature","geometry":{"coordinates":[11.332753152391593,44.505832546598285],"type":"Point"},"properties":{"geo_point_2d":{"lon":11.332753152391593,"lat":44.505832546598285},"id":"1044","nomevia":"Bovi Campeggi (Via)","civico":"fr. 7\/2","numposti":6}},{"type":"Feature","geometry":{"coordinates":[11.276089626176962,44.49889985922437],"type":"Point"},"properties":{"geo_point_2d":{"lon":11.276089626176962,"lat":44.49889985922437},"id":"1045","nomevia":"Caduti di Casteldebole (Via)","civico":"66","numposti":6}},{"type":"Feature","geometry":{"coordinates":[11.341237126757747,44.507485111025495],"type":"Point"},"properties":{"geo_point_2d":{"lon":11.341237126757747,"lat":44.507485111025495},"id":"1049","nomevia":"Carracci (Via)","civico":"fr. 53","numposti":16}},{"type":"Feature","geometry":{"coordinates":[11.348949797920735,44.484973446705595],"type":"Point"},"properties":{"geo_point_2d":{"lon":11.348949797920735,"lat":44.484973446705595},"id":"1052","nomevia":"Castiglione (Piazza di Porta)","civico":"14","numposti":16}},{"type":"Feature","geometry":{"coordinates":[11.382105268823794,44.47000227027375],"type":"Point"},"properties":{"geo_point_2d":{"lon":11.382105268823794,"lat":44.47000227027375},"id":"1053","nomevia":"Cavazzoni (Via)","civico":null,"numposti":8}},{"type":"Feature","geometry":{"coordinates":[11.384407170971004,44.47705384057178],"type":"Point"},"properties":{"geo_point_2d":{"lon":11.384407170971004,"lat":44.47705384057178},"id":"1054","nomevia":"Lombardia (Via)","civico":null,"numposti":12}},{"type":"Feature","geometry":{"coordinates":[11.320871956760092,44.500381358531754],"type":"Point"},"properties":{"geo_point_2d":{"lon":11.320871956760092,"lat":44.500381358531754},"id":"1055","nomevia":"Col di Lana (Via)","civico":"8","numposti":10}},{"type":"Feature","geometry":{"coordinates":[11.347667653932014,44.51599204382615],"type":"Point"},"properties":{"geo_point_2d":{"lon":11.347667653932014,"lat":44.51599204382615},"id":"1058","nomevia":"Corticella (Via)","civico":"88\/a-c","numposti":4}},{"type":"Feature","geometry":{"coordinates":[11.353231917178343,44.531126306434736],"type":"Point"},"properties":{"geo_point_2d":{"lon":11.353231917178343,"lat":44.531126306434736},"id":"1061","nomevia":"Croce Coperta (Via)","civico":"2","numposti":8}},{"type":"Feature","geometry":{"coordinates":[11.370030206541083,44.48016366382869],"type":"Point"},"properties":{"geo_point_2d":{"lon":11.370030206541083,"lat":44.48016366382869},"id":"1062","nomevia":"Dagnini (Via)","civico":"30","numposti":6}},{"type":"Feature","geometry":{"coordinates":[11.368146163300082,44.47807553436775],"type":"Point"},"properties":{"geo_point_2d":{"lon":11.368146163300082,"lat":44.47807553436775},"id":"1063","nomevia":"Orti (Via)","civico":"11-13","numposti":18}},{"type":"Feature","geometry":{"coordinates":[11.3429046021258,44.507478383015176],"type":"Point"},"properties":{"geo_point_2d":{"lon":11.3429046021258,"lat":44.507478383015176},"id":"1066","nomevia":"De Maria (Via)","civico":null,"numposti":18}},{"type":"Feature","geometry":{"coordinates":[11.370416162696081,44.50264536033051],"type":"Point"},"properties":{"geo_point_2d":{"lon":11.370416162696081,"lat":44.50264536033051},"id":"1073","nomevia":"Duse (Via)","civico":"20\/e","numposti":8}},{"type":"Feature","geometry":{"coordinates":[11.379451034850279,44.48165847874098],"type":"Point"},"properties":{"geo_point_2d":{"lon":11.379451034850279,"lat":44.48165847874098},"id":"1077","nomevia":"Emilia Levante (Via)","civico":"51","numposti":6}},{"type":"Feature","geometry":{"coordinates":[11.37612532340471,44.48313546353872],"type":"Point"},"properties":{"geo_point_2d":{"lon":11.37612532340471,"lat":44.48313546353872},"id":"1078","nomevia":"Emilia Levante (Via)","civico":null,"numposti":24}},{"type":"Feature","geometry":{"coordinates":[11.363302504798101,44.492558261204614],"type":"Point"},"properties":{"geo_point_2d":{"lon":11.363302504798101,"lat":44.492558261204614},"id":"1081","nomevia":"Fabbri Paolo (Via)","civico":null,"numposti":4}},{"type":"Feature","geometry":{"coordinates":[11.362733534181332,44.495003779115464],"type":"Point"},"properties":{"geo_point_2d":{"lon":11.362733534181332,"lat":44.495003779115464},"id":"1086","nomevia":"Fabbri Paolo (Via)","civico":"26","numposti":4}},{"type":"Feature","geometry":{"coordinates":[11.362675333428303,44.49533419704799],"type":"Point"},"properties":{"geo_point_2d":{"lon":11.362675333428303,"lat":44.49533419704799},"id":"1087","nomevia":"Fabbri Paolo (Via)","civico":"32","numposti":4}},{"type":"Feature","geometry":{"coordinates":[11.363010592779867,44.493091045171376],"type":"Point"},"properties":{"geo_point_2d":{"lon":11.363010592779867,"lat":44.493091045171376},"id":"1088","nomevia":"Fabbri Paolo (Via)","civico":"4","numposti":4}},{"type":"Feature","geometry":{"coordinates":[11.36259865796227,44.49588203426502],"type":"Point"},"properties":{"geo_point_2d":{"lon":11.36259865796227,"lat":44.49588203426502},"id":"1089","nomevia":"Fabbri Paolo (Via)","civico":"46","numposti":4}},{"type":"Feature","geometry":{"coordinates":[11.362936645940614,44.49505566373753],"type":"Point"},"properties":{"geo_point_2d":{"lon":11.362936645940614,"lat":44.49505566373753},"id":"1090","nomevia":"Fabbri Paolo (Via)","civico":"47","numposti":4}},{"type":"Feature","geometry":{"coordinates":[11.36271819086486,44.496479460620144],"type":"Point"},"properties":{"geo_point_2d":{"lon":11.36271819086486,"lat":44.496479460620144},"id":"1092","nomevia":"Fabbri Paolo (Via)","civico":"57","numposti":4}},{"type":"Feature","geometry":{"coordinates":[11.377352339324831,44.48660618823162],"type":"Point"},"properties":{"geo_point_2d":{"lon":11.377352339324831,"lat":44.48660618823162},"id":"1100","nomevia":"Felsina (Viale)","civico":null,"numposti":8}},{"type":"Feature","geometry":{"coordinates":[11.35145570222264,44.51341093552624],"type":"Point"},"properties":{"geo_point_2d":{"lon":11.35145570222264,"lat":44.51341093552624},"id":"1101","nomevia":"Ferrarese (Via)","civico":"24","numposti":6}},{"type":"Feature","geometry":{"coordinates":[11.353759699822815,44.51316455728935],"type":"Point"},"properties":{"geo_point_2d":{"lon":11.353759699822815,"lat":44.51316455728935},"id":"1103","nomevia":"Ferrarese (Via)","civico":"131","numposti":4}},{"type":"Feature","geometry":{"coordinates":[11.340604328389148,44.50893195785524],"type":"Point"},"properties":{"geo_point_2d":{"lon":11.340604328389148,"lat":44.50893195785524},"id":"1104","nomevia":"Fioravanti (Via)","civico":null,"numposti":14}},{"type":"Feature","geometry":{"coordinates":[11.34156495617165,44.513340419161324],"type":"Point"},"properties":{"geo_point_2d":{"lon":11.34156495617165,"lat":44.513340419161324},"id":"1106","nomevia":"Fioravanti (Via)","civico":"26","numposti":8}},{"type":"Feature","geometry":{"coordinates":[11.367362516197675,44.50446263968765],"type":"Point"},"properties":{"geo_point_2d":{"lon":11.367362516197675,"lat":44.50446263968765},"id":"1108","nomevia":"Garavaglia (Via)","civico":null,"numposti":12}},{"type":"Feature","geometry":{"coordinates":[11.28470026863519,44.494269126141695],"type":"Point"},"properties":{"geo_point_2d":{"lon":11.28470026863519,"lat":44.494269126141695},"id":"1110","nomevia":"Giovanni XXIII (Piazza)","civico":null,"numposti":8}},{"type":"Feature","geometry":{"coordinates":[11.285615525578285,44.496025484183285],"type":"Point"},"properties":{"geo_point_2d":{"lon":11.285615525578285,"lat":44.496025484183285},"id":"1111","nomevia":"Giovanni XXIII (Piazza)","civico":"fr. 18-19","numposti":6}},{"type":"Feature","geometry":{"coordinates":[11.353247102322952,44.5086451495713],"type":"Point"},"properties":{"geo_point_2d":{"lon":11.353247102322952,"lat":44.5086451495713},"id":"1122","nomevia":"Lianori (Via)","civico":null,"numposti":18}},{"type":"Feature","geometry":{"coordinates":[11.327433978966846,44.502003728458526],"type":"Point"},"properties":{"geo_point_2d":{"lon":11.327433978966846,"lat":44.502003728458526},"id":"1125","nomevia":"Malvasia (Via)","civico":null,"numposti":8}},{"type":"Feature","geometry":{"coordinates":[11.347616498628582,44.513941864186066],"type":"Point"},"properties":{"geo_point_2d":{"lon":11.347616498628582,"lat":44.513941864186066},"id":"1126","nomevia":"Magenta (Via)","civico":null,"numposti":10}},{"type":"Feature","geometry":{"coordinates":[11.264182201385244,44.52136061452119],"type":"Point"},"properties":{"geo_point_2d":{"lon":11.264182201385244,"lat":44.52136061452119},"id":"1129","nomevia":"Marco Emilio Lepido (Via)","civico":null,"numposti":6}},{"type":"Feature","geometry":{"coordinates":[11.367935641161376,44.486131727117524],"type":"Point"},"properties":{"geo_point_2d":{"lon":11.367935641161376,"lat":44.486131727117524},"id":"1141","nomevia":"Mazzini (Via)","civico":"146","numposti":4}},{"type":"Feature","geometry":{"coordinates":[11.366890799870612,44.486537300496664],"type":"Point"},"properties":{"geo_point_2d":{"lon":11.366890799870612,"lat":44.486537300496664},"id":"1143","nomevia":"Mazzini (Via)","civico":"fr. 140\/2","numposti":8}},{"type":"Feature","geometry":{"coordinates":[11.369020668656823,44.48576513139962],"type":"Point"},"properties":{"geo_point_2d":{"lon":11.369020668656823,"lat":44.48576513139962},"id":"1147","nomevia":"Mazzini (Via)","civico":null,"numposti":4}},{"type":"Feature","geometry":{"coordinates":[11.345723068934664,44.50519449474116],"type":"Point"},"properties":{"geo_point_2d":{"lon":11.345723068934664,"lat":44.50519449474116},"id":"1137","nomevia":"Matteotti (Via)","civico":"1","numposti":20}},{"type":"Feature","geometry":{"coordinates":[11.370502488500046,44.48744222742629],"type":"Point"},"properties":{"geo_point_2d":{"lon":11.370502488500046,"lat":44.48744222742629},"id":"1150","nomevia":"Mengoli (Via)","civico":null,"numposti":4}},{"type":"Feature","geometry":{"coordinates":[11.371904604859507,44.489981773402484],"type":"Point"},"properties":{"geo_point_2d":{"lon":11.371904604859507,"lat":44.489981773402484},"id":"1152","nomevia":"Mengoli (Via)","civico":null,"numposti":12}},{"type":"Feature","geometry":{"coordinates":[11.371054628824965,44.488721171894255],"type":"Point"},"properties":{"geo_point_2d":{"lon":11.371054628824965,"lat":44.488721171894255},"id":"1158","nomevia":"Mengoli (Via)","civico":null,"numposti":6}},{"type":"Feature","geometry":{"coordinates":[11.371297557807642,44.48912684649163],"type":"Point"},"properties":{"geo_point_2d":{"lon":11.371297557807642,"lat":44.48912684649163},"id":"1159","nomevia":"Mengoli (Via)","civico":null,"numposti":4}},{"type":"Feature","geometry":{"coordinates":[11.365077985775203,44.50185844003902],"type":"Point"},"properties":{"geo_point_2d":{"lon":11.365077985775203,"lat":44.50185844003902},"id":"1162","nomevia":"Mickiewicz (Piazza)","civico":null,"numposti":12}},{"type":"Feature","geometry":{"coordinates":[11.365035178971596,44.479386851697505],"type":"Point"},"properties":{"geo_point_2d":{"lon":11.365035178971596,"lat":44.479386851697505},"id":"1166","nomevia":"Murri (Via)","civico":"fr. 86","numposti":10}},{"type":"Feature","geometry":{"coordinates":[11.366102254808524,44.47737057381536],"type":"Point"},"properties":{"geo_point_2d":{"lon":11.366102254808524,"lat":44.47737057381536},"id":"1167","nomevia":"Murri (Via)","civico":"131","numposti":6}},{"type":"Feature","geometry":{"coordinates":[11.31470464928596,44.49560661751649],"type":"Point"},"properties":{"geo_point_2d":{"lon":11.31470464928596,"lat":44.49560661751649},"id":"1164","nomevia":"Montefiorino (Via)","civico":null,"numposti":4}},{"type":"Feature","geometry":{"coordinates":[11.27803883359001,44.51806649768619],"type":"Point"},"properties":{"geo_point_2d":{"lon":11.27803883359001,"lat":44.51806649768619},"id":"1169","nomevia":"Nani (Via)","civico":"10","numposti":16}},{"type":"Feature","geometry":{"coordinates":[11.342228003681807,44.507590210642654],"type":"Point"},"properties":{"geo_point_2d":{"lon":11.342228003681807,"lat":44.507590210642654},"id":"1170","nomevia":"Nicolo' Dall'Arca (Via)","civico":"1","numposti":34}},{"type":"Feature","geometry":{"coordinates":[11.264317293441353,44.522870019935716],"type":"Point"},"properties":{"geo_point_2d":{"lon":11.264317293441353,"lat":44.522870019935716},"id":"1173","nomevia":"Normandia (Via)","civico":null,"numposti":6}},{"type":"Feature","geometry":{"coordinates":[11.358661397295865,44.483218534011186],"type":"Point"},"properties":{"geo_point_2d":{"lon":11.358661397295865,"lat":44.483218534011186},"id":"1175","nomevia":"Oriani (Viale)","civico":null,"numposti":8}},{"type":"Feature","geometry":{"coordinates":[11.364930964025588,44.49448046885893],"type":"Point"},"properties":{"geo_point_2d":{"lon":11.364930964025588,"lat":44.49448046885893},"id":"1179","nomevia":"Palmieri (Via)","civico":"22","numposti":4}},{"type":"Feature","geometry":{"coordinates":[11.321974734285098,44.49158999299576],"type":"Point"},"properties":{"geo_point_2d":{"lon":11.321974734285098,"lat":44.49158999299576},"id":"1184","nomevia":"Perti (Via)","civico":"31","numposti":16}},{"type":"Feature","geometry":{"coordinates":[11.332224726912314,44.50239946089046],"type":"Point"},"properties":{"geo_point_2d":{"lon":11.332224726912314,"lat":44.50239946089046},"id":"1187","nomevia":"Pier Crescenzi (Via)","civico":null,"numposti":16}},{"type":"Feature","geometry":{"coordinates":[11.387153930616586,44.469429078336006],"type":"Point"},"properties":{"geo_point_2d":{"lon":11.387153930616586,"lat":44.469429078336006},"id":"1188","nomevia":"Pieve di Cadore (Via)","civico":"fr. 3","numposti":6}},{"type":"Feature","geometry":{"coordinates":[11.358739186211544,44.50073671613409],"type":"Point"},"properties":{"geo_point_2d":{"lon":11.358739186211544,"lat":44.50073671613409},"id":"1195","nomevia":"Ranzani (Via)","civico":"11, 11\/e, 13, 15\/b","numposti":10}},{"type":"Feature","geometry":{"coordinates":[11.356730133394327,44.52952712193971],"type":"Point"},"properties":{"geo_point_2d":{"lon":11.356730133394327,"lat":44.52952712193971},"id":"1198","nomevia":"Rimini (Via)","civico":null,"numposti":8}},{"type":"Feature","geometry":{"coordinates":[11.325145951552507,44.49316835763774],"type":"Point"},"properties":{"geo_point_2d":{"lon":11.325145951552507,"lat":44.49316835763774},"id":"1200","nomevia":"Roncati (Via)","civico":"fr. 24","numposti":2}},{"type":"Feature","geometry":{"coordinates":[11.350198064396855,44.51317394788119],"type":"Point"},"properties":{"geo_point_2d":{"lon":11.350198064396855,"lat":44.51317394788119},"id":"1205","nomevia":"Saliceto (Via)","civico":"3\/20, 5","numposti":20}},{"type":"Feature","geometry":{"coordinates":[11.367705570352522,44.503827645856276],"type":"Point"},"properties":{"geo_point_2d":{"lon":11.367705570352522,"lat":44.503827645856276},"id":"1209","nomevia":"San Donato (Via)","civico":null,"numposti":10}},{"type":"Feature","geometry":{"coordinates":[11.366521207281123,44.50265011464531],"type":"Point"},"properties":{"geo_point_2d":{"lon":11.366521207281123,"lat":44.50265011464531},"id":"1253","nomevia":"Artigiano (Via)","civico":"32","numposti":8}},{"type":"Feature","geometry":{"coordinates":[11.385595991664811,44.51138814230542],"type":"Point"},"properties":{"geo_point_2d":{"lon":11.385595991664811,"lat":44.51138814230542},"id":"1212","nomevia":"San Donato (Via)","civico":"169-175","numposti":22}},{"type":"Feature","geometry":{"coordinates":[11.345694382991745,44.50902195985545],"type":"Point"},"properties":{"geo_point_2d":{"lon":11.345694382991745,"lat":44.50902195985545},"id":"1215","nomevia":"Serra (Via)","civico":"3","numposti":8}},{"type":"Feature","geometry":{"coordinates":[11.293619409722233,44.5204916630069],"type":"Point"},"properties":{"geo_point_2d":{"lon":11.293619409722233,"lat":44.5204916630069},"id":"1219","nomevia":"Settembrini (Via)","civico":null,"numposti":4}},{"type":"Feature","geometry":{"coordinates":[11.377452765865728,44.49141846427368],"type":"Point"},"properties":{"geo_point_2d":{"lon":11.377452765865728,"lat":44.49141846427368},"id":"1221","nomevia":"Spartaco (Via)","civico":"1\/2","numposti":10}},{"type":"Feature","geometry":{"coordinates":[11.308212524130049,44.49279049689219],"type":"Point"},"properties":{"geo_point_2d":{"lon":11.308212524130049,"lat":44.49279049689219},"id":"1222","nomevia":"Sport (Via)","civico":"4","numposti":8}},{"type":"Feature","geometry":{"coordinates":[11.308309107298577,44.492241303880284],"type":"Point"},"properties":{"geo_point_2d":{"lon":11.308309107298577,"lat":44.492241303880284},"id":"1223","nomevia":"Sport (Via)","civico":"fr. 19","numposti":4}},{"type":"Feature","geometry":{"coordinates":[11.308345992763396,44.492042931405045],"type":"Point"},"properties":{"geo_point_2d":{"lon":11.308345992763396,"lat":44.492042931405045},"id":"1224","nomevia":"Sport (Via)","civico":"fr. 23","numposti":8}},{"type":"Feature","geometry":{"coordinates":[11.33925105310932,44.509702222078026],"type":"Point"},"properties":{"geo_point_2d":{"lon":11.33925105310932,"lat":44.509702222078026},"id":"1225","nomevia":"Svampa (Via)","civico":"8","numposti":20}},{"type":"Feature","geometry":{"coordinates":[11.339514387361238,44.50986864639557],"type":"Point"},"properties":{"geo_point_2d":{"lon":11.339514387361238,"lat":44.50986864639557},"id":"1226","nomevia":"Svampa (Via)","civico":null,"numposti":156}},{"type":"Feature","geometry":{"coordinates":[11.31821715190015,44.50046314910408],"type":"Point"},"properties":{"geo_point_2d":{"lon":11.31821715190015,"lat":44.50046314910408},"id":"1230","nomevia":"Timavo (Via)","civico":null,"numposti":8}},{"type":"Feature","geometry":{"coordinates":[11.36197919473482,44.4872583926881],"type":"Point"},"properties":{"geo_point_2d":{"lon":11.36197919473482,"lat":44.4872583926881},"id":"1234","nomevia":"Trento e Trieste (Piazza)","civico":"2\/2","numposti":6}},{"type":"Feature","geometry":{"coordinates":[11.361443966914102,44.48768354567847],"type":"Point"},"properties":{"geo_point_2d":{"lon":11.361443966914102,"lat":44.48768354567847},"id":"1235","nomevia":"Trento e Trieste (Piazza)","civico":"7\/4","numposti":8}},{"type":"Feature","geometry":{"coordinates":[11.366748049559739,44.49252600917118],"type":"Point"},"properties":{"geo_point_2d":{"lon":11.366748049559739,"lat":44.49252600917118},"id":"1239","nomevia":"Venturoli (Via)","civico":"1","numposti":8}},{"type":"Feature","geometry":{"coordinates":[11.345703487055886,44.50490793663791],"type":"Point"},"properties":{"geo_point_2d":{"lon":11.345703487055886,"lat":44.50490793663791},"id":"1244","nomevia":"XX Settembre (Piazza)","civico":"5","numposti":10}},{"type":"Feature","geometry":{"coordinates":[11.314855906287738,44.49212491615284],"type":"Point"},"properties":{"geo_point_2d":{"lon":11.314855906287738,"lat":44.49212491615284},"id":"1245","nomevia":"XXI Aprile (Via)","civico":"25\/2","numposti":6}},{"type":"Feature","geometry":{"coordinates":[11.33317134074616,44.50287171883675],"type":"Point"},"properties":{"geo_point_2d":{"lon":11.33317134074616,"lat":44.50287171883675},"id":"1247","nomevia":"Zanardi (Via)","civico":"1","numposti":4}},{"type":"Feature","geometry":{"coordinates":[11.332079280888202,44.504712261908345],"type":"Point"},"properties":{"geo_point_2d":{"lon":11.332079280888202,"lat":44.504712261908345},"id":"1249","nomevia":"Zanardi (Via)","civico":null,"numposti":4}},{"type":"Feature","geometry":{"coordinates":[11.332754093084098,44.503734524954034],"type":"Point"},"properties":{"geo_point_2d":{"lon":11.332754093084098,"lat":44.503734524954034},"id":"1250","nomevia":"Zanardi (Via)","civico":null,"numposti":2}},{"type":"Feature","geometry":{"coordinates":[11.316193645914149,44.491069129307625],"type":"Point"},"properties":{"geo_point_2d":{"lon":11.316193645914149,"lat":44.491069129307625},"id":"1258","nomevia":"Pasquali (Via)","civico":"5","numposti":6}},{"type":"Feature","geometry":{"coordinates":[11.360428073369576,44.505680027663445],"type":"Point"},"properties":{"geo_point_2d":{"lon":11.360428073369576,"lat":44.505680027663445},"id":"1266","nomevia":"Casciarolo (Via)","civico":null,"numposti":6}},{"type":"Feature","geometry":{"coordinates":[11.325361712455978,44.502121061740034],"type":"Point"},"properties":{"geo_point_2d":{"lon":11.325361712455978,"lat":44.502121061740034},"id":"1269","nomevia":"Malvasia (Via)","civico":"22\/c","numposti":8}},{"type":"Feature","geometry":{"coordinates":[11.342717547422122,44.509505960033344],"type":"Point"},"properties":{"geo_point_2d":{"lon":11.342717547422122,"lat":44.509505960033344},"id":"1275","nomevia":"Nicolo' Dall'Arca (Via)","civico":null,"numposti":4}},{"type":"Feature","geometry":{"coordinates":[11.349549777735596,44.48310571489073],"type":"Point"},"properties":{"geo_point_2d":{"lon":11.349549777735596,"lat":44.48310571489073},"id":"1278","nomevia":"Polischi (Viale)","civico":"9","numposti":8}},{"type":"Feature","geometry":{"coordinates":[11.372956474048683,44.479227886746806],"type":"Point"},"properties":{"geo_point_2d":{"lon":11.372956474048683,"lat":44.479227886746806},"id":"1279","nomevia":"Lercaro (Largo)","civico":"12","numposti":8}},{"type":"Feature","geometry":{"coordinates":[11.36390047805148,44.48296708591054],"type":"Point"},"properties":{"geo_point_2d":{"lon":11.36390047805148,"lat":44.48296708591054},"id":"1283","nomevia":"Masi (Via)","civico":null,"numposti":6}},{"type":"Feature","geometry":{"coordinates":[11.331309871664017,44.50375367546589],"type":"Point"},"properties":{"geo_point_2d":{"lon":11.331309871664017,"lat":44.50375367546589},"id":"1284","nomevia":"Casarini (Via)","civico":"14","numposti":10}},{"type":"Feature","geometry":{"coordinates":[11.365755543590941,44.50443591013464],"type":"Point"},"properties":{"geo_point_2d":{"lon":11.365755543590941,"lat":44.50443591013464},"id":"1286","nomevia":"Salvini (Via)","civico":"6g-6e","numposti":10}},{"type":"Feature","geometry":{"coordinates":[11.345047979008463,44.51215808535736],"type":"Point"},"properties":{"geo_point_2d":{"lon":11.345047979008463,"lat":44.51215808535736},"id":"1290","nomevia":"Bolognese (Via)","civico":"12","numposti":6}},{"type":"Feature","geometry":{"coordinates":[11.343150233760047,44.51239739098779],"type":"Point"},"properties":{"geo_point_2d":{"lon":11.343150233760047,"lat":44.51239739098779},"id":"1291","nomevia":"Bolognese (Via)","civico":"22\/3-b","numposti":4}},{"type":"Feature","geometry":{"coordinates":[11.347091373370647,44.51249589279685],"type":"Point"},"properties":{"geo_point_2d":{"lon":11.347091373370647,"lat":44.51249589279685},"id":"1293","nomevia":"Corticella (Via)","civico":"3","numposti":8}},{"type":"Feature","geometry":{"coordinates":[11.36067877120467,44.54617382235253],"type":"Point"},"properties":{"geo_point_2d":{"lon":11.36067877120467,"lat":44.54617382235253},"id":"1294","nomevia":"Byron (Via)","civico":"30","numposti":4}},{"type":"Feature","geometry":{"coordinates":[11.379730267313496,44.475184421734824],"type":"Point"},"properties":{"geo_point_2d":{"lon":11.379730267313496,"lat":44.475184421734824},"id":"1302","nomevia":"Lombardia (Via)","civico":"fr. 35","numposti":8}},{"type":"Feature","geometry":{"coordinates":[11.347602403523853,44.51711985689318],"type":"Point"},"properties":{"geo_point_2d":{"lon":11.347602403523853,"lat":44.51711985689318},"id":"1307","nomevia":"Corticella (Via)","civico":"fr. 61","numposti":8}},{"type":"Feature","geometry":{"coordinates":[11.321908355080595,44.50007889621756],"type":"Point"},"properties":{"geo_point_2d":{"lon":11.321908355080595,"lat":44.50007889621756},"id":"1310","nomevia":"Col di Lana (Via)","civico":null,"numposti":6}},{"type":"Feature","geometry":{"coordinates":[11.314242053089005,44.49202004060697],"type":"Point"},"properties":{"geo_point_2d":{"lon":11.314242053089005,"lat":44.49202004060697},"id":"1312","nomevia":"XXI Aprile (Via)","civico":"fr. 32","numposti":8}},{"type":"Feature","geometry":{"coordinates":[11.38523092138693,44.48838520121473],"type":"Point"},"properties":{"geo_point_2d":{"lon":11.38523092138693,"lat":44.48838520121473},"id":"1316","nomevia":"Populonia (Via)","civico":"11","numposti":32}},{"type":"Feature","geometry":{"coordinates":[11.377618831222364,44.50735419748993],"type":"Point"},"properties":{"geo_point_2d":{"lon":11.377618831222364,"lat":44.50735419748993},"id":"1324","nomevia":"Zagabria (Via)","civico":"1","numposti":6}},{"type":"Feature","geometry":{"coordinates":[11.354470764411344,44.50487864639659],"type":"Point"},"properties":{"geo_point_2d":{"lon":11.354470764411344,"lat":44.50487864639659},"id":"1325","nomevia":"Gandusio (Via)","civico":"37","numposti":10}},{"type":"Feature","geometry":{"coordinates":[11.316491856965767,44.48885939658955],"type":"Point"},"properties":{"geo_point_2d":{"lon":11.316491856965767,"lat":44.48885939658955},"id":"1327","nomevia":"Saragozza (Via)","civico":"191","numposti":12}},{"type":"Feature","geometry":{"coordinates":[11.333880183588835,44.52251461649222],"type":"Point"},"properties":{"geo_point_2d":{"lon":11.333880183588835,"lat":44.52251461649222},"id":"1328","nomevia":"Beverara (Via)","civico":"123\/1","numposti":90}},{"type":"Feature","geometry":{"coordinates":[11.379913091130074,44.507541005149186],"type":"Point"},"properties":{"geo_point_2d":{"lon":11.379913091130074,"lat":44.507541005149186},"id":"1331","nomevia":"Valparaiso (Via)","civico":"2","numposti":24}},{"type":"Feature","geometry":{"coordinates":[11.364881243889695,44.47955562746196],"type":"Point"},"properties":{"geo_point_2d":{"lon":11.364881243889695,"lat":44.47955562746196},"id":"1332","nomevia":"Bassi Veratti (Via)","civico":"73","numposti":4}},{"type":"Feature","geometry":{"coordinates":[11.361723600310944,44.48690485287882],"type":"Point"},"properties":{"geo_point_2d":{"lon":11.361723600310944,"lat":44.48690485287882},"id":"1341","nomevia":"Oriani (Viale)","civico":"2","numposti":6}},{"type":"Feature","geometry":{"coordinates":[11.359492285137497,44.48387636485481],"type":"Point"},"properties":{"geo_point_2d":{"lon":11.359492285137497,"lat":44.48387636485481},"id":"1343","nomevia":"Oriani (Viale)","civico":"50\/2","numposti":4}},{"type":"Feature","geometry":{"coordinates":[11.358904727294911,44.483095329438385],"type":"Point"},"properties":{"geo_point_2d":{"lon":11.358904727294911,"lat":44.483095329438385},"id":"1345","nomevia":"Oriani (Viale)","civico":"58\/c","numposti":4}},{"type":"Feature","geometry":{"coordinates":[11.316130654092834,44.485760749395304],"type":"Point"},"properties":{"geo_point_2d":{"lon":11.316130654092834,"lat":44.485760749395304},"id":"1348","nomevia":"Felice Battaglia (Via)","civico":"12\/3","numposti":6}},{"type":"Feature","geometry":{"coordinates":[11.31571422702293,44.485327170284776],"type":"Point"},"properties":{"geo_point_2d":{"lon":11.31571422702293,"lat":44.485327170284776},"id":"1349","nomevia":"Felice Battaglia (Via)","civico":"pressi civ. 11","numposti":24}},{"type":"Feature","geometry":{"coordinates":[11.326321943981265,44.49486535293359],"type":"Point"},"properties":{"geo_point_2d":{"lon":11.326321943981265,"lat":44.49486535293359},"id":"1352","nomevia":"Audinot (Via)","civico":"2","numposti":8}},{"type":"Feature","geometry":{"coordinates":[11.327067481817584,44.500774555623344],"type":"Point"},"properties":{"geo_point_2d":{"lon":11.327067481817584,"lat":44.500774555623344},"id":"1355","nomevia":"Ghisiliera (Via)","civico":null,"numposti":4}},{"type":"Feature","geometry":{"coordinates":[11.321603213992468,44.49917928847517],"type":"Point"},"properties":{"geo_point_2d":{"lon":11.321603213992468,"lat":44.49917928847517},"id":"1356","nomevia":"Gorizia (Via)","civico":null,"numposti":6}},{"type":"Feature","geometry":{"coordinates":[11.321653174611779,44.49925989796209],"type":"Point"},"properties":{"geo_point_2d":{"lon":11.321653174611779,"lat":44.49925989796209},"id":"1357","nomevia":"Gorizia (Via)","civico":null,"numposti":4}},{"type":"Feature","geometry":{"coordinates":[11.279825616234588,44.5180315378828],"type":"Point"},"properties":{"geo_point_2d":{"lon":11.279825616234588,"lat":44.5180315378828},"id":"1358","nomevia":"Panigale (Via)","civico":"pressi civ. 12","numposti":10}},{"type":"Feature","geometry":{"coordinates":[11.323621821393962,44.49444678657639],"type":"Point"},"properties":{"geo_point_2d":{"lon":11.323621821393962,"lat":44.49444678657639},"id":"1359","nomevia":"Turati (Via)","civico":"8","numposti":4}},{"type":"Feature","geometry":{"coordinates":[11.344911844747568,44.51022838769246],"type":"Point"},"properties":{"geo_point_2d":{"lon":11.344911844747568,"lat":44.51022838769246},"id":"1360","nomevia":"Albani","civico":"5\/e-f","numposti":10}},{"type":"Feature","geometry":{"coordinates":[11.345103984887121,44.511323501136275],"type":"Point"},"properties":{"geo_point_2d":{"lon":11.345103984887121,"lat":44.511323501136275},"id":"1362","nomevia":"Tibaldi (Via)","civico":"15","numposti":4}},{"type":"Feature","geometry":{"coordinates":[11.339598476514416,44.48462195332722],"type":"Point"},"properties":{"geo_point_2d":{"lon":11.339598476514416,"lat":44.48462195332722},"id":"1373","nomevia":"Codivilla (Via)","civico":"2","numposti":12}},{"type":"Feature","geometry":{"coordinates":[11.33730612413279,44.48277271006631],"type":"Point"},"properties":{"geo_point_2d":{"lon":11.33730612413279,"lat":44.48277271006631},"id":"1374","nomevia":"Alamandini (Via)","civico":"4\/2","numposti":4}},{"type":"Feature","geometry":{"coordinates":[11.369933940150526,44.472579883192935],"type":"Point"},"properties":{"geo_point_2d":{"lon":11.369933940150526,"lat":44.472579883192935},"id":"1375","nomevia":"Parisio (Via)","civico":"1","numposti":4}},{"type":"Feature","geometry":{"coordinates":[11.369224899583799,44.4736376709885],"type":"Point"},"properties":{"geo_point_2d":{"lon":11.369224899583799,"lat":44.4736376709885},"id":"1376","nomevia":"Lamponi (Via)","civico":"1","numposti":4}},{"type":"Feature","geometry":{"coordinates":[11.331265050726255,44.51422760159208],"type":"Point"},"properties":{"geo_point_2d":{"lon":11.331265050726255,"lat":44.51422760159208},"id":"1382","nomevia":"Beverara (Via)","civico":"fr. 48","numposti":16}},{"type":"Feature","geometry":{"coordinates":[11.350949399782483,44.53171468529718],"type":"Point"},"properties":{"geo_point_2d":{"lon":11.350949399782483,"lat":44.53171468529718},"id":"1386","nomevia":"Marziale (Via)","civico":"fr. 13","numposti":4}},{"type":"Feature","geometry":{"coordinates":[11.382962598165431,44.4685468796699],"type":"Point"},"properties":{"geo_point_2d":{"lon":11.382962598165431,"lat":44.4685468796699},"id":"1387","nomevia":"Savigno (Via)","civico":"fr. 5","numposti":10}},{"type":"Feature","geometry":{"coordinates":[11.385084802120144,44.46934799257509],"type":"Point"},"properties":{"geo_point_2d":{"lon":11.385084802120144,"lat":44.46934799257509},"id":"1388","nomevia":"Cavazzoni (Via)","civico":null,"numposti":10}},{"type":"Feature","geometry":{"coordinates":[11.378429594365953,44.47583802604877],"type":"Point"},"properties":{"geo_point_2d":{"lon":11.378429594365953,"lat":44.47583802604877},"id":"1391","nomevia":"Po (Via)","civico":"13\/i-l","numposti":10}},{"type":"Feature","geometry":{"coordinates":[11.34805237030705,44.526083841034584],"type":"Point"},"properties":{"geo_point_2d":{"lon":11.34805237030705,"lat":44.526083841034584},"id":"1395","nomevia":"Giuriolo","civico":"9","numposti":10}},{"type":"Feature","geometry":{"coordinates":[11.342718491201985,44.51037477599113],"type":"Point"},"properties":{"geo_point_2d":{"lon":11.342718491201985,"lat":44.51037477599113},"id":"1397","nomevia":"Nicolo' Dall'Arca (Via)","civico":null,"numposti":2}},{"type":"Feature","geometry":{"coordinates":[11.35112756322712,44.51053464007768],"type":"Point"},"properties":{"geo_point_2d":{"lon":11.35112756322712,"lat":44.51053464007768},"id":"1399","nomevia":"Creti (Via)","civico":null,"numposti":6}},{"type":"Feature","geometry":{"coordinates":[11.310923106355915,44.49440811862681],"type":"Point"},"properties":{"geo_point_2d":{"lon":11.310923106355915,"lat":44.49440811862681},"id":"1402","nomevia":"Certosa (Via)","civico":"fr. 10","numposti":10}},{"type":"Feature","geometry":{"coordinates":[11.349546724593225,44.500674400820074],"type":"Point"},"properties":{"geo_point_2d":{"lon":11.349546724593225,"lat":44.500674400820074},"id":"49","nomevia":"Borgo di S.Pietro (Via)","civico":"69","numposti":8}},{"type":"Feature","geometry":{"coordinates":[11.355395483168131,44.49333777047851],"type":"Point"},"properties":{"geo_point_2d":{"lon":11.355395483168131,"lat":44.49333777047851},"id":"52","nomevia":"Broccaindosso (Via)","civico":"48","numposti":16}},{"type":"Feature","geometry":{"coordinates":[11.334295455290018,44.49924223037457],"type":"Point"},"properties":{"geo_point_2d":{"lon":11.334295455290018,"lat":44.49924223037457},"id":"55","nomevia":"Brugnoli (Via)","civico":"6","numposti":16}},{"type":"Feature","geometry":{"coordinates":[11.339378026688461,44.502664529179945],"type":"Point"},"properties":{"geo_point_2d":{"lon":11.339378026688461,"lat":44.502664529179945},"id":"57","nomevia":"Cairoli (Via)","civico":"2","numposti":8}},{"type":"Feature","geometry":{"coordinates":[11.339437763334244,44.50314763873228],"type":"Point"},"properties":{"geo_point_2d":{"lon":11.339437763334244,"lat":44.50314763873228},"id":"58","nomevia":"Cairoli (Via)","civico":"3\/g","numposti":16}},{"type":"Feature","geometry":{"coordinates":[11.328617735977376,44.49526356658617],"type":"Point"},"properties":{"geo_point_2d":{"lon":11.328617735977376,"lat":44.49526356658617},"id":"61","nomevia":"Calari (Via)","civico":"4","numposti":24}},{"type":"Feature","geometry":{"coordinates":[11.334242258567986,44.50044533587811],"type":"Point"},"properties":{"geo_point_2d":{"lon":11.334242258567986,"lat":44.50044533587811},"id":"67","nomevia":"Calori (Via)","civico":"1\/a-b","numposti":10}},{"type":"Feature","geometry":{"coordinates":[11.345347559686843,44.494028402182394],"type":"Point"},"properties":{"geo_point_2d":{"lon":11.345347559686843,"lat":44.494028402182394},"id":"69","nomevia":"Calzolerie (Via)","civico":"2\/e-g","numposti":18}},{"type":"Feature","geometry":{"coordinates":[11.356920557489062,44.487383304175346],"type":"Point"},"properties":{"geo_point_2d":{"lon":11.356920557489062,"lat":44.487383304175346},"id":"77","nomevia":"Carducci (Piazza)","civico":"1","numposti":8}},{"type":"Feature","geometry":{"coordinates":[11.349139978435034,44.4897467176618],"type":"Point"},"properties":{"geo_point_2d":{"lon":11.349139978435034,"lat":44.4897467176618},"id":"78","nomevia":"Cartoleria (Via)","civico":"5","numposti":12}},{"type":"Feature","geometry":{"coordinates":[11.33797070500812,44.488735874259085],"type":"Point"},"properties":{"geo_point_2d":{"lon":11.33797070500812,"lat":44.488735874259085},"id":"80","nomevia":"Castelfidardo (Via)","civico":"3","numposti":10}},{"type":"Feature","geometry":{"coordinates":[11.347699767957375,44.48872723435072],"type":"Point"},"properties":{"geo_point_2d":{"lon":11.347699767957375,"lat":44.48872723435072},"id":"84","nomevia":"Castiglione (Via)","civico":"40","numposti":50}},{"type":"Feature","geometry":{"coordinates":[11.347904570047982,44.48782697444848],"type":"Point"},"properties":{"geo_point_2d":{"lon":11.347904570047982,"lat":44.48782697444848},"id":"85","nomevia":"Castiglione (Via)","civico":"49\/b","numposti":10}},{"type":"Feature","geometry":{"coordinates":[11.351174952992674,44.49925044482526],"type":"Point"},"properties":{"geo_point_2d":{"lon":11.351174952992674,"lat":44.49925044482526},"id":"89","nomevia":"Centotrecento (Via)","civico":"37","numposti":16}},{"type":"Feature","geometry":{"coordinates":[11.338704055222689,44.49385262477095],"type":"Point"},"properties":{"geo_point_2d":{"lon":11.338704055222689,"lat":44.49385262477095},"id":"91","nomevia":"Cesare Battisti","civico":"fr. 15","numposti":12}},{"type":"Feature","geometry":{"coordinates":[11.34180642531626,44.49166936493701],"type":"Point"},"properties":{"geo_point_2d":{"lon":11.34180642531626,"lat":44.49166936493701},"id":"97","nomevia":"D'Azeglio (Via)","civico":"19","numposti":12}},{"type":"Feature","geometry":{"coordinates":[11.340187509116989,44.48882584013287],"type":"Point"},"properties":{"geo_point_2d":{"lon":11.340187509116989,"lat":44.48882584013287},"id":"98","nomevia":"D'Azeglio (Via)","civico":"51","numposti":8}},{"type":"Feature","geometry":{"coordinates":[11.344815737372123,44.48733251699153],"type":"Point"},"properties":{"geo_point_2d":{"lon":11.344815737372123,"lat":44.48733251699153},"id":"104","nomevia":"Dodici Giugno (Viale)","civico":null,"numposti":8}},{"type":"Feature","geometry":{"coordinates":[11.346709509147859,44.48583250834974],"type":"Point"},"properties":{"geo_point_2d":{"lon":11.346709509147859,"lat":44.48583250834974},"id":"106","nomevia":"Dodici Giugno (Viale)","civico":"15\/2","numposti":4}},{"type":"Feature","geometry":{"coordinates":[11.336537098045332,44.50299639385254],"type":"Point"},"properties":{"geo_point_2d":{"lon":11.336537098045332,"lat":44.50299639385254},"id":"110","nomevia":"Don Minzoni (Via)","civico":"15","numposti":6}},{"type":"Feature","geometry":{"coordinates":[11.335335926697727,44.50300395092148],"type":"Point"},"properties":{"geo_point_2d":{"lon":11.335335926697727,"lat":44.50300395092148},"id":"112","nomevia":"Don Minzoni (Via)","civico":"18","numposti":16}},{"type":"Feature","geometry":{"coordinates":[11.332923930049503,44.50086002052579],"type":"Point"},"properties":{"geo_point_2d":{"lon":11.332923930049503,"lat":44.50086002052579},"id":"114","nomevia":"Ercolani Giorgio (Via)","civico":"4\/g","numposti":6}},{"type":"Feature","geometry":{"coordinates":[11.331363608254833,44.491844165068585],"type":"Point"},"properties":{"geo_point_2d":{"lon":11.331363608254833,"lat":44.491844165068585},"id":"121","nomevia":"Foscolo (Via)","civico":"2","numposti":12}},{"type":"Feature","geometry":{"coordinates":[11.329803899553545,44.49182244405784],"type":"Point"},"properties":{"geo_point_2d":{"lon":11.329803899553545,"lat":44.49182244405784},"id":"122","nomevia":"Foscolo (Via)","civico":"7","numposti":58}},{"type":"Feature","geometry":{"coordinates":[11.336403400575644,44.49141056785305],"type":"Point"},"properties":{"geo_point_2d":{"lon":11.336403400575644,"lat":44.49141056785305},"id":"123","nomevia":"Fossato (Via)","civico":"19","numposti":8}},{"type":"Feature","geometry":{"coordinates":[11.345817610496265,44.4920187848045],"type":"Point"},"properties":{"geo_point_2d":{"lon":11.345817610496265,"lat":44.4920187848045},"id":"125","nomevia":"Francia (Piazza)","civico":"3","numposti":26}},{"type":"Feature","geometry":{"coordinates":[11.340644624463089,44.49324458449682],"type":"Point"},"properties":{"geo_point_2d":{"lon":11.340644624463089,"lat":44.49324458449682},"id":"127","nomevia":"Galileo (Piazza)","civico":"6\/d","numposti":12}},{"type":"Feature","geometry":{"coordinates":[11.34978615353397,44.50307844961757],"type":"Point"},"properties":{"geo_point_2d":{"lon":11.34978615353397,"lat":44.50307844961757},"id":"129","nomevia":"Galliera (Mura di Porta)","civico":"1","numposti":18}},{"type":"Feature","geometry":{"coordinates":[11.343449726851604,44.501135627048455],"type":"Point"},"properties":{"geo_point_2d":{"lon":11.343449726851604,"lat":44.501135627048455},"id":"131","nomevia":"Galliera (Via)","civico":"67","numposti":10}},{"type":"Feature","geometry":{"coordinates":[11.337156373299702,44.4931401466104],"type":"Point"},"properties":{"geo_point_2d":{"lon":11.337156373299702,"lat":44.4931401466104},"id":"137","nomevia":"Gombruti (Via)","civico":"18","numposti":8}},{"type":"Feature","geometry":{"coordinates":[11.343416136765072,44.50399220772901],"type":"Point"},"properties":{"geo_point_2d":{"lon":11.343416136765072,"lat":44.50399220772901},"id":"138","nomevia":"Gramsci (Via)","civico":"12","numposti":88}},{"type":"Feature","geometry":{"coordinates":[11.331562924596902,44.49954476058497],"type":"Point"},"properties":{"geo_point_2d":{"lon":11.331562924596902,"lat":44.49954476058497},"id":"141","nomevia":"Graziano (Via)","civico":null,"numposti":26}},{"type":"Feature","geometry":{"coordinates":[11.338814047850274,44.492146382225165],"type":"Point"},"properties":{"geo_point_2d":{"lon":11.338814047850274,"lat":44.492146382225165},"id":"142","nomevia":"Griffoni (Via)","civico":"5\/2-a","numposti":4}},{"type":"Feature","geometry":{"coordinates":[11.35098464871001,44.490804483919014],"type":"Point"},"properties":{"geo_point_2d":{"lon":11.35098464871001,"lat":44.490804483919014},"id":"145","nomevia":"Guerrazzi (Via)","civico":"20\/c","numposti":6}},{"type":"Feature","geometry":{"coordinates":[11.350499088278932,44.49008823983309],"type":"Point"},"properties":{"geo_point_2d":{"lon":11.350499088278932,"lat":44.49008823983309},"id":"146","nomevia":"Guerrazzi (Via)","civico":"34","numposti":8}},{"type":"Feature","geometry":{"coordinates":[11.343213729817853,44.49726827641319],"type":"Point"},"properties":{"geo_point_2d":{"lon":11.343213729817853,"lat":44.49726827641319},"id":"147","nomevia":"Indipendenza (Via)","civico":"20","numposti":20}},{"type":"Feature","geometry":{"coordinates":[11.343643098249933,44.49874077348374],"type":"Point"},"properties":{"geo_point_2d":{"lon":11.343643098249933,"lat":44.49874077348374},"id":"150","nomevia":"Indipendenza (Via)","civico":"38\/c-e","numposti":20}},{"type":"Feature","geometry":{"coordinates":[11.34832716798175,44.50032857822603],"type":"Point"},"properties":{"geo_point_2d":{"lon":11.34832716798175,"lat":44.50032857822603},"id":"152","nomevia":"Irnerio (Via)","civico":"10-12","numposti":8}},{"type":"Feature","geometry":{"coordinates":[11.352884801557485,44.49926690924679],"type":"Point"},"properties":{"geo_point_2d":{"lon":11.352884801557485,"lat":44.49926690924679},"id":"154","nomevia":"Irnerio (Via)","civico":"42","numposti":4}},{"type":"Feature","geometry":{"coordinates":[11.335235062261894,44.49930677644092],"type":"Point"},"properties":{"geo_point_2d":{"lon":11.335235062261894,"lat":44.49930677644092},"id":"160","nomevia":"Lame (Via)","civico":"59","numposti":8}},{"type":"Feature","geometry":{"coordinates":[11.336306875457119,44.49783918776486],"type":"Point"},"properties":{"geo_point_2d":{"lon":11.336306875457119,"lat":44.49783918776486},"id":"161","nomevia":"Lame (Via)","civico":"33","numposti":4}},{"type":"Feature","geometry":{"coordinates":[11.339746332183873,44.495194789708826],"type":"Point"},"properties":{"geo_point_2d":{"lon":11.339746332183873,"lat":44.495194789708826},"id":"166","nomevia":"Livraghi (Via)","civico":"1\/a","numposti":8}},{"type":"Feature","geometry":{"coordinates":[11.343843729732884,44.493883360499964],"type":"Point"},"properties":{"geo_point_2d":{"lon":11.343843729732884,"lat":44.493883360499964},"id":"167","nomevia":"Maggiore (Piazza)","civico":"2\/f-2\/i","numposti":22}},{"type":"Feature","geometry":{"coordinates":[11.335943550476182,44.49354301583759],"type":"Point"},"properties":{"geo_point_2d":{"lon":11.335943550476182,"lat":44.49354301583759},"id":"170","nomevia":"Malpighi (Piazza)","civico":"19\/c","numposti":10}},{"type":"Feature","geometry":{"coordinates":[11.336732941125128,44.49439584514508],"type":"Point"},"properties":{"geo_point_2d":{"lon":11.336732941125128,"lat":44.49439584514508},"id":"171","nomevia":"Malpighi (Piazza)","civico":null,"numposti":14}},{"type":"Feature","geometry":{"coordinates":[11.339181682730393,44.50014053574871],"type":"Point"},"properties":{"geo_point_2d":{"lon":11.339181682730393,"lat":44.50014053574871},"id":"181","nomevia":"Marconi (Via)","civico":"51\/d","numposti":6}},{"type":"Feature","geometry":{"coordinates":[11.338642422326219,44.500078642442595],"type":"Point"},"properties":{"geo_point_2d":{"lon":11.338642422326219,"lat":44.500078642442595},"id":"184","nomevia":"Caduti del Lavoro (Largo)","civico":null,"numposti":28}},{"type":"Feature","geometry":{"coordinates":[11.347204548935663,44.496932244062506],"type":"Point"},"properties":{"geo_point_2d":{"lon":11.347204548935663,"lat":44.496932244062506},"id":"186","nomevia":"Marsala (Via)","civico":null,"numposti":16}},{"type":"Feature","geometry":{"coordinates":[11.347588096721237,44.49796255259272],"type":"Point"},"properties":{"geo_point_2d":{"lon":11.347588096721237,"lat":44.49796255259272},"id":"204","nomevia":"Mentana (Via)","civico":"10","numposti":16}},{"type":"Feature","geometry":{"coordinates":[11.34410309850226,44.50134671119809],"type":"Point"},"properties":{"geo_point_2d":{"lon":11.34410309850226,"lat":44.50134671119809},"id":"206","nomevia":"Mille (Via)","civico":"1","numposti":12}},{"type":"Feature","geometry":{"coordinates":[11.343789142552955,44.501411536342715],"type":"Point"},"properties":{"geo_point_2d":{"lon":11.343789142552955,"lat":44.501411536342715},"id":"207","nomevia":"Mille (Via)","civico":"5","numposti":12}},{"type":"Feature","geometry":{"coordinates":[11.34510578539666,44.49169911153782],"type":"Point"},"properties":{"geo_point_2d":{"lon":11.34510578539666,"lat":44.49169911153782},"id":"208","nomevia":"Minghetti (Piazza)","civico":"1","numposti":14}},{"type":"Feature","geometry":{"coordinates":[11.342125292366287,44.48666341923855],"type":"Point"},"properties":{"geo_point_2d":{"lon":11.342125292366287,"lat":44.48666341923855},"id":"210","nomevia":"Miramonte (Via)","civico":"fr. Falcone","numposti":8}},{"type":"Feature","geometry":{"coordinates":[11.342167509011071,44.495528662574834],"type":"Point"},"properties":{"geo_point_2d":{"lon":11.342167509011071,"lat":44.495528662574834},"id":"213","nomevia":"Monte Grappa (Via)","civico":"3","numposti":18}},{"type":"Feature","geometry":{"coordinates":[11.340914532109178,44.49569578694013],"type":"Point"},"properties":{"geo_point_2d":{"lon":11.340914532109178,"lat":44.49569578694013},"id":"215","nomevia":"Monte Grappa (Via)","civico":"10","numposti":30}},{"type":"Feature","geometry":{"coordinates":[11.340608482744308,44.49535984874324],"type":"Point"},"properties":{"geo_point_2d":{"lon":11.340608482744308,"lat":44.49535984874324},"id":"62","nomevia":"Calcavinazzi (Via)","civico":"2\/a","numposti":12}},{"type":"Feature","geometry":{"coordinates":[11.346039196905357,44.49714571582487],"type":"Point"},"properties":{"geo_point_2d":{"lon":11.346039196905357,"lat":44.49714571582487},"id":"226","nomevia":"Oberdan (Via)","civico":"24\/n","numposti":6}},{"type":"Feature","geometry":{"coordinates":[11.345247357462206,44.49799399006419],"type":"Point"},"properties":{"geo_point_2d":{"lon":11.345247357462206,"lat":44.49799399006419},"id":"230","nomevia":"Oche (Via)","civico":null,"numposti":6}},{"type":"Feature","geometry":{"coordinates":[11.331358543163605,44.49615321662756],"type":"Point"},"properties":{"geo_point_2d":{"lon":11.331358543163605,"lat":44.49615321662756},"id":"240","nomevia":"Pietralata (Via)","civico":"30\/2","numposti":8}},{"type":"Feature","geometry":{"coordinates":[11.341407285753919,44.5051131933125],"type":"Point"},"properties":{"geo_point_2d":{"lon":11.341407285753919,"lat":44.5051131933125},"id":"244","nomevia":"Amendola (Via)","civico":null,"numposti":30}},{"type":"Feature","geometry":{"coordinates":[11.34260636014789,44.49311658435126],"type":"Point"},"properties":{"geo_point_2d":{"lon":11.34260636014789,"lat":44.49311658435126},"id":"247","nomevia":"Pignattari (Via)","civico":"3\/b-c","numposti":26}},{"type":"Feature","geometry":{"coordinates":[11.336806347164886,44.502276599568184],"type":"Point"},"properties":{"geo_point_2d":{"lon":11.336806347164886,"lat":44.502276599568184},"id":"254","nomevia":"Porto (Via)","civico":"52","numposti":8}},{"type":"Feature","geometry":{"coordinates":[11.328935130229711,44.4953418738399],"type":"Point"},"properties":{"geo_point_2d":{"lon":11.328935130229711,"lat":44.4953418738399},"id":"257","nomevia":"Pratello (Via)","civico":"100\/a","numposti":10}},{"type":"Feature","geometry":{"coordinates":[11.335062465370626,44.495522585240835],"type":"Point"},"properties":{"geo_point_2d":{"lon":11.335062465370626,"lat":44.495522585240835},"id":"258","nomevia":"Pratello (Via)","civico":"14 c-d","numposti":12}},{"type":"Feature","geometry":{"coordinates":[11.333569524506508,44.49558866111744],"type":"Point"},"properties":{"geo_point_2d":{"lon":11.333569524506508,"lat":44.49558866111744},"id":"259","nomevia":"Pratello (Via)","civico":"23\/2","numposti":8}},{"type":"Feature","geometry":{"coordinates":[11.341776534142156,44.49375369916607],"type":"Point"},"properties":{"geo_point_2d":{"lon":11.341776534142156,"lat":44.49375369916607},"id":"270","nomevia":"Quattro Novembre (Via)","civico":"fr. Fusari","numposti":38}},{"type":"Feature","geometry":{"coordinates":[11.345208216951566,44.49903249565756],"type":"Point"},"properties":{"geo_point_2d":{"lon":11.345208216951566,"lat":44.49903249565756},"id":"282","nomevia":"Righi (Via)","civico":"16-18","numposti":8}},{"type":"Feature","geometry":{"coordinates":[11.332326907545871,44.498493350928676],"type":"Point"},"properties":{"geo_point_2d":{"lon":11.332326907545871,"lat":44.498493350928676},"id":"283","nomevia":"Riva di Reno (Via)","civico":"10","numposti":12}},{"type":"Feature","geometry":{"coordinates":[11.331424765077312,44.49793550186561],"type":"Point"},"properties":{"geo_point_2d":{"lon":11.331424765077312,"lat":44.49793550186561},"id":"284","nomevia":"Riva di Reno (Via)","civico":null,"numposti":10}},{"type":"Feature","geometry":{"coordinates":[11.338777016691823,44.49904759600886],"type":"Point"},"properties":{"geo_point_2d":{"lon":11.338777016691823,"lat":44.49904759600886},"id":"287","nomevia":"Riva di Reno (Via)","civico":"80\/b","numposti":18}},{"type":"Feature","geometry":{"coordinates":[11.336334359201752,44.49793057510661],"type":"Point"},"properties":{"geo_point_2d":{"lon":11.336334359201752,"lat":44.49793057510661},"id":"319","nomevia":"San Lorenzo (Via)","civico":"2","numposti":6}},{"type":"Feature","geometry":{"coordinates":[11.355934164859361,44.49802551236661],"type":"Point"},"properties":{"geo_point_2d":{"lon":11.355934164859361,"lat":44.49802551236661},"id":"297","nomevia":"San Donato (Piazza di Porta)","civico":"5","numposti":24}},{"type":"Feature","geometry":{"coordinates":[11.336826812388868,44.49598445334598],"type":"Point"},"properties":{"geo_point_2d":{"lon":11.336826812388868,"lat":44.49598445334598},"id":"300","nomevia":"San Felice (Via)","civico":"1","numposti":4}},{"type":"Feature","geometry":{"coordinates":[11.331174383779354,44.49793419606835],"type":"Point"},"properties":{"geo_point_2d":{"lon":11.331174383779354,"lat":44.49793419606835},"id":"307","nomevia":"San Felice (Via)","civico":null,"numposti":16}},{"type":"Feature","geometry":{"coordinates":[11.329777583899695,44.4982829304838],"type":"Point"},"properties":{"geo_point_2d":{"lon":11.329777583899695,"lat":44.4982829304838},"id":"308","nomevia":"San Felice (Via)","civico":"96\/d","numposti":10}},{"type":"Feature","geometry":{"coordinates":[11.334678242092885,44.494752572164614],"type":"Point"},"properties":{"geo_point_2d":{"lon":11.334678242092885,"lat":44.494752572164614},"id":"311","nomevia":"San Francesco (Piazza)","civico":"fr. 2","numposti":20}},{"type":"Feature","geometry":{"coordinates":[11.334886282518582,44.495280797652285],"type":"Point"},"properties":{"geo_point_2d":{"lon":11.334886282518582,"lat":44.495280797652285},"id":"310","nomevia":"San Francesco (Piazza)","civico":"7","numposti":4}},{"type":"Feature","geometry":{"coordinates":[11.336768606322234,44.495539376445194],"type":"Point"},"properties":{"geo_point_2d":{"lon":11.336768606322234,"lat":44.495539376445194},"id":"168","nomevia":"Malpighi (Piazza)","civico":"3\/a","numposti":8}},{"type":"Feature","geometry":{"coordinates":[11.336120580401884,44.49524308601116],"type":"Point"},"properties":{"geo_point_2d":{"lon":11.336120580401884,"lat":44.49524308601116},"id":"313","nomevia":"San Francesco (Piazza)","civico":"13\/b-14\/a","numposti":12}},{"type":"Feature","geometry":{"coordinates":[11.345670847960452,44.49573941759818],"type":"Point"},"properties":{"geo_point_2d":{"lon":11.345670847960452,"lat":44.49573941759818},"id":"322","nomevia":"San Nicolo' (Via)","civico":"1","numposti":8}},{"type":"Feature","geometry":{"coordinates":[11.330182890494703,44.49626532288038],"type":"Point"},"properties":{"geo_point_2d":{"lon":11.330182890494703,"lat":44.49626532288038},"id":"325","nomevia":"San Rocco (Via)","civico":"16","numposti":10}},{"type":"Feature","geometry":{"coordinates":[11.329437829339435,44.49677789915633],"type":"Point"},"properties":{"geo_point_2d":{"lon":11.329437829339435,"lat":44.49677789915633},"id":"336","nomevia":"Santa Croce (Via)","civico":"fr. 16","numposti":8}},{"type":"Feature","geometry":{"coordinates":[11.330108564873512,44.490990949308234],"type":"Point"},"properties":{"geo_point_2d":{"lon":11.330108564873512,"lat":44.490990949308234},"id":"352","nomevia":"Saragozza (Piazza di Porta)","civico":"4","numposti":6}},{"type":"Feature","geometry":{"coordinates":[11.3356345071658,44.49027404621273],"type":"Point"},"properties":{"geo_point_2d":{"lon":11.3356345071658,"lat":44.49027404621273},"id":"355","nomevia":"Saragozza (Via)","civico":"21","numposti":6}},{"type":"Feature","geometry":{"coordinates":[11.335046625355172,44.490071887303536],"type":"Point"},"properties":{"geo_point_2d":{"lon":11.335046625355172,"lat":44.490071887303536},"id":"356","nomevia":"Saragozza (Via)","civico":"24","numposti":16}},{"type":"Feature","geometry":{"coordinates":[11.334806412666149,44.490154075165876],"type":"Point"},"properties":{"geo_point_2d":{"lon":11.334806412666149,"lat":44.490154075165876},"id":"357","nomevia":"Saragozza (Via)","civico":"33","numposti":8}},{"type":"Feature","geometry":{"coordinates":[11.35216801337091,44.49718750349929],"type":"Point"},"properties":{"geo_point_2d":{"lon":11.35216801337091,"lat":44.49718750349929},"id":"360","nomevia":"Scaravilli (Piazza)","civico":"2","numposti":62}},{"type":"Feature","geometry":{"coordinates":[11.355354661278275,44.49086564600947],"type":"Point"},"properties":{"geo_point_2d":{"lon":11.355354661278275,"lat":44.49086564600947},"id":"370","nomevia":"Strada Maggiore","civico":"fr. 53\/c","numposti":14}},{"type":"Feature","geometry":{"coordinates":[11.355446229183977,44.49083257072478],"type":"Point"},"properties":{"geo_point_2d":{"lon":11.355446229183977,"lat":44.49083257072478},"id":"371","nomevia":"Strada Maggiore","civico":"80","numposti":8}},{"type":"Feature","geometry":{"coordinates":[11.35521677773169,44.490980355724254],"type":"Point"},"properties":{"geo_point_2d":{"lon":11.35521677773169,"lat":44.490980355724254},"id":"373","nomevia":"Torleone (Via)","civico":"1","numposti":6}},{"type":"Feature","geometry":{"coordinates":[11.352466461537354,44.49605272663762],"type":"Point"},"properties":{"geo_point_2d":{"lon":11.352466461537354,"lat":44.49605272663762},"id":"377","nomevia":"Trombetti (Largo)","civico":"4","numposti":18}},{"type":"Feature","geometry":{"coordinates":[11.351465018561504,44.49645452998034],"type":"Point"},"properties":{"geo_point_2d":{"lon":11.351465018561504,"lat":44.49645452998034},"id":"378","nomevia":"Trombetti (Largo)","civico":"1","numposti":24}},{"type":"Feature","geometry":{"coordinates":[11.340112389148189,44.49013287066047],"type":"Point"},"properties":{"geo_point_2d":{"lon":11.340112389148189,"lat":44.49013287066047},"id":"379","nomevia":"Urbana (Via)","civico":"5\/f","numposti":12}},{"type":"Feature","geometry":{"coordinates":[11.340045883642404,44.49147834369487],"type":"Point"},"properties":{"geo_point_2d":{"lon":11.340045883642404,"lat":44.49147834369487},"id":"382","nomevia":"Val D'Aposa (Via)","civico":"12","numposti":10}},{"type":"Feature","geometry":{"coordinates":[11.348451682183278,44.48604411091506],"type":"Point"},"properties":{"geo_point_2d":{"lon":11.348451682183278,"lat":44.48604411091506},"id":"384","nomevia":"Viazzolo (Vicolo)","civico":"2","numposti":10}},{"type":"Feature","geometry":{"coordinates":[11.346837562348234,44.500231791901015],"type":"Point"},"properties":{"geo_point_2d":{"lon":11.346837562348234,"lat":44.500231791901015},"id":"185","nomevia":"Maroncelli (Via)","civico":"8\/a","numposti":8}},{"type":"Feature","geometry":{"coordinates":[11.341192511900848,44.504374387569825],"type":"Point"},"properties":{"geo_point_2d":{"lon":11.341192511900848,"lat":44.504374387569825},"id":"40","nomevia":"Boldrini (Via)","civico":null,"numposti":6}},{"type":"Feature","geometry":{"coordinates":[11.353730375563192,44.48688847089759],"type":"Point"},"properties":{"geo_point_2d":{"lon":11.353730375563192,"lat":44.48688847089759},"id":"99","nomevia":"Dante (Via)","civico":"1\/a","numposti":8}},{"type":"Feature","geometry":{"coordinates":[11.354045199431617,44.49898468340348],"type":"Point"},"properties":{"geo_point_2d":{"lon":11.354045199431617,"lat":44.49898468340348},"id":"157","nomevia":"Irnerio (Via)","civico":null,"numposti":12}},{"type":"Feature","geometry":{"coordinates":[11.33418496136787,44.49731024654489],"type":"Point"},"properties":{"geo_point_2d":{"lon":11.33418496136787,"lat":44.49731024654489},"id":"1","nomevia":"Abbadia (Via)","civico":"6","numposti":4}},{"type":"Feature","geometry":{"coordinates":[11.345235684263981,44.4961567852892],"type":"Point"},"properties":{"geo_point_2d":{"lon":11.345235684263981,"lat":44.4961567852892},"id":"2","nomevia":"Albari (Via)","civico":"5","numposti":12}},{"type":"Feature","geometry":{"coordinates":[11.34102201095439,44.504269091742266],"type":"Point"},"properties":{"geo_point_2d":{"lon":11.34102201095439,"lat":44.504269091742266},"id":"12","nomevia":"Amendola (Via)","civico":"9-11","numposti":18}},{"type":"Feature","geometry":{"coordinates":[11.344639246298449,44.494383230950525],"type":"Point"},"properties":{"geo_point_2d":{"lon":11.344639246298449,"lat":44.494383230950525},"id":"13","nomevia":"Artieri (Via)","civico":null,"numposti":84}},{"type":"Feature","geometry":{"coordinates":[11.337865201171239,44.499991384196775],"type":"Point"},"properties":{"geo_point_2d":{"lon":11.337865201171239,"lat":44.499991384196775},"id":"16","nomevia":"Azzo Gardino (Via)","civico":"10","numposti":16}},{"type":"Feature","geometry":{"coordinates":[11.336116263328138,44.50138581894864],"type":"Point"},"properties":{"geo_point_2d":{"lon":11.336116263328138,"lat":44.50138581894864},"id":"18","nomevia":"Azzo Gardino (Via)","civico":"fr. 38","numposti":8}},{"type":"Feature","geometry":{"coordinates":[11.335908213195863,44.50148535696534],"type":"Point"},"properties":{"geo_point_2d":{"lon":11.335908213195863,"lat":44.50148535696534},"id":"20","nomevia":"Azzo Gardino (Via)","civico":"61","numposti":14}},{"type":"Feature","geometry":{"coordinates":[11.337276087522003,44.49587308679922],"type":"Point"},"properties":{"geo_point_2d":{"lon":11.337276087522003,"lat":44.49587308679922},"id":"23","nomevia":"Bassi Ugo (Via)","civico":"31\/h","numposti":8}},{"type":"Feature","geometry":{"coordinates":[11.341492650426074,44.49501831556852],"type":"Point"},"properties":{"geo_point_2d":{"lon":11.341492650426074,"lat":44.49501831556852},"id":"27","nomevia":"Bassi Ugo (Via)","civico":"2","numposti":54}},{"type":"Feature","geometry":{"coordinates":[11.330211728722254,44.49948908806112],"type":"Point"},"properties":{"geo_point_2d":{"lon":11.330211728722254,"lat":44.49948908806112},"id":"28","nomevia":"Battistelli (Via)","civico":null,"numposti":20}},{"type":"Feature","geometry":{"coordinates":[11.351570533244434,44.497771438909915],"type":"Point"},"properties":{"geo_point_2d":{"lon":11.351570533244434,"lat":44.497771438909915},"id":"31","nomevia":"Belle Arti (Via)","civico":"31","numposti":8}},{"type":"Feature","geometry":{"coordinates":[11.352131113058405,44.49774672580452],"type":"Point"},"properties":{"geo_point_2d":{"lon":11.352131113058405,"lat":44.49774672580452},"id":"32","nomevia":"Belle Arti (Via)","civico":"41","numposti":8}},{"type":"Feature","geometry":{"coordinates":[11.337579325636748,44.496455038665616],"type":"Point"},"properties":{"geo_point_2d":{"lon":11.337579325636748,"lat":44.496455038665616},"id":"35","nomevia":"Belvedere (Via)","civico":"10","numposti":16}},{"type":"Feature","geometry":{"coordinates":[11.350973138290366,44.496047861808755],"type":"Point"},"properties":{"geo_point_2d":{"lon":11.350973138290366,"lat":44.496047861808755},"id":"38","nomevia":"Bibiena (Via)","civico":"1","numposti":8}},{"type":"Feature","geometry":{"coordinates":[11.340105940367236,44.504587754588805],"type":"Point"},"properties":{"geo_point_2d":{"lon":11.340105940367236,"lat":44.504587754588805},"id":"45","nomevia":"Boldrini (Via)","civico":"12\/q","numposti":10}},{"type":"Feature","geometry":{"coordinates":[11.34618042921037,44.492026645621216],"type":"Point"},"properties":{"geo_point_2d":{"lon":11.34618042921037,"lat":44.492026645621216},"id":"124","nomevia":"Francia (Piazza)","civico":"3","numposti":14}},{"type":"Feature","geometry":{"coordinates":[11.340713995325157,44.49319827861221],"type":"Point"},"properties":{"geo_point_2d":{"lon":11.340713995325157,"lat":44.49319827861221},"id":"126","nomevia":"Galileo (Piazza)","civico":"4\/c","numposti":8}},{"type":"Feature","geometry":{"coordinates":[11.329587624825583,44.495515844929685],"type":"Point"},"properties":{"geo_point_2d":{"lon":11.329587624825583,"lat":44.495515844929685},"id":"263","nomevia":"Pratello (Via)","civico":"97\/c","numposti":8}},{"type":"Feature","geometry":{"coordinates":[11.327277191979404,44.49897243550738],"type":"Point"},"properties":{"geo_point_2d":{"lon":11.327277191979404,"lat":44.49897243550738},"id":"298","nomevia":"San Felice (Piazza di Porta)","civico":null,"numposti":6}},{"type":"Feature","geometry":{"coordinates":[11.345140246442622,44.495693076486134],"type":"Point"},"properties":{"geo_point_2d":{"lon":11.345140246442622,"lat":44.495693076486134},"id":"323","nomevia":"San Nicolo' (Via)","civico":null,"numposti":12}},{"type":"Feature","geometry":{"coordinates":[11.340571834542743,44.49269186968799],"type":"Point"},"properties":{"geo_point_2d":{"lon":11.340571834542743,"lat":44.49269186968799},"id":"381","nomevia":"Santa Margherita (Via)","civico":"7","numposti":12}},{"type":"Feature","geometry":{"coordinates":[11.332627078521577,44.49921689052946],"type":"Point"},"properties":{"geo_point_2d":{"lon":11.332627078521577,"lat":44.49921689052946},"id":"393","nomevia":"Azzarita (Piazza)","civico":"1","numposti":12}},{"type":"Feature","geometry":{"coordinates":[11.344370179060858,44.49900204188911],"type":"Point"},"properties":{"geo_point_2d":{"lon":11.344370179060858,"lat":44.49900204188911},"id":"396","nomevia":"Righi (Via)","civico":"1\/a","numposti":6}},{"type":"Feature","geometry":{"coordinates":[11.345605078177236,44.494992833705005],"type":"Point"},"properties":{"geo_point_2d":{"lon":11.345605078177236,"lat":44.494992833705005},"id":"399","nomevia":"Oberdan (Via)","civico":"9","numposti":12}},{"type":"Feature","geometry":{"coordinates":[11.345589347406063,44.50186819377456],"type":"Point"},"properties":{"geo_point_2d":{"lon":11.345589347406063,"lat":44.50186819377456},"id":"404","nomevia":"Irnerio (Via)","civico":"2\/3","numposti":14}},{"type":"Feature","geometry":{"coordinates":[11.342235479685575,44.498634748235624],"type":"Point"},"properties":{"geo_point_2d":{"lon":11.342235479685575,"lat":44.498634748235624},"id":"405","nomevia":"Galliera (Via)","civico":"23","numposti":10}},{"type":"Feature","geometry":{"coordinates":[11.346176755027795,44.49724176412065],"type":"Point"},"properties":{"geo_point_2d":{"lon":11.346176755027795,"lat":44.49724176412065},"id":"406","nomevia":"Marsala (Via)","civico":null,"numposti":6}},{"type":"Feature","geometry":{"coordinates":[11.330168668841559,44.499275322255684],"type":"Point"},"properties":{"geo_point_2d":{"lon":11.330168668841559,"lat":44.499275322255684},"id":"410","nomevia":"Resistenza (Piazza)","civico":"9\/3","numposti":12}},{"type":"Feature","geometry":{"coordinates":[11.350312542920621,44.4876646026254],"type":"Point"},"properties":{"geo_point_2d":{"lon":11.350312542920621,"lat":44.4876646026254},"id":"419","nomevia":"Braina (Via)","civico":"13","numposti":10}},{"type":"Feature","geometry":{"coordinates":[11.33933142574338,44.502051380423666],"type":"Point"},"properties":{"geo_point_2d":{"lon":11.33933142574338,"lat":44.502051380423666},"id":"187","nomevia":"Martiri (Piazza)","civico":"5\/2","numposti":30}},{"type":"Feature","geometry":{"coordinates":[11.351613618564043,44.50099700460544],"type":"Point"},"properties":{"geo_point_2d":{"lon":11.351613618564043,"lat":44.50099700460544},"id":"422","nomevia":"Mascarella (Via)","civico":"77","numposti":6}},{"type":"Feature","geometry":{"coordinates":[11.340039167345504,44.495802596881305],"type":"Point"},"properties":{"geo_point_2d":{"lon":11.340039167345504,"lat":44.495802596881305},"id":"424","nomevia":"Monte Grappa (Via)","civico":"11\/c-d","numposti":10}},{"type":"Feature","geometry":{"coordinates":[11.364455,44.508247],"type":"Point"},"properties":{"geo_point_2d":{"lon":11.364455,"lat":44.508247},"id":"M0NDY","nomevia":"via Moro","civico":"50","numposti":6}},{"type":"Feature","geometry":{"coordinates":[11.364691,44.507767],"type":"Point"},"properties":{"geo_point_2d":{"lon":11.364691,"lat":44.507767},"id":"A0MDU","nomevia":"via Moro","civico":"66","numposti":16}},{"type":"Feature","geometry":{"coordinates":[11.365638,44.508223],"type":"Point"},"properties":{"geo_point_2d":{"lon":11.365638,"lat":44.508223},"id":"ExMzA","nomevia":"via Moro","civico":"38","numposti":20}},{"type":"Feature","geometry":{"coordinates":[11.367738,44.508571],"type":"Point"},"properties":{"geo_point_2d":{"lon":11.367738,"lat":44.508571},"id":"QwMTc","nomevia":"Terza Torre Regione ER","civico":null,"numposti":32}},{"type":"Feature","geometry":{"coordinates":[11.36316,44.508659],"type":"Point"},"properties":{"geo_point_2d":{"lon":11.36316,"lat":44.508659},"id":"cwMzA","nomevia":"via Moro","civico":"52","numposti":14}},{"type":"Feature","geometry":{"coordinates":[11.365043,44.507735],"type":"Point"},"properties":{"geo_point_2d":{"lon":11.365043,"lat":44.507735},"id":"U5ODY","nomevia":"via Moro","civico":"64","numposti":8}},{"type":"Feature","geometry":{"coordinates":[11.364715,44.508691],"type":"Point"},"properties":{"geo_point_2d":{"lon":11.364715,"lat":44.508691},"id":"Y1ODk","nomevia":"via Moro","civico":"38","numposti":32}},{"type":"Feature","geometry":{"coordinates":[11.320070496591425,44.49628775423313],"type":"Point"},"properties":{"geo_point_2d":{"lon":11.320070496591425,"lat":44.49628775423313},"id":"1001","nomevia":"Aglebert (Via)","civico":"15","numposti":4}},{"type":"Feature","geometry":{"coordinates":[11.315695314299095,44.52452680418548],"type":"Point"},"properties":{"geo_point_2d":{"lon":11.315695314299095,"lat":44.52452680418548},"id":"1003","nomevia":"Agucchi (Via)","civico":"94","numposti":6}},{"type":"Feature","geometry":{"coordinates":[11.364587053909101,44.491562308776494],"type":"Point"},"properties":{"geo_point_2d":{"lon":11.364587053909101,"lat":44.491562308776494},"id":"1005","nomevia":"Albertoni (Via)","civico":"19\/d","numposti":4}},{"type":"Feature","geometry":{"coordinates":[11.366550742978664,44.478964926731074],"type":"Point"},"properties":{"geo_point_2d":{"lon":11.366550742978664,"lat":44.478964926731074},"id":"1008","nomevia":"Albini (Via)","civico":"5\/2","numposti":6}},{"type":"Feature","geometry":{"coordinates":[11.317595799265982,44.495156165660234],"type":"Point"},"properties":{"geo_point_2d":{"lon":11.317595799265982,"lat":44.495156165660234},"id":"1012","nomevia":"Andrea Costa (Via)","civico":"134","numposti":6}},{"type":"Feature","geometry":{"coordinates":[11.368961004643355,44.48559462660565],"type":"Point"},"properties":{"geo_point_2d":{"lon":11.368961004643355,"lat":44.48559462660565},"id":"1020","nomevia":"Bassi Veratti (Via)","civico":null,"numposti":4}},{"type":"Feature","geometry":{"coordinates":[11.36807924186824,44.483910336138635],"type":"Point"},"properties":{"geo_point_2d":{"lon":11.36807924186824,"lat":44.483910336138635},"id":"1023","nomevia":"Bassi Veratti (Via)","civico":null,"numposti":4}},{"type":"Feature","geometry":{"coordinates":[11.367326337194196,44.48284407353],"type":"Point"},"properties":{"geo_point_2d":{"lon":11.367326337194196,"lat":44.48284407353},"id":"1024","nomevia":"Bassi Veratti (Via)","civico":null,"numposti":6}},{"type":"Feature","geometry":{"coordinates":[11.388811707541164,44.47525493959297],"type":"Point"},"properties":{"geo_point_2d":{"lon":11.388811707541164,"lat":44.47525493959297},"id":"1027","nomevia":"Bellaria (Via)","civico":"42","numposti":8}},{"type":"Feature","geometry":{"coordinates":[11.376825260848564,44.468249433510934],"type":"Point"},"properties":{"geo_point_2d":{"lon":11.376825260848564,"lat":44.468249433510934},"id":"1029","nomevia":"Benedetto Marcello (Via)","civico":"9\/f","numposti":6}},{"type":"Feature","geometry":{"coordinates":[11.3644504314764,44.49624685914488],"type":"Point"},"properties":{"geo_point_2d":{"lon":11.3644504314764,"lat":44.49624685914488},"id":"1032","nomevia":"Bentivogli (Via)","civico":"83","numposti":4}},{"type":"Feature","geometry":{"coordinates":[11.35399562333915,44.502034508628185],"type":"Point"},"properties":{"geo_point_2d":{"lon":11.35399562333915,"lat":44.502034508628185},"id":"1036","nomevia":"Berti Pichat (Viale)","civico":"2\/a","numposti":8}},{"type":"Feature","geometry":{"coordinates":[11.269253119903516,44.52291639261512],"type":"Point"},"properties":{"geo_point_2d":{"lon":11.269253119903516,"lat":44.52291639261512},"id":"1039","nomevia":"Biancolelli (Via)","civico":"36","numposti":10}},{"type":"Feature","geometry":{"coordinates":[11.341548568774169,44.51259276704886],"type":"Point"},"properties":{"geo_point_2d":{"lon":11.341548568774169,"lat":44.51259276704886},"id":"1041","nomevia":"Bolognese (Via)","civico":null,"numposti":6}},{"type":"Feature","geometry":{"coordinates":[11.387969920423657,44.49959659448899],"type":"Point"},"properties":{"geo_point_2d":{"lon":11.387969920423657,"lat":44.49959659448899},"id":"1047","nomevia":"Carpentiere (Via)","civico":"14","numposti":8}},{"type":"Feature","geometry":{"coordinates":[11.341633701107783,44.507432515972226],"type":"Point"},"properties":{"geo_point_2d":{"lon":11.341633701107783,"lat":44.507432515972226},"id":"1048","nomevia":"Carracci (Via)","civico":"fr. 49","numposti":18}},{"type":"Feature","geometry":{"coordinates":[11.316023826875952,44.48889333496675],"type":"Point"},"properties":{"geo_point_2d":{"lon":11.316023826875952,"lat":44.48889333496675},"id":"1051","nomevia":"Casaglia (Via)","civico":"1","numposti":8}},{"type":"Feature","geometry":{"coordinates":[11.347580923957109,44.517419915339865],"type":"Point"},"properties":{"geo_point_2d":{"lon":11.347580923957109,"lat":44.517419915339865},"id":"1059","nomevia":"Corticella (Via)","civico":"102","numposti":12}},{"type":"Feature","geometry":{"coordinates":[11.350190696409491,44.52777551059348],"type":"Point"},"properties":{"geo_point_2d":{"lon":11.350190696409491,"lat":44.52777551059348},"id":"1060","nomevia":"Corticella (Via)","civico":"180\/4","numposti":16}},{"type":"Feature","geometry":{"coordinates":[11.343897160464532,44.5073472494326],"type":"Point"},"properties":{"geo_point_2d":{"lon":11.343897160464532,"lat":44.5073472494326},"id":"1069","nomevia":"Di Vincenzo (Via)","civico":"2","numposti":10}},{"type":"Feature","geometry":{"coordinates":[11.34432244010185,44.50783349089001],"type":"Point"},"properties":{"geo_point_2d":{"lon":11.34432244010185,"lat":44.50783349089001},"id":"1071","nomevia":"Di Vincenzo (Via)","civico":"fr. 5","numposti":32}},{"type":"Feature","geometry":{"coordinates":[11.35127354715825,44.481737892280556],"type":"Point"},"properties":{"geo_point_2d":{"lon":11.35127354715825,"lat":44.481737892280556},"id":"1072","nomevia":"Drusiani (Via)","civico":"2","numposti":10}},{"type":"Feature","geometry":{"coordinates":[11.369973897862797,44.50124134293965],"type":"Point"},"properties":{"geo_point_2d":{"lon":11.369973897862797,"lat":44.50124134293965},"id":"1074","nomevia":"Duse","civico":"5","numposti":8}},{"type":"Feature","geometry":{"coordinates":[11.383726097932563,44.479942496798316],"type":"Point"},"properties":{"geo_point_2d":{"lon":11.383726097932563,"lat":44.479942496798316},"id":"1075","nomevia":"Emilia Levante (Via)","civico":null,"numposti":4}},{"type":"Feature","geometry":{"coordinates":[11.363081309172102,44.49391383469209],"type":"Point"},"properties":{"geo_point_2d":{"lon":11.363081309172102,"lat":44.49391383469209},"id":"1083","nomevia":"Fabbri Paolo (Via)","civico":"13-15","numposti":4}},{"type":"Feature","geometry":{"coordinates":[11.362771749240878,44.49620278839213],"type":"Point"},"properties":{"geo_point_2d":{"lon":11.362771749240878,"lat":44.49620278839213},"id":"1091","nomevia":"Fabbri Paolo (Via)","civico":"53","numposti":4}},{"type":"Feature","geometry":{"coordinates":[11.362474442763276,44.496686910005245],"type":"Point"},"properties":{"geo_point_2d":{"lon":11.362474442763276,"lat":44.496686910005245},"id":"1093","nomevia":"Fabbri Paolo (Via)","civico":"60","numposti":4}},{"type":"Feature","geometry":{"coordinates":[11.36238261250909,44.497281394301154],"type":"Point"},"properties":{"geo_point_2d":{"lon":11.36238261250909,"lat":44.497281394301154},"id":"1095","nomevia":"Fabbri Paolo (Via)","civico":"68","numposti":4}},{"type":"Feature","geometry":{"coordinates":[11.36233868928236,44.498808877603885],"type":"Point"},"properties":{"geo_point_2d":{"lon":11.36233868928236,"lat":44.498808877603885},"id":"1096","nomevia":"Fabbri Paolo (Via)","civico":"79-81","numposti":4}},{"type":"Feature","geometry":{"coordinates":[11.362139945896581,44.499889847625],"type":"Point"},"properties":{"geo_point_2d":{"lon":11.362139945896581,"lat":44.499889847625},"id":"1098","nomevia":"Fabbri Paolo (Via)","civico":null,"numposti":4}},{"type":"Feature","geometry":{"coordinates":[11.332482657062606,44.51671943944076],"type":"Point"},"properties":{"geo_point_2d":{"lon":11.332482657062606,"lat":44.51671943944076},"id":"1107","nomevia":"Gagarin (Via)","civico":null,"numposti":10}},{"type":"Feature","geometry":{"coordinates":[11.325343003702699,44.49327341070797],"type":"Point"},"properties":{"geo_point_2d":{"lon":11.325343003702699,"lat":44.49327341070797},"id":"1115","nomevia":"Guidotti (Via)","civico":null,"numposti":6}},{"type":"Feature","geometry":{"coordinates":[11.324731193530662,44.49509384274559],"type":"Point"},"properties":{"geo_point_2d":{"lon":11.324731193530662,"lat":44.49509384274559},"id":"1116","nomevia":"Guidotti (Via)","civico":null,"numposti":8}},{"type":"Feature","geometry":{"coordinates":[11.359740352223449,44.49791724604195],"type":"Point"},"properties":{"geo_point_2d":{"lon":11.359740352223449,"lat":44.49791724604195},"id":"1117","nomevia":"La Veneta (Piazza)","civico":"6-8-10","numposti":86}},{"type":"Feature","geometry":{"coordinates":[11.370000567423904,44.47443086117229],"type":"Point"},"properties":{"geo_point_2d":{"lon":11.370000567423904,"lat":44.47443086117229},"id":"1118","nomevia":"Lamponi (Via)","civico":"5","numposti":6}},{"type":"Feature","geometry":{"coordinates":[11.365909380629036,44.494387232461996],"type":"Point"},"properties":{"geo_point_2d":{"lon":11.365909380629036,"lat":44.494387232461996},"id":"1123","nomevia":"Libia (Via)","civico":"17","numposti":6}},{"type":"Feature","geometry":{"coordinates":[11.337776274826139,44.5171684104319],"type":"Point"},"properties":{"geo_point_2d":{"lon":11.337776274826139,"lat":44.5171684104319},"id":"1127","nomevia":"Manin (Via)","civico":null,"numposti":8}},{"type":"Feature","geometry":{"coordinates":[11.27664760053998,44.51816466640166],"type":"Point"},"properties":{"geo_point_2d":{"lon":11.27664760053998,"lat":44.51816466640166},"id":"1128","nomevia":"Manunzio (Via)","civico":"fr. 12","numposti":8}},{"type":"Feature","geometry":{"coordinates":[11.329151746106971,44.51951658088932],"type":"Point"},"properties":{"geo_point_2d":{"lon":11.329151746106971,"lat":44.51951658088932},"id":"1130","nomevia":"Marco Polo (Via)","civico":"53","numposti":8}},{"type":"Feature","geometry":{"coordinates":[11.31262018966805,44.5030633555764],"type":"Point"},"properties":{"geo_point_2d":{"lon":11.31262018966805,"lat":44.5030633555764},"id":"1131","nomevia":"Marzabotto (Via)","civico":"1\/7","numposti":6}},{"type":"Feature","geometry":{"coordinates":[11.349732360792022,44.531915944684286],"type":"Point"},"properties":{"geo_point_2d":{"lon":11.349732360792022,"lat":44.531915944684286},"id":"1133","nomevia":"Marziale (Via)","civico":"fr. 37","numposti":6}},{"type":"Feature","geometry":{"coordinates":[11.362045513211497,44.49722822875366],"type":"Point"},"properties":{"geo_point_2d":{"lon":11.362045513211497,"lat":44.49722822875366},"id":"1134","nomevia":"Masia (Via)","civico":"12","numposti":4}},{"type":"Feature","geometry":{"coordinates":[11.346109233036152,44.50730381873853],"type":"Point"},"properties":{"geo_point_2d":{"lon":11.346109233036152,"lat":44.50730381873853},"id":"1138","nomevia":"Matteotti (Via)","civico":"2-4-6","numposti":40}},{"type":"Feature","geometry":{"coordinates":[11.36743635358304,44.486144276580696],"type":"Point"},"properties":{"geo_point_2d":{"lon":11.36743635358304,"lat":44.486144276580696},"id":"1145","nomevia":"Mazzini (Via)","civico":null,"numposti":4}},{"type":"Feature","geometry":{"coordinates":[11.355571702796903,44.48416059832678],"type":"Point"},"properties":{"geo_point_2d":{"lon":11.355571702796903,"lat":44.48416059832678},"id":"1148","nomevia":"Meliconi (Viale)","civico":null,"numposti":10}},{"type":"Feature","geometry":{"coordinates":[11.370270423871592,44.487506716961384],"type":"Point"},"properties":{"geo_point_2d":{"lon":11.370270423871592,"lat":44.487506716961384},"id":"1151","nomevia":"Mengoli (Via)","civico":null,"numposti":4}},{"type":"Feature","geometry":{"coordinates":[11.369907234610697,44.48698502370644],"type":"Point"},"properties":{"geo_point_2d":{"lon":11.369907234610697,"lat":44.48698502370644},"id":"1155","nomevia":"Mengoli (Via)","civico":null,"numposti":10}},{"type":"Feature","geometry":{"coordinates":[11.369494443414757,44.48636129872748],"type":"Point"},"properties":{"geo_point_2d":{"lon":11.369494443414757,"lat":44.48636129872748},"id":"1157","nomevia":"Mengoli (Via)","civico":null,"numposti":8}},{"type":"Feature","geometry":{"coordinates":[11.364353591091096,44.48387758820904],"type":"Point"},"properties":{"geo_point_2d":{"lon":11.364353591091096,"lat":44.48387758820904},"id":"1160","nomevia":"Mezzofanti (Via)","civico":null,"numposti":6}},{"type":"Feature","geometry":{"coordinates":[11.361735722804601,44.48553489198566],"type":"Point"},"properties":{"geo_point_2d":{"lon":11.361735722804601,"lat":44.48553489198566},"id":"1161","nomevia":"Mezzofanti (Via)","civico":null,"numposti":6}},{"type":"Feature","geometry":{"coordinates":[11.314698471009768,44.495450498946724],"type":"Point"},"properties":{"geo_point_2d":{"lon":11.314698471009768,"lat":44.495450498946724},"id":"1163","nomevia":"Montefiorino (Via)","civico":null,"numposti":4}},{"type":"Feature","geometry":{"coordinates":[11.342037425756526,44.5076166244845],"type":"Point"},"properties":{"geo_point_2d":{"lon":11.342037425756526,"lat":44.5076166244845},"id":"1171","nomevia":"Nicolo' Dall'Arca (Via)","civico":"2","numposti":40}},{"type":"Feature","geometry":{"coordinates":[11.264040052828419,44.52249302347998],"type":"Point"},"properties":{"geo_point_2d":{"lon":11.264040052828419,"lat":44.52249302347998},"id":"1172","nomevia":"Normandia (Via)","civico":"fr. 12\/p","numposti":4}},{"type":"Feature","geometry":{"coordinates":[11.360642429038716,44.485488296279456],"type":"Point"},"properties":{"geo_point_2d":{"lon":11.360642429038716,"lat":44.485488296279456},"id":"1174","nomevia":"Oriani (Viale)","civico":"24","numposti":8}},{"type":"Feature","geometry":{"coordinates":[11.374879150391802,44.47679599679001],"type":"Point"},"properties":{"geo_point_2d":{"lon":11.374879150391802,"lat":44.47679599679001},"id":"1177","nomevia":"Orti (Via)","civico":null,"numposti":20}},{"type":"Feature","geometry":{"coordinates":[11.272793893492432,44.52041431796636],"type":"Point"},"properties":{"geo_point_2d":{"lon":11.272793893492432,"lat":44.52041431796636},"id":"1180","nomevia":"Pasteur (Via)","civico":null,"numposti":6}},{"type":"Feature","geometry":{"coordinates":[11.319683579921897,44.49789614489216],"type":"Point"},"properties":{"geo_point_2d":{"lon":11.319683579921897,"lat":44.49789614489216},"id":"1181","nomevia":"Pasubio (Via)","civico":"18","numposti":10}},{"type":"Feature","geometry":{"coordinates":[11.312391067145626,44.50032083410886],"type":"Point"},"properties":{"geo_point_2d":{"lon":11.312391067145626,"lat":44.50032083410886},"id":"1182","nomevia":"Pasubio (Via)","civico":"fr. 82-84","numposti":6}},{"type":"Feature","geometry":{"coordinates":[11.312028699376286,44.50042028221957],"type":"Point"},"properties":{"geo_point_2d":{"lon":11.312028699376286,"lat":44.50042028221957},"id":"1183","nomevia":"Pasubio (Via)","civico":"86","numposti":6}},{"type":"Feature","geometry":{"coordinates":[11.367712932028807,44.506446376945725],"type":"Point"},"properties":{"geo_point_2d":{"lon":11.367712932028807,"lat":44.506446376945725},"id":"1185","nomevia":"Piana (Via)","civico":null,"numposti":8}},{"type":"Feature","geometry":{"coordinates":[11.342241393883805,44.51371045632204],"type":"Point"},"properties":{"geo_point_2d":{"lon":11.342241393883805,"lat":44.51371045632204},"id":"1192","nomevia":"Procaccini (Via)","civico":null,"numposti":10}},{"type":"Feature","geometry":{"coordinates":[11.364063198614735,44.50365353785865],"type":"Point"},"properties":{"geo_point_2d":{"lon":11.364063198614735,"lat":44.50365353785865},"id":"1196","nomevia":"Repubblica (Viale)","civico":null,"numposti":12}},{"type":"Feature","geometry":{"coordinates":[11.369150434526487,44.503098901766165],"type":"Point"},"properties":{"geo_point_2d":{"lon":11.369150434526487,"lat":44.503098901766165},"id":"1199","nomevia":"Ristori (Via)","civico":"fr. 1\/a","numposti":6}},{"type":"Feature","geometry":{"coordinates":[11.32425412739825,44.49700666544382],"type":"Point"},"properties":{"geo_point_2d":{"lon":11.32425412739825,"lat":44.49700666544382},"id":"1201","nomevia":"Sabotino (Via)","civico":"8\/e","numposti":4}},{"type":"Feature","geometry":{"coordinates":[11.3651396558048,44.50411399445781],"type":"Point"},"properties":{"geo_point_2d":{"lon":11.3651396558048,"lat":44.50411399445781},"id":"1206","nomevia":"Salvini (Via)","civico":"2","numposti":10}},{"type":"Feature","geometry":{"coordinates":[11.36636031540631,44.50475710226509],"type":"Point"},"properties":{"geo_point_2d":{"lon":11.36636031540631,"lat":44.50475710226509},"id":"1207","nomevia":"Salvini (Via)","civico":"12","numposti":6}},{"type":"Feature","geometry":{"coordinates":[11.375782217007231,44.50729973194048],"type":"Point"},"properties":{"geo_point_2d":{"lon":11.375782217007231,"lat":44.50729973194048},"id":"1211","nomevia":"San Donato (Via)","civico":"150","numposti":6}},{"type":"Feature","geometry":{"coordinates":[11.345462138201633,44.50918667434446],"type":"Point"},"properties":{"geo_point_2d":{"lon":11.345462138201633,"lat":44.50918667434446},"id":"1216","nomevia":"Serra (Via)","civico":null,"numposti":2}},{"type":"Feature","geometry":{"coordinates":[11.339064240459255,44.50875807621124],"type":"Point"},"properties":{"geo_point_2d":{"lon":11.339064240459255,"lat":44.50875807621124},"id":"1227","nomevia":"Svampa (Via)","civico":null,"numposti":10}},{"type":"Feature","geometry":{"coordinates":[11.316779054609189,44.498841709651614],"type":"Point"},"properties":{"geo_point_2d":{"lon":11.316779054609189,"lat":44.498841709651614},"id":"1229","nomevia":"Timavo (Via)","civico":null,"numposti":22}},{"type":"Feature","geometry":{"coordinates":[11.354041541261424,44.55250089869895],"type":"Point"},"properties":{"geo_point_2d":{"lon":11.354041541261424,"lat":44.55250089869895},"id":"1233","nomevia":"Trebbo","civico":"3","numposti":6}},{"type":"Feature","geometry":{"coordinates":[11.347263958665923,44.511114269803045],"type":"Point"},"properties":{"geo_point_2d":{"lon":11.347263958665923,"lat":44.511114269803045},"id":"1236","nomevia":"Unita' (Piazza)","civico":"fr. 14","numposti":6}},{"type":"Feature","geometry":{"coordinates":[11.347411070091665,44.511982656127095],"type":"Point"},"properties":{"geo_point_2d":{"lon":11.347411070091665,"lat":44.511982656127095},"id":"1237","nomevia":"Unita' (Piazza)","civico":"10","numposti":8}},{"type":"Feature","geometry":{"coordinates":[11.362465721059337,44.49604261367405],"type":"Point"},"properties":{"geo_point_2d":{"lon":11.362465721059337,"lat":44.49604261367405},"id":"1241","nomevia":"Vincenzi (Via)","civico":"4","numposti":4}},{"type":"Feature","geometry":{"coordinates":[11.36475772271679,44.504009545792314],"type":"Point"},"properties":{"geo_point_2d":{"lon":11.36475772271679,"lat":44.504009545792314},"id":"1246","nomevia":"Zacconi (Via)","civico":"2","numposti":6}},{"type":"Feature","geometry":{"coordinates":[11.332365989441811,44.503811720079014],"type":"Point"},"properties":{"geo_point_2d":{"lon":11.332365989441811,"lat":44.503811720079014},"id":"1248","nomevia":"Zanardi (Via)","civico":null,"numposti":2}},{"type":"Feature","geometry":{"coordinates":[11.357278726683193,44.494558116693604],"type":"Point"},"properties":{"geo_point_2d":{"lon":11.357278726683193,"lat":44.494558116693604},"id":"1251","nomevia":"Zanolini (Via)","civico":"2","numposti":6}},{"type":"Feature","geometry":{"coordinates":[11.357499785899186,44.50741449093438],"type":"Point"},"properties":{"geo_point_2d":{"lon":11.357499785899186,"lat":44.50741449093438},"id":"1256","nomevia":"Lanzarini (Via)","civico":"1","numposti":8}},{"type":"Feature","geometry":{"coordinates":[11.373075937931757,44.47852276818981],"type":"Point"},"properties":{"geo_point_2d":{"lon":11.373075937931757,"lat":44.47852276818981},"id":"1259","nomevia":"Lercaro (Largo)","civico":null,"numposti":14}},{"type":"Feature","geometry":{"coordinates":[11.37041519818655,44.48137171356209],"type":"Point"},"properties":{"geo_point_2d":{"lon":11.37041519818655,"lat":44.48137171356209},"id":"1263","nomevia":"Dagnini (Via)","civico":"48","numposti":8}},{"type":"Feature","geometry":{"coordinates":[11.314809689193526,44.50378551647907],"type":"Point"},"properties":{"geo_point_2d":{"lon":11.314809689193526,"lat":44.50378551647907},"id":"1264","nomevia":"Emilia Ponente (Via)","civico":"31","numposti":12}},{"type":"Feature","geometry":{"coordinates":[11.304316518158437,44.51131155068041],"type":"Point"},"properties":{"geo_point_2d":{"lon":11.304316518158437,"lat":44.51131155068041},"id":"1276","nomevia":"Giacinto (Via)","civico":"37","numposti":8}},{"type":"Feature","geometry":{"coordinates":[11.366734914713971,44.50505696051158],"type":"Point"},"properties":{"geo_point_2d":{"lon":11.366734914713971,"lat":44.50505696051158},"id":"1277","nomevia":"Garavaglia (Via)","civico":null,"numposti":16}},{"type":"Feature","geometry":{"coordinates":[11.315856057877765,44.4893177433339],"type":"Point"},"properties":{"geo_point_2d":{"lon":11.315856057877765,"lat":44.4893177433339},"id":"1288","nomevia":"Orioli (Via)","civico":"fr. 2","numposti":10}},{"type":"Feature","geometry":{"coordinates":[11.32544903440066,44.49227064691253],"type":"Point"},"properties":{"geo_point_2d":{"lon":11.32544903440066,"lat":44.49227064691253},"id":"1295","nomevia":"Spataro (Via)","civico":"2","numposti":4}},{"type":"Feature","geometry":{"coordinates":[11.323168467632732,44.49238851218329],"type":"Point"},"properties":{"geo_point_2d":{"lon":11.323168467632732,"lat":44.49238851218329},"id":"1297","nomevia":"Spataro (Via)","civico":"18","numposti":4}},{"type":"Feature","geometry":{"coordinates":[11.348621742393124,44.50857994608076],"type":"Point"},"properties":{"geo_point_2d":{"lon":11.348621742393124,"lat":44.50857994608076},"id":"1299","nomevia":"Raimondi (Via)","civico":null,"numposti":6}},{"type":"Feature","geometry":{"coordinates":[11.388195116943654,44.473824247983956],"type":"Point"},"properties":{"geo_point_2d":{"lon":11.388195116943654,"lat":44.473824247983956},"id":"1301","nomevia":"Arno (Via)","civico":null,"numposti":10}},{"type":"Feature","geometry":{"coordinates":[11.3983517387234,44.49044636982435],"type":"Point"},"properties":{"geo_point_2d":{"lon":11.3983517387234,"lat":44.49044636982435},"id":"1303","nomevia":"Martelli (Via)","civico":"41","numposti":8}},{"type":"Feature","geometry":{"coordinates":[11.368505837412759,44.50478348762038],"type":"Point"},"properties":{"geo_point_2d":{"lon":11.368505837412759,"lat":44.50478348762038},"id":"1304","nomevia":"Petrolini (Via)","civico":"6","numposti":10}},{"type":"Feature","geometry":{"coordinates":[11.332392280287456,44.50918845623358],"type":"Point"},"properties":{"geo_point_2d":{"lon":11.332392280287456,"lat":44.50918845623358},"id":"1306","nomevia":"Carracci (Via)","civico":"73","numposti":20}},{"type":"Feature","geometry":{"coordinates":[11.346916599788322,44.516498054344744],"type":"Point"},"properties":{"geo_point_2d":{"lon":11.346916599788322,"lat":44.516498054344744},"id":"1308","nomevia":"Barbieri (Via)","civico":"4","numposti":8}},{"type":"Feature","geometry":{"coordinates":[11.35255580831679,44.508208207908645],"type":"Point"},"properties":{"geo_point_2d":{"lon":11.35255580831679,"lat":44.508208207908645},"id":"1309","nomevia":"Serlio (Via)","civico":null,"numposti":10}},{"type":"Feature","geometry":{"coordinates":[11.320834048523544,44.49104611165854],"type":"Point"},"properties":{"geo_point_2d":{"lon":11.320834048523544,"lat":44.49104611165854},"id":"1313","nomevia":"XXI Aprile (Via)","civico":"3\/c-d","numposti":14}},{"type":"Feature","geometry":{"coordinates":[11.313324499608658,44.49086877830265],"type":"Point"},"properties":{"geo_point_2d":{"lon":11.313324499608658,"lat":44.49086877830265},"id":"1314","nomevia":"Curiel (Via)","civico":null,"numposti":8}},{"type":"Feature","geometry":{"coordinates":[11.303073296883237,44.51083350894699],"type":"Point"},"properties":{"geo_point_2d":{"lon":11.303073296883237,"lat":44.51083350894699},"id":"1320","nomevia":"Giacinto (Via)","civico":"42","numposti":6}},{"type":"Feature","geometry":{"coordinates":[11.358879032816448,44.50385566131936],"type":"Point"},"properties":{"geo_point_2d":{"lon":11.358879032816448,"lat":44.50385566131936},"id":"1323","nomevia":"Vezza (Via)","civico":"fr. 6","numposti":10}},{"type":"Feature","geometry":{"coordinates":[11.348575789908708,44.51845897426955],"type":"Point"},"properties":{"geo_point_2d":{"lon":11.348575789908708,"lat":44.51845897426955},"id":"1329","nomevia":"Corticella (Via)","civico":"fr. 83","numposti":8}},{"type":"Feature","geometry":{"coordinates":[11.337619065024475,44.51619907411692],"type":"Point"},"properties":{"geo_point_2d":{"lon":11.337619065024475,"lat":44.51619907411692},"id":"1330","nomevia":"Flora (Via)","civico":"7","numposti":8}},{"type":"Feature","geometry":{"coordinates":[11.365872678337475,44.48106429360166],"type":"Point"},"properties":{"geo_point_2d":{"lon":11.365872678337475,"lat":44.48106429360166},"id":"1333","nomevia":"Bassi Veratti (Via)","civico":"49","numposti":4}},{"type":"Feature","geometry":{"coordinates":[11.367727293091257,44.4833840808643],"type":"Point"},"properties":{"geo_point_2d":{"lon":11.367727293091257,"lat":44.4833840808643},"id":"1335","nomevia":"Bassi Veratti (Via)","civico":"18","numposti":6}},{"type":"Feature","geometry":{"coordinates":[11.372281459275602,44.490535198047354],"type":"Point"},"properties":{"geo_point_2d":{"lon":11.372281459275602,"lat":44.490535198047354},"id":"1337","nomevia":"Mengoli (Via)","civico":"34","numposti":4}},{"type":"Feature","geometry":{"coordinates":[11.364928542803304,44.50175449781607],"type":"Point"},"properties":{"geo_point_2d":{"lon":11.364928542803304,"lat":44.50175449781607},"id":"1346","nomevia":"Mickiewicz (Piazza)","civico":"7\/f-g","numposti":8}},{"type":"Feature","geometry":{"coordinates":[11.276390212249138,44.51518493498705],"type":"Point"},"properties":{"geo_point_2d":{"lon":11.276390212249138,"lat":44.51518493498705},"id":"1347","nomevia":"Bragalia (Via)","civico":"28","numposti":8}},{"type":"Feature","geometry":{"coordinates":[11.316241720833062,44.484930940930035],"type":"Point"},"properties":{"geo_point_2d":{"lon":11.316241720833062,"lat":44.484930940930035},"id":"1350","nomevia":"Felice Battaglia (Via)","civico":"18","numposti":8}},{"type":"Feature","geometry":{"coordinates":[11.340236256959827,44.51325244416836],"type":"Point"},"properties":{"geo_point_2d":{"lon":11.340236256959827,"lat":44.51325244416836},"id":"1361","nomevia":"Gobetti (Via)","civico":"pressi civ. 11","numposti":10}},{"type":"Feature","geometry":{"coordinates":[11.36551966120962,44.49611291431521],"type":"Point"},"properties":{"geo_point_2d":{"lon":11.36551966120962,"lat":44.49611291431521},"id":"1370","nomevia":"Vincenzi (Via)","civico":"41","numposti":6}},{"type":"Feature","geometry":{"coordinates":[11.357230702819178,44.50754276812036],"type":"Point"},"properties":{"geo_point_2d":{"lon":11.357230702819178,"lat":44.50754276812036},"id":"1371","nomevia":"Lavoro (Via)","civico":"pressi civ. 35","numposti":10}},{"type":"Feature","geometry":{"coordinates":[11.36233236196405,44.48776730811668],"type":"Point"},"properties":{"geo_point_2d":{"lon":11.36233236196405,"lat":44.48776730811668},"id":"1377","nomevia":"Trento e Trieste (Piazza)","civico":"1\/a","numposti":10}},{"type":"Feature","geometry":{"coordinates":[11.363291811295825,44.48223836103527],"type":"Point"},"properties":{"geo_point_2d":{"lon":11.363291811295825,"lat":44.48223836103527},"id":"1378","nomevia":"Masi (Via)","civico":null,"numposti":6}},{"type":"Feature","geometry":{"coordinates":[11.360408125849352,44.48540364917254],"type":"Point"},"properties":{"geo_point_2d":{"lon":11.360408125849352,"lat":44.48540364917254},"id":"1380","nomevia":"Oriani (Viale)","civico":null,"numposti":6}},{"type":"Feature","geometry":{"coordinates":[11.294164548983378,44.50436973191346],"type":"Point"},"properties":{"geo_point_2d":{"lon":11.294164548983378,"lat":44.50436973191346},"id":"1381","nomevia":"Spadini (Via)","civico":"fr. 5","numposti":8}},{"type":"Feature","geometry":{"coordinates":[11.339247645775153,44.517668127121446],"type":"Point"},"properties":{"geo_point_2d":{"lon":11.339247645775153,"lat":44.517668127121446},"id":"1384","nomevia":"Giovannini (Via)","civico":"3","numposti":6}},{"type":"Feature","geometry":{"coordinates":[11.338002691541696,44.51910680963549],"type":"Point"},"properties":{"geo_point_2d":{"lon":11.338002691541696,"lat":44.51910680963549},"id":"1385","nomevia":"Manin (Via)","civico":null,"numposti":6}},{"type":"Feature","geometry":{"coordinates":[11.372000891613771,44.47781552912135],"type":"Point"},"properties":{"geo_point_2d":{"lon":11.372000891613771,"lat":44.47781552912135},"id":"1389","nomevia":"Mirtilli (Via)","civico":"7","numposti":10}},{"type":"Feature","geometry":{"coordinates":[11.36311739761307,44.482305691270284],"type":"Point"},"properties":{"geo_point_2d":{"lon":11.36311739761307,"lat":44.482305691270284},"id":"1392","nomevia":"Masi (Via)","civico":null,"numposti":6}},{"type":"Feature","geometry":{"coordinates":[11.36506064476765,44.49534053620399],"type":"Point"},"properties":{"geo_point_2d":{"lon":11.36506064476765,"lat":44.49534053620399},"id":"1393","nomevia":"Musolesi (Via)","civico":null,"numposti":6}},{"type":"Feature","geometry":{"coordinates":[11.362827656032858,44.494151286177946],"type":"Point"},"properties":{"geo_point_2d":{"lon":11.362827656032858,"lat":44.494151286177946},"id":"1394","nomevia":"Fabbri Paolo (Via)","civico":"18","numposti":4}},{"type":"Feature","geometry":{"coordinates":[11.342284773121989,44.508633118463706],"type":"Point"},"properties":{"geo_point_2d":{"lon":11.342284773121989,"lat":44.508633118463706},"id":"1398","nomevia":"Nicolo' Dall'Arca (Via)","civico":null,"numposti":6}},{"type":"Feature","geometry":{"coordinates":[11.349893098986309,44.50114633498334],"type":"Point"},"properties":{"geo_point_2d":{"lon":11.349893098986309,"lat":44.50114633498334},"id":"50","nomevia":"Borgo di S.Pietro (Via)","civico":"97","numposti":8}},{"type":"Feature","geometry":{"coordinates":[11.349193733420076,44.493679707535506],"type":"Point"},"properties":{"geo_point_2d":{"lon":11.349193733420076,"lat":44.493679707535506},"id":"53","nomevia":"Broglio (Vicolo)","civico":"1\/2","numposti":8}},{"type":"Feature","geometry":{"coordinates":[11.334695381524345,44.49859483008728],"type":"Point"},"properties":{"geo_point_2d":{"lon":11.334695381524345,"lat":44.49859483008728},"id":"54","nomevia":"Brugnoli (Via)","civico":null,"numposti":14}},{"type":"Feature","geometry":{"coordinates":[11.33967726251664,44.502802091426],"type":"Point"},"properties":{"geo_point_2d":{"lon":11.33967726251664,"lat":44.502802091426},"id":"56","nomevia":"Cairoli (Via)","civico":"1-1\/b-c-d-e","numposti":8}},{"type":"Feature","geometry":{"coordinates":[11.33847632351825,44.50436340517552],"type":"Point"},"properties":{"geo_point_2d":{"lon":11.33847632351825,"lat":44.50436340517552},"id":"59","nomevia":"Cairoli (Via)","civico":"11\/c-d","numposti":12}},{"type":"Feature","geometry":{"coordinates":[11.331370209174088,44.500372319250786],"type":"Point"},"properties":{"geo_point_2d":{"lon":11.331370209174088,"lat":44.500372319250786},"id":"65","nomevia":"Calori (Via)","civico":"8","numposti":8}},{"type":"Feature","geometry":{"coordinates":[11.332791054562438,44.500375207240275],"type":"Point"},"properties":{"geo_point_2d":{"lon":11.332791054562438,"lat":44.500375207240275},"id":"66","nomevia":"Calori (Via)","civico":"7","numposti":16}},{"type":"Feature","geometry":{"coordinates":[11.347666503187861,44.50020771125637],"type":"Point"},"properties":{"geo_point_2d":{"lon":11.347666503187861,"lat":44.50020771125637},"id":"71","nomevia":"Capo di Lucca (Via)","civico":"34","numposti":6}},{"type":"Feature","geometry":{"coordinates":[11.336080454979081,44.48949797647555],"type":"Point"},"properties":{"geo_point_2d":{"lon":11.336080454979081,"lat":44.48949797647555},"id":"73","nomevia":"Capramozza (Via)","civico":"15","numposti":8}},{"type":"Feature","geometry":{"coordinates":[11.34625827007431,44.493704086947346],"type":"Point"},"properties":{"geo_point_2d":{"lon":11.34625827007431,"lat":44.493704086947346},"id":"75","nomevia":"Caprarie (Via)","civico":"7","numposti":22}},{"type":"Feature","geometry":{"coordinates":[11.333761792696889,44.501107066842835],"type":"Point"},"properties":{"geo_point_2d":{"lon":11.333761792696889,"lat":44.501107066842835},"id":"90","nomevia":"Cervellati","civico":"1\/c","numposti":18}},{"type":"Feature","geometry":{"coordinates":[11.34661774130314,44.48732708873792],"type":"Point"},"properties":{"geo_point_2d":{"lon":11.34661774130314,"lat":44.48732708873792},"id":"92","nomevia":"Chiudare (Via)","civico":"2","numposti":4}},{"type":"Feature","geometry":{"coordinates":[11.345873775727474,44.49962174747625],"type":"Point"},"properties":{"geo_point_2d":{"lon":11.345873775727474,"lat":44.49962174747625},"id":"93","nomevia":"Ciro Menotti (Via)","civico":null,"numposti":14}},{"type":"Feature","geometry":{"coordinates":[11.346255270098538,44.49296292650915],"type":"Point"},"properties":{"geo_point_2d":{"lon":11.346255270098538,"lat":44.49296292650915},"id":"94","nomevia":"Clavature (Via)","civico":null,"numposti":10}},{"type":"Feature","geometry":{"coordinates":[11.351250233820494,44.488232488899946],"type":"Point"},"properties":{"geo_point_2d":{"lon":11.351250233820494,"lat":44.488232488899946},"id":"95","nomevia":"Coltelli (Via)","civico":"3-5","numposti":4}},{"type":"Feature","geometry":{"coordinates":[11.350602228891141,44.48765787503945],"type":"Point"},"properties":{"geo_point_2d":{"lon":11.350602228891141,"lat":44.48765787503945},"id":"96","nomevia":"Coltelli (Via)","civico":null,"numposti":6}},{"type":"Feature","geometry":{"coordinates":[11.354218385225655,44.487123669282134],"type":"Point"},"properties":{"geo_point_2d":{"lon":11.354218385225655,"lat":44.487123669282134},"id":"100","nomevia":"Dante (Via)","civico":"2","numposti":8}},{"type":"Feature","geometry":{"coordinates":[11.33421606085866,44.49372922161829],"type":"Point"},"properties":{"geo_point_2d":{"lon":11.33421606085866,"lat":44.49372922161829},"id":"101","nomevia":"De Marchi (Via)","civico":"fr. 6","numposti":4}},{"type":"Feature","geometry":{"coordinates":[11.34419903555776,44.48758884233401],"type":"Point"},"properties":{"geo_point_2d":{"lon":11.34419903555776,"lat":44.48758884233401},"id":"103","nomevia":"Dodici Giugno (Viale)","civico":"3","numposti":16}},{"type":"Feature","geometry":{"coordinates":[11.336816170284889,44.50273483923955],"type":"Point"},"properties":{"geo_point_2d":{"lon":11.336816170284889,"lat":44.50273483923955},"id":"109","nomevia":"Don Minzoni (Via)","civico":"14","numposti":8}},{"type":"Feature","geometry":{"coordinates":[11.335278811938284,44.50333047171299],"type":"Point"},"properties":{"geo_point_2d":{"lon":11.335278811938284,"lat":44.50333047171299},"id":"113","nomevia":"Don Minzoni (Via)","civico":null,"numposti":8}},{"type":"Feature","geometry":{"coordinates":[11.348073671092402,44.497407886882954],"type":"Point"},"properties":{"geo_point_2d":{"lon":11.348073671092402,"lat":44.497407886882954},"id":"115","nomevia":"Facchini (Vicolo)","civico":null,"numposti":8}},{"type":"Feature","geometry":{"coordinates":[11.342438107410587,44.49131636274633],"type":"Point"},"properties":{"geo_point_2d":{"lon":11.342438107410587,"lat":44.49131636274633},"id":"117","nomevia":"Farini (Via)","civico":"3","numposti":18}},{"type":"Feature","geometry":{"coordinates":[11.34377718743687,44.49268427958899],"type":"Point"},"properties":{"geo_point_2d":{"lon":11.34377718743687,"lat":44.49268427958899},"id":"120","nomevia":"Foscherari (Via)","civico":"2","numposti":16}},{"type":"Feature","geometry":{"coordinates":[11.341735415815458,44.49705345920965],"type":"Point"},"properties":{"geo_point_2d":{"lon":11.341735415815458,"lat":44.49705345920965},"id":"130","nomevia":"Galliera (Via)","civico":"6","numposti":8}},{"type":"Feature","geometry":{"coordinates":[11.34327295456644,44.49211333927305],"type":"Point"},"properties":{"geo_point_2d":{"lon":11.34327295456644,"lat":44.49211333927305},"id":"133","nomevia":"Galvani (Piazza)","civico":"5","numposti":26}},{"type":"Feature","geometry":{"coordinates":[11.34304654928499,44.49150473928915],"type":"Point"},"properties":{"geo_point_2d":{"lon":11.34304654928499,"lat":44.49150473928915},"id":"134","nomevia":"Galvani (Piazza)","civico":"2","numposti":32}},{"type":"Feature","geometry":{"coordinates":[11.3453357821695,44.49668009172606],"type":"Point"},"properties":{"geo_point_2d":{"lon":11.3453357821695,"lat":44.49668009172606},"id":"135","nomevia":"Goito (Via)","civico":"13","numposti":22}},{"type":"Feature","geometry":{"coordinates":[11.343469051880499,44.49702797761801],"type":"Point"},"properties":{"geo_point_2d":{"lon":11.343469051880499,"lat":44.49702797761801},"id":"136","nomevia":"Goito (Via)","civico":"2","numposti":6}},{"type":"Feature","geometry":{"coordinates":[11.342446117859573,44.50320712652086],"type":"Point"},"properties":{"geo_point_2d":{"lon":11.342446117859573,"lat":44.50320712652086},"id":"140","nomevia":"Gramsci (Via)","civico":"11","numposti":6}},{"type":"Feature","geometry":{"coordinates":[11.351570552530207,44.49214967761018],"type":"Point"},"properties":{"geo_point_2d":{"lon":11.351570552530207,"lat":44.49214967761018},"id":"144","nomevia":"Guerrazzi (Via)","civico":"1","numposti":10}},{"type":"Feature","geometry":{"coordinates":[11.343262439125782,44.49744234859241],"type":"Point"},"properties":{"geo_point_2d":{"lon":11.343262439125782,"lat":44.49744234859241},"id":"148","nomevia":"Indipendenza (Via)","civico":"22\/a","numposti":20}},{"type":"Feature","geometry":{"coordinates":[11.343401758661182,44.49742251208081],"type":"Point"},"properties":{"geo_point_2d":{"lon":11.343401758661182,"lat":44.49742251208081},"id":"149","nomevia":"Indipendenza (Via)","civico":"25","numposti":18}},{"type":"Feature","geometry":{"coordinates":[11.347291430838464,44.501871091209054],"type":"Point"},"properties":{"geo_point_2d":{"lon":11.347291430838464,"lat":44.501871091209054},"id":"151","nomevia":"Irnerio (Via)","civico":"2\/4","numposti":12}},{"type":"Feature","geometry":{"coordinates":[11.353333625377692,44.4991565559969],"type":"Point"},"properties":{"geo_point_2d":{"lon":11.353333625377692,"lat":44.4991565559969},"id":"155","nomevia":"Irnerio (Via)","civico":"44","numposti":24}},{"type":"Feature","geometry":{"coordinates":[11.335696359165036,44.49871293385472],"type":"Point"},"properties":{"geo_point_2d":{"lon":11.335696359165036,"lat":44.49871293385472},"id":"162","nomevia":"Lame (Via)","civico":"53\/a","numposti":10}},{"type":"Feature","geometry":{"coordinates":[11.333436649072873,44.50201600262388],"type":"Point"},"properties":{"geo_point_2d":{"lon":11.333436649072873,"lat":44.50201600262388},"id":"164","nomevia":"Lame (Via)","civico":"160","numposti":10}},{"type":"Feature","geometry":{"coordinates":[11.331703783442876,44.4989634206555],"type":"Point"},"properties":{"geo_point_2d":{"lon":11.331703783442876,"lat":44.4989634206555},"id":"165","nomevia":"Lenzi (Via)","civico":"1","numposti":12}},{"type":"Feature","geometry":{"coordinates":[11.337376378325732,44.49678351225963],"type":"Point"},"properties":{"geo_point_2d":{"lon":11.337376378325732,"lat":44.49678351225963},"id":"173","nomevia":"Marconi (Via)","civico":"10","numposti":24}},{"type":"Feature","geometry":{"coordinates":[11.337990047771251,44.49810318115969],"type":"Point"},"properties":{"geo_point_2d":{"lon":11.337990047771251,"lat":44.49810318115969},"id":"174","nomevia":"Marconi (Via)","civico":"22\/b","numposti":8}},{"type":"Feature","geometry":{"coordinates":[11.338500525634153,44.49920201522728],"type":"Point"},"properties":{"geo_point_2d":{"lon":11.338500525634153,"lat":44.49920201522728},"id":"176","nomevia":"Marconi (Via)","civico":"28-28\/d-e","numposti":12}},{"type":"Feature","geometry":{"coordinates":[11.339111315154026,44.500628354482465],"type":"Point"},"properties":{"geo_point_2d":{"lon":11.339111315154026,"lat":44.500628354482465},"id":"177","nomevia":"Marconi (Via)","civico":"38","numposti":10}},{"type":"Feature","geometry":{"coordinates":[11.338428071971205,44.498488502011526],"type":"Point"},"properties":{"geo_point_2d":{"lon":11.338428071971205,"lat":44.498488502011526},"id":"179","nomevia":"Marconi (Via)","civico":"41\/e-f","numposti":6}},{"type":"Feature","geometry":{"coordinates":[11.34660594425995,44.49915520150226],"type":"Point"},"properties":{"geo_point_2d":{"lon":11.34660594425995,"lat":44.49915520150226},"id":"8","nomevia":"Alessandrini (Via)","civico":"4","numposti":8}},{"type":"Feature","geometry":{"coordinates":[11.349264942699799,44.49848722582907],"type":"Point"},"properties":{"geo_point_2d":{"lon":11.349264942699799,"lat":44.49848722582907},"id":"193","nomevia":"Mascarella (Via)","civico":"12-14","numposti":20}},{"type":"Feature","geometry":{"coordinates":[11.350441264922134,44.49955788349431],"type":"Point"},"properties":{"geo_point_2d":{"lon":11.350441264922134,"lat":44.49955788349431},"id":"195","nomevia":"Mascarella (Via)","civico":"45","numposti":8}},{"type":"Feature","geometry":{"coordinates":[11.351078673378895,44.50056914057903],"type":"Point"},"properties":{"geo_point_2d":{"lon":11.351078673378895,"lat":44.50056914057903},"id":"197","nomevia":"Mascarella (Via)","civico":"80","numposti":12}},{"type":"Feature","geometry":{"coordinates":[11.342568959439136,44.48910559752753],"type":"Point"},"properties":{"geo_point_2d":{"lon":11.342568959439136,"lat":44.48910559752753},"id":"201","nomevia":"Mattuiani (Via)","civico":"fr. 1","numposti":10}},{"type":"Feature","geometry":{"coordinates":[11.339593724097622,44.503546565847834],"type":"Point"},"properties":{"geo_point_2d":{"lon":11.339593724097622,"lat":44.503546565847834},"id":"205","nomevia":"Milazzo (Via)","civico":"fr. 17\/c","numposti":18}},{"type":"Feature","geometry":{"coordinates":[11.34557210518183,44.49172997044852],"type":"Point"},"properties":{"geo_point_2d":{"lon":11.34557210518183,"lat":44.49172997044852},"id":"209","nomevia":"Minghetti (Piazza)","civico":null,"numposti":14}},{"type":"Feature","geometry":{"coordinates":[11.342503481069347,44.497106838474856],"type":"Point"},"properties":{"geo_point_2d":{"lon":11.342503481069347,"lat":44.497106838474856},"id":"211","nomevia":"Monari (Via)","civico":"6","numposti":10}},{"type":"Feature","geometry":{"coordinates":[11.343819260562896,44.49634911859575],"type":"Point"},"properties":{"geo_point_2d":{"lon":11.343819260562896,"lat":44.49634911859575},"id":"212","nomevia":"Monte (Via)","civico":"6","numposti":12}},{"type":"Feature","geometry":{"coordinates":[11.339277773127804,44.49575166396557],"type":"Point"},"properties":{"geo_point_2d":{"lon":11.339277773127804,"lat":44.49575166396557},"id":"214","nomevia":"Monte Grappa (Via)","civico":null,"numposti":8}},{"type":"Feature","geometry":{"coordinates":[11.342493729695226,44.50188638816163],"type":"Point"},"properties":{"geo_point_2d":{"lon":11.342493729695226,"lat":44.50188638816163},"id":"217","nomevia":"Montebello (Via)","civico":"7","numposti":10}},{"type":"Feature","geometry":{"coordinates":[11.339255922980321,44.4963382366381],"type":"Point"},"properties":{"geo_point_2d":{"lon":11.339255922980321,"lat":44.4963382366381},"id":"221","nomevia":"Nazario Sauro (Via)","civico":"10","numposti":8}},{"type":"Feature","geometry":{"coordinates":[11.33944032449057,44.497262540399774],"type":"Point"},"properties":{"geo_point_2d":{"lon":11.33944032449057,"lat":44.497262540399774},"id":"222","nomevia":"Nazario Sauro (Via)","civico":"20","numposti":8}},{"type":"Feature","geometry":{"coordinates":[11.335614085866554,44.49286206319426],"type":"Point"},"properties":{"geo_point_2d":{"lon":11.335614085866554,"lat":44.49286206319426},"id":"223","nomevia":"Nosadella (Via)","civico":"7\/c","numposti":8}},{"type":"Feature","geometry":{"coordinates":[11.33455361396027,44.49074772617017],"type":"Point"},"properties":{"geo_point_2d":{"lon":11.33455361396027,"lat":44.49074772617017},"id":"225","nomevia":"Nosadella (Via)","civico":"51","numposti":6}},{"type":"Feature","geometry":{"coordinates":[11.346466367413202,44.498502163258266],"type":"Point"},"properties":{"geo_point_2d":{"lon":11.346466367413202,"lat":44.498502163258266},"id":"227","nomevia":"Moline (Via)","civico":"24","numposti":16}},{"type":"Feature","geometry":{"coordinates":[11.346225194413112,44.498595345901734],"type":"Point"},"properties":{"geo_point_2d":{"lon":11.346225194413112,"lat":44.498595345901734},"id":"228","nomevia":"Righi (Via)","civico":"19","numposti":8}},{"type":"Feature","geometry":{"coordinates":[11.34612960245083,44.49789411531649],"type":"Point"},"properties":{"geo_point_2d":{"lon":11.34612960245083,"lat":44.49789411531649},"id":"229","nomevia":"Oche (Via)","civico":null,"numposti":12}},{"type":"Feature","geometry":{"coordinates":[11.347555979372029,44.48625204307261],"type":"Point"},"properties":{"geo_point_2d":{"lon":11.347555979372029,"lat":44.48625204307261},"id":"234","nomevia":"Oro (Via)","civico":"6","numposti":6}},{"type":"Feature","geometry":{"coordinates":[11.336448898976982,44.497178094954855],"type":"Point"},"properties":{"geo_point_2d":{"lon":11.336448898976982,"lat":44.497178094954855},"id":"235","nomevia":"Otto Colonne (Vicolo)","civico":"1\/a","numposti":26}},{"type":"Feature","geometry":{"coordinates":[11.341662157185528,44.49434871759665],"type":"Point"},"properties":{"geo_point_2d":{"lon":11.341662157185528,"lat":44.49434871759665},"id":"236","nomevia":"Palazzo D'Accursio","civico":null,"numposti":94}},{"type":"Feature","geometry":{"coordinates":[11.3411709889425,44.496535312723374],"type":"Point"},"properties":{"geo_point_2d":{"lon":11.3411709889425,"lat":44.496535312723374},"id":"237","nomevia":"Parigi (Via)","civico":"4","numposti":8}},{"type":"Feature","geometry":{"coordinates":[11.351620170688976,44.49497127665771],"type":"Point"},"properties":{"geo_point_2d":{"lon":11.351620170688976,"lat":44.49497127665771},"id":"239","nomevia":"Petroni (Via)","civico":"16","numposti":16}},{"type":"Feature","geometry":{"coordinates":[11.331230795830768,44.496064503277644],"type":"Point"},"properties":{"geo_point_2d":{"lon":11.331230795830768,"lat":44.496064503277644},"id":"242","nomevia":"Pietralata (Via)","civico":"55\/2","numposti":16}},{"type":"Feature","geometry":{"coordinates":[11.33099464987868,44.495059932448925],"type":"Point"},"properties":{"geo_point_2d":{"lon":11.33099464987868,"lat":44.495059932448925},"id":"243","nomevia":"Pietralata (Via)","civico":"56\/1","numposti":14}},{"type":"Feature","geometry":{"coordinates":[11.341124746744153,44.50535346734446],"type":"Point"},"properties":{"geo_point_2d":{"lon":11.341124746744153,"lat":44.50535346734446},"id":"245","nomevia":"Pietramellara (Viale)","civico":null,"numposti":10}},{"type":"Feature","geometry":{"coordinates":[11.339947989687927,44.50011957485793],"type":"Point"},"properties":{"geo_point_2d":{"lon":11.339947989687927,"lat":44.50011957485793},"id":"249","nomevia":"Polese (Via)","civico":"27\/b","numposti":10}},{"type":"Feature","geometry":{"coordinates":[11.339286181740327,44.501455762184115],"type":"Point"},"properties":{"geo_point_2d":{"lon":11.339286181740327,"lat":44.501455762184115},"id":"252","nomevia":"Porto (Via)","civico":"18","numposti":8}},{"type":"Feature","geometry":{"coordinates":[11.332743157824977,44.49550064065512],"type":"Point"},"properties":{"geo_point_2d":{"lon":11.332743157824977,"lat":44.49550064065512},"id":"256","nomevia":"Pratello (Via)","civico":"fr. 35","numposti":10}},{"type":"Feature","geometry":{"coordinates":[11.32999933684792,44.495432198145785],"type":"Point"},"properties":{"geo_point_2d":{"lon":11.32999933684792,"lat":44.495432198145785},"id":"262","nomevia":"Pratello (Via)","civico":"90\/d","numposti":8}},{"type":"Feature","geometry":{"coordinates":[11.335458599303228,44.49552516283787],"type":"Point"},"properties":{"geo_point_2d":{"lon":11.335458599303228,"lat":44.49552516283787},"id":"266","nomevia":"Pratello (Via)","civico":"fr. 13\/a","numposti":14}},{"type":"Feature","geometry":{"coordinates":[11.340931750464176,44.493894254692194],"type":"Point"},"properties":{"geo_point_2d":{"lon":11.340931750464176,"lat":44.493894254692194},"id":"271","nomevia":"Quattro Novembre (Via)","civico":"fr. P.za Galileo","numposti":18}},{"type":"Feature","geometry":{"coordinates":[11.33904007496239,44.494184251555154],"type":"Point"},"properties":{"geo_point_2d":{"lon":11.33904007496239,"lat":44.494184251555154},"id":"272","nomevia":"Quattro Novembre (Via)","civico":"7","numposti":4}},{"type":"Feature","geometry":{"coordinates":[11.3531583510614,44.48863802933784],"type":"Point"},"properties":{"geo_point_2d":{"lon":11.3531583510614,"lat":44.48863802933784},"id":"274","nomevia":"Remorsella (Via)","civico":"14","numposti":10}},{"type":"Feature","geometry":{"coordinates":[11.34988943084606,44.49690550225448],"type":"Point"},"properties":{"geo_point_2d":{"lon":11.34988943084606,"lat":44.49690550225448},"id":"276","nomevia":"Respighi (Largo)","civico":"1-3","numposti":18}},{"type":"Feature","geometry":{"coordinates":[11.348800930868002,44.48784280583638],"type":"Point"},"properties":{"geo_point_2d":{"lon":11.348800930868002,"lat":44.48784280583638},"id":"279","nomevia":"Rialto (Via)","civico":"25","numposti":8}},{"type":"Feature","geometry":{"coordinates":[11.345504680658344,44.49877126379892],"type":"Point"},"properties":{"geo_point_2d":{"lon":11.345504680658344,"lat":44.49877126379892},"id":"281","nomevia":"Righi (Via)","civico":"13","numposti":8}},{"type":"Feature","geometry":{"coordinates":[11.339815923403641,44.49895473885349],"type":"Point"},"properties":{"geo_point_2d":{"lon":11.339815923403641,"lat":44.49895473885349},"id":"286","nomevia":"Riva di Reno (Via)","civico":"102","numposti":10}},{"type":"Feature","geometry":{"coordinates":[11.348799448330514,44.49532187436603],"type":"Point"},"properties":{"geo_point_2d":{"lon":11.348799448330514,"lat":44.49532187436603},"id":"292","nomevia":"Rossini (Piazza)","civico":null,"numposti":77}},{"type":"Feature","geometry":{"coordinates":[11.340720168669836,44.5006032958898],"type":"Point"},"properties":{"geo_point_2d":{"lon":11.340720168669836,"lat":44.5006032958898},"id":"294","nomevia":"San Carlo (Via)","civico":"44\/2","numposti":8}},{"type":"Feature","geometry":{"coordinates":[11.343756212651586,44.489996985688165],"type":"Point"},"properties":{"geo_point_2d":{"lon":11.343756212651586,"lat":44.489996985688165},"id":"295","nomevia":"San Domenico (Piazza)","civico":"1","numposti":32}},{"type":"Feature","geometry":{"coordinates":[11.327109741692388,44.49890296750031],"type":"Point"},"properties":{"geo_point_2d":{"lon":11.327109741692388,"lat":44.49890296750031},"id":"299","nomevia":"San Felice (Piazza di Porta)","civico":null,"numposti":10}},{"type":"Feature","geometry":{"coordinates":[11.334148826550589,44.49672104304553],"type":"Point"},"properties":{"geo_point_2d":{"lon":11.334148826550589,"lat":44.49672104304553},"id":"303","nomevia":"San Felice (Via)","civico":"26","numposti":10}},{"type":"Feature","geometry":{"coordinates":[11.332510432001877,44.49742059247538],"type":"Point"},"properties":{"geo_point_2d":{"lon":11.332510432001877,"lat":44.49742059247538},"id":"306","nomevia":"San Felice (Via)","civico":"67\/c","numposti":10}},{"type":"Feature","geometry":{"coordinates":[11.327785143630352,44.4989994494802],"type":"Point"},"properties":{"geo_point_2d":{"lon":11.327785143630352,"lat":44.4989994494802},"id":"309","nomevia":"San Felice (Via)","civico":"136\/d","numposti":8}},{"type":"Feature","geometry":{"coordinates":[11.335572938141363,44.49539905962265],"type":"Point"},"properties":{"geo_point_2d":{"lon":11.335572938141363,"lat":44.49539905962265},"id":"312","nomevia":"San Francesco (Piazza)","civico":"10","numposti":6}},{"type":"Feature","geometry":{"coordinates":[11.355228273090711,44.495114171031474],"type":"Point"},"properties":{"geo_point_2d":{"lon":11.355228273090711,"lat":44.495114171031474},"id":"318","nomevia":"San Leonardo (Via)","civico":"28","numposti":10}},{"type":"Feature","geometry":{"coordinates":[11.35684958054484,44.4936719540831],"type":"Point"},"properties":{"geo_point_2d":{"lon":11.35684958054484,"lat":44.4936719540831},"id":"328","nomevia":"San Vitale (Piazza di Porta)","civico":"3","numposti":6}},{"type":"Feature","geometry":{"coordinates":[11.35407277549327,44.49401294200576],"type":"Point"},"properties":{"geo_point_2d":{"lon":11.35407277549327,"lat":44.49401294200576},"id":"332","nomevia":"San Vitale (Via)","civico":"59","numposti":12}},{"type":"Feature","geometry":{"coordinates":[11.354604125913458,44.494047806343],"type":"Point"},"properties":{"geo_point_2d":{"lon":11.354604125913458,"lat":44.494047806343},"id":"333","nomevia":"San Vitale (Via)","civico":"63","numposti":16}},{"type":"Feature","geometry":{"coordinates":[11.332852092022295,44.49382533054614],"type":"Point"},"properties":{"geo_point_2d":{"lon":11.332852092022295,"lat":44.49382533054614},"id":"338","nomevia":"Sant'Isaia (Via)","civico":"30\/b","numposti":8}},{"type":"Feature","geometry":{"coordinates":[11.333315204909434,44.49229747736276],"type":"Point"},"properties":{"geo_point_2d":{"lon":11.333315204909434,"lat":44.49229747736276},"id":"335","nomevia":"Santa Caterina (Via)","civico":"1","numposti":14}},{"type":"Feature","geometry":{"coordinates":[11.329629021790176,44.49718199840429],"type":"Point"},"properties":{"geo_point_2d":{"lon":11.329629021790176,"lat":44.49718199840429},"id":"337","nomevia":"Santa Croce (Via)","civico":"17\/1","numposti":16}},{"type":"Feature","geometry":{"coordinates":[11.34684463141548,44.49347374751324],"type":"Point"},"properties":{"geo_point_2d":{"lon":11.34684463141548,"lat":44.49347374751324},"id":"343","nomevia":"Santo Stefano (Via)","civico":"1","numposti":12}},{"type":"Feature","geometry":{"coordinates":[11.348871546926665,44.49137843010083],"type":"Point"},"properties":{"geo_point_2d":{"lon":11.348871546926665,"lat":44.49137843010083},"id":"345","nomevia":"Santo Stefano (Via)","civico":"30","numposti":28}},{"type":"Feature","geometry":{"coordinates":[11.355203120569168,44.485318942781014],"type":"Point"},"properties":{"geo_point_2d":{"lon":11.355203120569168,"lat":44.485318942781014},"id":"349","nomevia":"Santo Stefano (Via)","civico":"119\/2","numposti":24}},{"type":"Feature","geometry":{"coordinates":[11.329992946710455,44.49065222479197],"type":"Point"},"properties":{"geo_point_2d":{"lon":11.329992946710455,"lat":44.49065222479197},"id":"350","nomevia":"Saragozza (Piazza di Porta)","civico":null,"numposti":16}},{"type":"Feature","geometry":{"coordinates":[11.34318204627729,44.48701286946036],"type":"Point"},"properties":{"geo_point_2d":{"lon":11.34318204627729,"lat":44.48701286946036},"id":"359","nomevia":"Savenella (Via)","civico":"11","numposti":8}},{"type":"Feature","geometry":{"coordinates":[11.354235556375457,44.49610311952563],"type":"Point"},"properties":{"geo_point_2d":{"lon":11.354235556375457,"lat":44.49610311952563},"id":"362","nomevia":"Selmi (Via)","civico":"1-3","numposti":50}},{"type":"Feature","geometry":{"coordinates":[11.335906828203912,44.491753395349114],"type":"Point"},"properties":{"geo_point_2d":{"lon":11.335906828203912,"lat":44.491753395349114},"id":"363","nomevia":"Senzanome (Via)","civico":"3","numposti":16}},{"type":"Feature","geometry":{"coordinates":[11.350151803766373,44.492741455542465],"type":"Point"},"properties":{"geo_point_2d":{"lon":11.350151803766373,"lat":44.492741455542465},"id":"368","nomevia":"Strada Maggiore","civico":"27\/e","numposti":14}},{"type":"Feature","geometry":{"coordinates":[11.343219887231154,44.48879547868114],"type":"Point"},"properties":{"geo_point_2d":{"lon":11.343219887231154,"lat":44.48879547868114},"id":"376","nomevia":"Tribunali (Piazza)","civico":"1","numposti":14}},{"type":"Feature","geometry":{"coordinates":[11.34408731307541,44.503994446219195],"type":"Point"},"properties":{"geo_point_2d":{"lon":11.34408731307541,"lat":44.503994446219195},"id":"41","nomevia":"Boldrini (Via)","civico":null,"numposti":58}},{"type":"Feature","geometry":{"coordinates":[11.345600151715118,44.49953654032049],"type":"Point"},"properties":{"geo_point_2d":{"lon":11.345600151715118,"lat":44.49953654032049},"id":"383","nomevia":"Venturini (Via)","civico":"8","numposti":8}},{"type":"Feature","geometry":{"coordinates":[11.333825646090034,44.50038302474297],"type":"Point"},"properties":{"geo_point_2d":{"lon":11.333825646090034,"lat":44.50038302474297},"id":"68","nomevia":"Calori (Via)","civico":"1\/h","numposti":6}},{"type":"Feature","geometry":{"coordinates":[11.337562585732705,44.495828435244576],"type":"Point"},"properties":{"geo_point_2d":{"lon":11.337562585732705,"lat":44.495828435244576},"id":"24","nomevia":"Bassi Ugo (Via)","civico":"31\/c-d","numposti":34}},{"type":"Feature","geometry":{"coordinates":[11.342089896613606,44.494907940742394],"type":"Point"},"properties":{"geo_point_2d":{"lon":11.342089896613606,"lat":44.494907940742394},"id":"26","nomevia":"Bassi Ugo (Via)","civico":"2","numposti":50}},{"type":"Feature","geometry":{"coordinates":[11.353276267182585,44.49716978173633],"type":"Point"},"properties":{"geo_point_2d":{"lon":11.353276267182585,"lat":44.49716978173633},"id":"268","nomevia":"Puntoni (Piazza)","civico":"2","numposti":50}},{"type":"Feature","geometry":{"coordinates":[11.342420914654525,44.50440364012189],"type":"Point"},"properties":{"geo_point_2d":{"lon":11.342420914654525,"lat":44.50440364012189},"id":"42","nomevia":"Boldrini (Via)","civico":"fr. 2","numposti":18}},{"type":"Feature","geometry":{"coordinates":[11.351816457201213,44.493961300647086],"type":"Point"},"properties":{"geo_point_2d":{"lon":11.351816457201213,"lat":44.493961300647086},"id":"4","nomevia":"Aldrovandi (Piazza)","civico":"12\/a","numposti":4}},{"type":"Feature","geometry":{"coordinates":[11.338737867378285,44.50357041207672],"type":"Point"},"properties":{"geo_point_2d":{"lon":11.338737867378285,"lat":44.50357041207672},"id":"60","nomevia":"Cairoli (Via)","civico":"16","numposti":8}},{"type":"Feature","geometry":{"coordinates":[11.336426605528176,44.489431557088494],"type":"Point"},"properties":{"geo_point_2d":{"lon":11.336426605528176,"lat":44.489431557088494},"id":"72","nomevia":"Capramozza (Via)","civico":"fr. 4","numposti":6}},{"type":"Feature","geometry":{"coordinates":[11.354814018115594,44.4984936972328],"type":"Point"},"properties":{"geo_point_2d":{"lon":11.354814018115594,"lat":44.4984936972328},"id":"156","nomevia":"Irnerio (Via)","civico":"55","numposti":6}},{"type":"Feature","geometry":{"coordinates":[11.351672571918531,44.49314817001276],"type":"Point"},"properties":{"geo_point_2d":{"lon":11.351672571918531,"lat":44.49314817001276},"id":"6","nomevia":"Aldrovandi (Piazza)","civico":"4","numposti":4}},{"type":"Feature","geometry":{"coordinates":[11.351547645267019,44.49239134219309],"type":"Point"},"properties":{"geo_point_2d":{"lon":11.351547645267019,"lat":44.49239134219309},"id":"7","nomevia":"Aldrovandi (Piazza)","civico":null,"numposti":16}},{"type":"Feature","geometry":{"coordinates":[11.340758858074352,44.50420849695132],"type":"Point"},"properties":{"geo_point_2d":{"lon":11.340758858074352,"lat":44.50420849695132},"id":"10","nomevia":"Amendola (Via)","civico":"10\/a-b","numposti":12}},{"type":"Feature","geometry":{"coordinates":[11.33578743693555,44.501547819771304],"type":"Point"},"properties":{"geo_point_2d":{"lon":11.33578743693555,"lat":44.501547819771304},"id":"19","nomevia":"Azzo Gardino (Via)","civico":"fr. 40","numposti":4}},{"type":"Feature","geometry":{"coordinates":[11.337745253228805,44.492151091135256],"type":"Point"},"properties":{"geo_point_2d":{"lon":11.337745253228805,"lat":44.492151091135256},"id":"22","nomevia":"Barberia (Via)","civico":"18","numposti":6}},{"type":"Feature","geometry":{"coordinates":[11.337337587625282,44.49565090887748],"type":"Point"},"properties":{"geo_point_2d":{"lon":11.337337587625282,"lat":44.49565090887748},"id":"25","nomevia":"Bassi Ugo (Via)","civico":"14\/g","numposti":14}},{"type":"Feature","geometry":{"coordinates":[11.348829538083086,44.497574250298676],"type":"Point"},"properties":{"geo_point_2d":{"lon":11.348829538083086,"lat":44.497574250298676},"id":"29","nomevia":"Belle Arti (Via)","civico":"11-13","numposti":24}},{"type":"Feature","geometry":{"coordinates":[11.350124838615875,44.497647634799115],"type":"Point"},"properties":{"geo_point_2d":{"lon":11.350124838615875,"lat":44.497647634799115},"id":"30","nomevia":"Belle Arti (Via)","civico":"fr. 16","numposti":24}},{"type":"Feature","geometry":{"coordinates":[11.353188695628393,44.49767139696849],"type":"Point"},"properties":{"geo_point_2d":{"lon":11.353188695628393,"lat":44.49767139696849},"id":"33","nomevia":"Belle Arti (Via)","civico":"51","numposti":18}},{"type":"Feature","geometry":{"coordinates":[11.353468533575999,44.49769435138607],"type":"Point"},"properties":{"geo_point_2d":{"lon":11.353468533575999,"lat":44.49769435138607},"id":"34","nomevia":"Belle Arti (Via)","civico":"56","numposti":48}},{"type":"Feature","geometry":{"coordinates":[11.3419092738003,44.504467018711324],"type":"Point"},"properties":{"geo_point_2d":{"lon":11.3419092738003,"lat":44.504467018711324},"id":"43","nomevia":"Boldrini (Via)","civico":"5","numposti":8}},{"type":"Feature","geometry":{"coordinates":[11.338396539782467,44.4984124624783],"type":"Point"},"properties":{"geo_point_2d":{"lon":11.338396539782467,"lat":44.4984124624783},"id":"178","nomevia":"Marconi (Via)","civico":"41\/c-d","numposti":6}},{"type":"Feature","geometry":{"coordinates":[11.348398934231838,44.496468455971296],"type":"Point"},"properties":{"geo_point_2d":{"lon":11.348398934231838,"lat":44.496468455971296},"id":"188","nomevia":"Marsala (Via)","civico":"26","numposti":18}},{"type":"Feature","geometry":{"coordinates":[11.338730655951455,44.50515067030118],"type":"Point"},"properties":{"geo_point_2d":{"lon":11.338730655951455,"lat":44.50515067030118},"id":"246","nomevia":"Pietramellara (Viale)","civico":null,"numposti":10}},{"type":"Feature","geometry":{"coordinates":[11.342562483150255,44.49294922666122],"type":"Point"},"properties":{"geo_point_2d":{"lon":11.342562483150255,"lat":44.49294922666122},"id":"248","nomevia":"Pignattari (Via)","civico":"3\/h","numposti":8}},{"type":"Feature","geometry":{"coordinates":[11.33006832968395,44.49543284412582],"type":"Point"},"properties":{"geo_point_2d":{"lon":11.33006832968395,"lat":44.49543284412582},"id":"261","nomevia":"Pratello (Via)","civico":"90\/b","numposti":10}},{"type":"Feature","geometry":{"coordinates":[11.34122751672782,44.49384928907691],"type":"Point"},"properties":{"geo_point_2d":{"lon":11.34122751672782,"lat":44.49384928907691},"id":"269","nomevia":"Quattro Novembre (Via)","civico":"fr. 16","numposti":46}},{"type":"Feature","geometry":{"coordinates":[11.354936099433228,44.48550764563567],"type":"Point"},"properties":{"geo_point_2d":{"lon":11.354936099433228,"lat":44.48550764563567},"id":"348","nomevia":"Santo Stefano (Via)","civico":"119","numposti":16}},{"type":"Feature","geometry":{"coordinates":[11.349173209460801,44.493119315843146],"type":"Point"},"properties":{"geo_point_2d":{"lon":11.349173209460801,"lat":44.493119315843146},"id":"366","nomevia":"Strada Maggiore","civico":"23","numposti":6}},{"type":"Feature","geometry":{"coordinates":[11.355854612241398,44.49204385522679],"type":"Point"},"properties":{"geo_point_2d":{"lon":11.355854612241398,"lat":44.49204385522679},"id":"374","nomevia":"Torleone (Via)","civico":"15\/3","numposti":4}},{"type":"Feature","geometry":{"coordinates":[11.355283148879375,44.497905772804074],"type":"Point"},"properties":{"geo_point_2d":{"lon":11.355283148879375,"lat":44.497905772804074},"id":"390","nomevia":"Zamboni (Via)","civico":"63","numposti":4}},{"type":"Feature","geometry":{"coordinates":[11.344041433714729,44.4992125343921],"type":"Point"},"properties":{"geo_point_2d":{"lon":11.344041433714729,"lat":44.4992125343921},"id":"395","nomevia":"Righi (Via)","civico":null,"numposti":14}},{"type":"Feature","geometry":{"coordinates":[11.34628346339955,44.497918310021866],"type":"Point"},"properties":{"geo_point_2d":{"lon":11.34628346339955,"lat":44.497918310021866},"id":"397","nomevia":"Oberdan (Via)","civico":"35","numposti":16}},{"type":"Feature","geometry":{"coordinates":[11.335049097733947,44.49171583250291],"type":"Point"},"properties":{"geo_point_2d":{"lon":11.335049097733947,"lat":44.49171583250291},"id":"403","nomevia":"Nosadella (Via)","civico":"28","numposti":8}},{"type":"Feature","geometry":{"coordinates":[11.34641499841107,44.501665425594325],"type":"Point"},"properties":{"geo_point_2d":{"lon":11.34641499841107,"lat":44.501665425594325},"id":"408","nomevia":"Irnerio (Via)","civico":null,"numposti":14}},{"type":"Feature","geometry":{"coordinates":[11.340537196949496,44.496776332168864],"type":"Point"},"properties":{"geo_point_2d":{"lon":11.340537196949496,"lat":44.496776332168864},"id":"414","nomevia":"Parigi (Via)","civico":"7","numposti":8}},{"type":"Feature","geometry":{"coordinates":[11.343264556642126,44.48920920702025],"type":"Point"},"properties":{"geo_point_2d":{"lon":11.343264556642126,"lat":44.48920920702025},"id":"417","nomevia":"Garibaldi (Via)","civico":"6","numposti":16}},{"type":"Feature","geometry":{"coordinates":[11.347830143793692,44.48833015589265],"type":"Point"},"properties":{"geo_point_2d":{"lon":11.347830143793692,"lat":44.48833015589265},"id":"418","nomevia":"Castiglione (Via)","civico":"fr. 47\/2","numposti":12}},{"type":"Feature","geometry":{"coordinates":[11.352866679500874,44.50192721176047],"type":"Point"},"properties":{"geo_point_2d":{"lon":11.352866679500874,"lat":44.50192721176047},"id":"421","nomevia":"Mascarella (Piazza di Porta)","civico":"fr. 8","numposti":16}},{"type":"Feature","geometry":{"coordinates":[11.338884049733625,44.50361234366781],"type":"Point"},"properties":{"geo_point_2d":{"lon":11.338884049733625,"lat":44.50361234366781},"id":"423","nomevia":"Cairoli (Via)","civico":null,"numposti":8}}]}