{"type":"FeatureCollection","features":[{"type":"Feature","geometry":{"type":"Point","coordinates":[11.309905,44.477542]},"properties":{"nome_area":"CASAGLIA SCUOLE","tipologia_punto_di_interesse":"Fermate Tper","nome_punto_di_interesse":"VIA CASAGLIA 37"}},{"type":"Feature","geometry":{"type":"Point","coordinates":[11.299122,44.502319]},"properties":{"nome_area":"TOGLIATTI","tipologia_punto_di_interesse":"Fermate Tper","nome_punto_di_interesse":"VIALE TOGLIATTI FR 5"}},{"type":"Feature","geometry":{"type":"Point","coordinates":[11.304173,44.492917]},"properties":{"nome_area":"CERTOSA","tipologia_punto_di_interesse":"Fermate Tper","nome_punto_di_interesse":"VIA COSTA A. 226\/D"}},{"type":"Feature","geometry":{"type":"Point","coordinates":[11.365519,44.483452]},"properties":{"nome_area":"MEZZOFANTI","tipologia_punto_di_interesse":"Fermate Tper","nome_punto_di_interesse":"VIA MEZZOFANTI 26"}},{"type":"Feature","geometry":{"type":"Point","coordinates":[11.373763,44.483938]},"properties":{"nome_area":"FERMI","tipologia_punto_di_interesse":"Fermate Tper","nome_punto_di_interesse":"VIA EMILIA LEVANTE 6\/5"}},{"type":"Feature","geometry":{"type":"Point","coordinates":[11.313431,44.491983]},"properties":{"nome_area":"XXI APRILE MARTINI","tipologia_punto_di_interesse":"Fermate Tper","nome_punto_di_interesse":"VIA XXI APRILE 29"}},{"type":"Feature","geometry":{"type":"Point","coordinates":[11.354512,44.501784]},"properties":{"nome_area":"PORTA MASCARELLA","tipologia_punto_di_interesse":"Fermate Tper","nome_punto_di_interesse":"VIALE BERTI PICHAT 2\/B"}},{"type":"Feature","geometry":{"type":"Point","coordinates":[11.385632,44.471537]},"properties":{"nome_area":"MAZZONI","tipologia_punto_di_interesse":"Fermate Tper","nome_punto_di_interesse":"VIA MAZZONI FR 2"}},{"type":"Feature","geometry":{"type":"Point","coordinates":[11.417807,44.52755]},"properties":{"nome_area":"FRULLO (BIVIO)","tipologia_punto_di_interesse":"Fermate Tper","nome_punto_di_interesse":"VIA SAN DONATO 217"}},{"type":"Feature","geometry":{"type":"Point","coordinates":[11.319548,44.462924]},"properties":{"nome_area":"GAIBOLA CHIESA","tipologia_punto_di_interesse":"Fermate Tper","nome_punto_di_interesse":"VIA GAIBOLA FR 23"}},{"type":"Feature","geometry":{"type":"Point","coordinates":[11.342069,44.517416]},"properties":{"nome_area":"ARCOVEGGIO CHIESA","tipologia_punto_di_interesse":"Fermate Tper","nome_punto_di_interesse":"VIA FIORAVANTI 119\/D"}},{"type":"Feature","geometry":{"type":"Point","coordinates":[11.274847,44.504003]},"properties":{"nome_area":"CASTELDEBOLE","tipologia_punto_di_interesse":"Fermate Tper","nome_punto_di_interesse":"VIA GALEAZZA"}},{"type":"Feature","geometry":{"type":"Point","coordinates":[11.296454,44.488203]},"properties":{"nome_area":"TREVES","tipologia_punto_di_interesse":"Fermate Tper","nome_punto_di_interesse":"VIA DON STURZO FRONTE P.L.27"}},{"type":"Feature","geometry":{"type":"Point","coordinates":[11.343645,44.491142]},"properties":{"nome_area":"PIAZZA CAVOUR","tipologia_punto_di_interesse":"Fermate Tper","nome_punto_di_interesse":"PIAZZA CAVOUR 6"}},{"type":"Feature","geometry":{"type":"Point","coordinates":[11.357638,44.48384]},"properties":{"nome_area":"PORTA SANTO STEFANO","tipologia_punto_di_interesse":"Fermate Tper","nome_punto_di_interesse":"VIA MURRI 4\/D"}},{"type":"Feature","geometry":{"type":"Point","coordinates":[11.407649,44.500928]},"properties":{"nome_area":"FRESATORE","tipologia_punto_di_interesse":"Fermate Tper","nome_punto_di_interesse":"VIA DEL FRESATORE P.L. 12"}},{"type":"Feature","geometry":{"type":"Point","coordinates":[11.366764,44.486559]},"properties":{"nome_area":"ALEMANNI","tipologia_punto_di_interesse":"Fermate Tper","nome_punto_di_interesse":"VIA MAZZINI 140"}},{"type":"Feature","geometry":{"type":"Point","coordinates":[11.396597,44.518238]},"properties":{"nome_area":"MENARINI","tipologia_punto_di_interesse":"Fermate Tper","nome_punto_di_interesse":"VIA SAN DONATO 190"}},{"type":"Feature","geometry":{"type":"Point","coordinates":[11.259249,44.514125]},"properties":{"nome_area":"CAVALIERI DUCATI","tipologia_punto_di_interesse":"Fermate Tper","nome_punto_di_interesse":"VIA DUCATI 7\/4"}},{"type":"Feature","geometry":{"type":"Point","coordinates":[11.323082,44.495271]},"properties":{"nome_area":"SAN PAOLO RAVONE","tipologia_punto_di_interesse":"Fermate Tper","nome_punto_di_interesse":"VIA COSTA A. 48-50"}},{"type":"Feature","geometry":{"type":"Point","coordinates":[11.314929,44.484714]},"properties":{"nome_area":"SCUOLE CARRACCI","tipologia_punto_di_interesse":"Fermate Tper","nome_punto_di_interesse":"VIA RAVONE FR P.L. 3"}},{"type":"Feature","geometry":{"type":"Point","coordinates":[11.331994,44.50176]},"properties":{"nome_area":"PORTA LAME","tipologia_punto_di_interesse":"Fermate Tper","nome_punto_di_interesse":"VIALE SILVANI 11\/E"}},{"type":"Feature","geometry":{"type":"Point","coordinates":[11.383743,44.479796]},"properties":{"nome_area":"BITONE","tipologia_punto_di_interesse":"Fermate Tper","nome_punto_di_interesse":"VIA BELLARIA 2"}},{"type":"Feature","geometry":{"type":"Point","coordinates":[11.38177,44.478289]},"properties":{"nome_area":"VENEZIA GIULIA","tipologia_punto_di_interesse":"Fermate Tper","nome_punto_di_interesse":"VIA FRIULI-VENEZIA GIULIA FR 8"}},{"type":"Feature","geometry":{"type":"Point","coordinates":[11.360771,44.47859]},"properties":{"nome_area":"CARUSO","tipologia_punto_di_interesse":"Fermate Tper","nome_punto_di_interesse":"VIA SIEPELUNGA 24"}},{"type":"Feature","geometry":{"type":"Point","coordinates":[11.38061,44.470472]},"properties":{"nome_area":"CHERUBINI","tipologia_punto_di_interesse":"Fermate Tper","nome_punto_di_interesse":"VIA CAVAZZONI 4"}},{"type":"Feature","geometry":{"type":"Point","coordinates":[11.23906,44.530007]},"properties":{"nome_area":"LAVINO DI MEZZO CHIESA","tipologia_punto_di_interesse":"Fermate Tper","nome_punto_di_interesse":"VIA LEPIDO FR P.L. 260"}},{"type":"Feature","geometry":{"type":"Point","coordinates":[11.359129,44.448141]},"properties":{"nome_area":"TOSCANA PAVESE 2","tipologia_punto_di_interesse":"Fermate Tper","nome_punto_di_interesse":"VIA TOSCANA 233"}},{"type":"Feature","geometry":{"type":"Point","coordinates":[11.374022,44.503009]},"properties":{"nome_area":"BEOLCO","tipologia_punto_di_interesse":"Fermate Tper","nome_punto_di_interesse":"VIA ANDREINI FR 23\/B"}},{"type":"Feature","geometry":{"type":"Point","coordinates":[11.312196,44.490009]},"properties":{"nome_area":"MELONCELLO","tipologia_punto_di_interesse":"Fermate Tper","nome_punto_di_interesse":"VIA SARAGOZZA FR 225\/A"}},{"type":"Feature","geometry":{"type":"Point","coordinates":[11.315039,44.503708]},"properties":{"nome_area":"OSPEDALE MAGGIORE","tipologia_punto_di_interesse":"Fermate Tper","nome_punto_di_interesse":"VIA EMILIA PONENTE FR BANCA DI CREDITO"}},{"type":"Feature","geometry":{"type":"Point","coordinates":[11.395799,44.513511]},"properties":{"nome_area":"NEGRI","tipologia_punto_di_interesse":"Fermate Tper","nome_punto_di_interesse":"VIA SALGARI FR 65"}},{"type":"Feature","geometry":{"type":"Point","coordinates":[11.334171,44.490102]},"properties":{"nome_area":"NOSADELLA","tipologia_punto_di_interesse":"Fermate Tper","nome_punto_di_interesse":"VIA SARAGOZZA 39\/B"}},{"type":"Feature","geometry":{"type":"Point","coordinates":[11.377326,44.465148]},"properties":{"nome_area":"ALBORNOZ","tipologia_punto_di_interesse":"Fermate Tper","nome_punto_di_interesse":"VIA BATTAGLIA 27"}},{"type":"Feature","geometry":{"type":"Point","coordinates":[11.346696,44.494455]},"properties":{"nome_area":"Piazza Porta Ravegnana","tipologia_punto_di_interesse":"Fermate Tper","nome_punto_di_interesse":"PIAZZA DI PORTA RAVEGNANA 2C"}},{"type":"Feature","geometry":{"type":"Point","coordinates":[11.346975,44.485753]},"properties":{"nome_area":"XII GIUGNO","tipologia_punto_di_interesse":"Fermate Tper","nome_punto_di_interesse":"VIALE XII GIUGNO 15\/2"}},{"type":"Feature","geometry":{"type":"Point","coordinates":[11.399981,44.464278]},"properties":{"nome_area":"CROARA BIVIO","tipologia_punto_di_interesse":"Fermate Tper","nome_punto_di_interesse":"VIA ALTURA 13"}},{"type":"Feature","geometry":{"type":"Point","coordinates":[11.341158,44.507559]},"properties":{"nome_area":"CARRACCI PEOPLE MOVER","tipologia_punto_di_interesse":"Fermate Tper","nome_punto_di_interesse":null}},{"type":"Feature","geometry":{"type":"Point","coordinates":[11.363462,44.474546]},"properties":{"nome_area":"VILLA HERCOLANI","tipologia_punto_di_interesse":"Fermate Tper","nome_punto_di_interesse":"VIA MOLINELLI 23"}},{"type":"Feature","geometry":{"type":"Point","coordinates":[11.295174,44.487958]},"properties":{"nome_area":"MILANI","tipologia_punto_di_interesse":"Fermate Tper","nome_punto_di_interesse":"VIA DON STURZO 45\/H"}},{"type":"Feature","geometry":{"type":"Point","coordinates":[11.285881,44.527531]},"properties":{"nome_area":"VILLA SALTARELLI@","tipologia_punto_di_interesse":"Fermate Tper","nome_punto_di_interesse":"VIA DELL`AEROPORTO 14-30\/3"}},{"type":"Feature","geometry":{"type":"Point","coordinates":[11.313263,44.435558]},"properties":{"nome_area":"LUMIERA","tipologia_punto_di_interesse":"Fermate Tper","nome_punto_di_interesse":"VIA SABBIUNO 4"}},{"type":"Feature","geometry":{"type":"Point","coordinates":[11.35941,44.497218]},"properties":{"nome_area":"ZANOLINI","tipologia_punto_di_interesse":"Fermate Tper","nome_punto_di_interesse":null}},{"type":"Feature","geometry":{"type":"Point","coordinates":[11.278428,44.505192]},"properties":{"nome_area":"DE NICOLA","tipologia_punto_di_interesse":"Fermate Tper","nome_punto_di_interesse":"VIA DE NICOLA 11"}},{"type":"Feature","geometry":{"type":"Point","coordinates":[11.324636,44.517278]},"properties":{"nome_area":"OCA","tipologia_punto_di_interesse":"Fermate Tper","nome_punto_di_interesse":"VIA ZANARDI 90"}},{"type":"Feature","geometry":{"type":"Point","coordinates":[11.397007,44.499072]},"properties":{"nome_area":"CERAMISTA","tipologia_punto_di_interesse":"Fermate Tper","nome_punto_di_interesse":"VIA CERAMISTA P.L. 13"}},{"type":"Feature","geometry":{"type":"Point","coordinates":[11.315436,44.533417]},"properties":{"nome_area":"NOCE","tipologia_punto_di_interesse":"Fermate Tper","nome_punto_di_interesse":"VIA ZANARDI 395"}},{"type":"Feature","geometry":{"type":"Point","coordinates":[11.33748,44.497057]},"properties":{"nome_area":"MARCONI","tipologia_punto_di_interesse":"Fermate Tper","nome_punto_di_interesse":"VIA MARCONI 16\/F"}},{"type":"Feature","geometry":{"type":"Point","coordinates":[11.347203,44.530914]},"properties":{"nome_area":"COOPERAZIONE","tipologia_punto_di_interesse":"Fermate Tper","nome_punto_di_interesse":"VIA ARCOVEGGIO FR P.L. 57"}},{"type":"Feature","geometry":{"type":"Point","coordinates":[11.30946,44.490173]},"properties":{"nome_area":"BIVIO SAN LUCA","tipologia_punto_di_interesse":"Fermate Tper","nome_punto_di_interesse":"VIA PORRETTANA 30\/A"}},{"type":"Feature","geometry":{"type":"Point","coordinates":[11.36337,44.487827]},"properties":{"nome_area":"ALBERTONI","tipologia_punto_di_interesse":"Fermate Tper","nome_punto_di_interesse":"VIA MAZZINI 96"}},{"type":"Feature","geometry":{"type":"Point","coordinates":[11.370877,44.490291]},"properties":{"nome_area":"ARPA","tipologia_punto_di_interesse":"Fermate Tper","nome_punto_di_interesse":"VIA VIZZANI 56"}},{"type":"Feature","geometry":{"type":"Point","coordinates":[11.321626,44.491231]},"properties":{"nome_area":"TURATI","tipologia_punto_di_interesse":"Fermate Tper","nome_punto_di_interesse":"VIA TURATI 67"}},{"type":"Feature","geometry":{"type":"Point","coordinates":[11.375292,44.462732]},"properties":{"nome_area":"CORTICELLI","tipologia_punto_di_interesse":"Fermate Tper","nome_punto_di_interesse":"VIA CORELLI FR P.L. 22"}},{"type":"Feature","geometry":{"type":"Point","coordinates":[11.283719,44.514412]},"properties":{"nome_area":"BORGO PANIGALE STAZIONE","tipologia_punto_di_interesse":"Fermate Tper","nome_punto_di_interesse":"VIA EMILIA PONENTE P.L. 193"}},{"type":"Feature","geometry":{"type":"Point","coordinates":[11.38563,44.469962]},"properties":{"nome_area":"FIRENZE","tipologia_punto_di_interesse":"Fermate Tper","nome_punto_di_interesse":"VIA FIRENZE 18"}},{"type":"Feature","geometry":{"type":"Point","coordinates":[11.365058,44.452736]},"properties":{"nome_area":"TOSCANA PIETRO DA ANZOLA","tipologia_punto_di_interesse":"Fermate Tper","nome_punto_di_interesse":"VIA TOSCANA 194"}},{"type":"Feature","geometry":{"type":"Point","coordinates":[11.295295,44.497769]},"properties":{"nome_area":"BATTINDARNO VERONESE","tipologia_punto_di_interesse":"Fermate Tper","nome_punto_di_interesse":"VIA BATTINDARNO 360"}},{"type":"Feature","geometry":{"type":"Point","coordinates":[11.303077,44.491274]},"properties":{"nome_area":"FUNIVIA","tipologia_punto_di_interesse":"Fermate Tper","nome_punto_di_interesse":"VIA PORRETTANA FR 150"}},{"type":"Feature","geometry":{"type":"Point","coordinates":[11.324336,44.51858]},"properties":{"nome_area":"USODIMARE","tipologia_punto_di_interesse":"Fermate Tper","nome_punto_di_interesse":"VIA DE GAMA FR 3"}},{"type":"Feature","geometry":{"type":"Point","coordinates":[11.315395,44.496498]},"properties":{"nome_area":"MONTEFIORINO","tipologia_punto_di_interesse":"Fermate Tper","nome_punto_di_interesse":"VIA MONTEFIORINO 12\/C"}},{"type":"Feature","geometry":{"type":"Point","coordinates":[11.345324,44.504152]},"properties":{"nome_area":"AUTOSTAZIONE","tipologia_punto_di_interesse":"Fermate Tper","nome_punto_di_interesse":"PIAZZA XX SETTEMBRE (PENSILINA P)"}},{"type":"Feature","geometry":{"type":"Point","coordinates":[11.32943,44.494547]},"properties":{"nome_area":"PORTA SANT`ISAIA","tipologia_punto_di_interesse":"Fermate Tper","nome_punto_di_interesse":"VIA SANT`ISAIA 75\/2"}},{"type":"Feature","geometry":{"type":"Point","coordinates":[11.384821,44.477253]},"properties":{"nome_area":"LOMBARDIA","tipologia_punto_di_interesse":"Fermate Tper","nome_punto_di_interesse":"VIA LOMBARDIA 16"}},{"type":"Feature","geometry":{"type":"Point","coordinates":[11.360783,44.478896]},"properties":{"nome_area":"CARUSO","tipologia_punto_di_interesse":"Fermate Tper","nome_punto_di_interesse":"VIA SIEPELUNGA FR P.L. 8"}},{"type":"Feature","geometry":{"type":"Point","coordinates":[11.326634,44.499826]},"properties":{"nome_area":"PORTA SAN FELICE","tipologia_punto_di_interesse":"Fermate Tper","nome_punto_di_interesse":"VIA DELLO SCALO Fr 1"}},{"type":"Feature","geometry":{"type":"Point","coordinates":[11.287656,44.543943]},"properties":{"nome_area":"LIPPO CASE GNUDI","tipologia_punto_di_interesse":"Fermate Tper","nome_punto_di_interesse":"VIA SANT`ANNA FR 5"}},{"type":"Feature","geometry":{"type":"Point","coordinates":[11.345023,44.485667]},"properties":{"nome_area":"PARCHEGGIO STAVECO","tipologia_punto_di_interesse":"Fermate Tper","nome_punto_di_interesse":"VIALE PANZACCHI 10"}},{"type":"Feature","geometry":{"type":"Point","coordinates":[11.37289,44.494327]},"properties":{"nome_area":"RIMESSE","tipologia_punto_di_interesse":"Fermate Tper","nome_punto_di_interesse":"VIA RIMESSE FR 4M"}},{"type":"Feature","geometry":{"type":"Point","coordinates":[11.341104,44.516905]},"properties":{"nome_area":"BARBIERI","tipologia_punto_di_interesse":"Fermate Tper","nome_punto_di_interesse":"VIA BARBIERI 105"}},{"type":"Feature","geometry":{"type":"Point","coordinates":[11.34279,44.519094]},"properties":{"nome_area":"PALESTRA IPPODROMO","tipologia_punto_di_interesse":"Fermate Tper","nome_punto_di_interesse":"VIA ARCOVEGGIO 24-26"}},{"type":"Feature","geometry":{"type":"Point","coordinates":[11.351318,44.508386]},"properties":{"nome_area":"BIGARI","tipologia_punto_di_interesse":"Fermate Tper","nome_punto_di_interesse":"VIA SEBASTIANO SERLIO 24\/2"}},{"type":"Feature","geometry":{"type":"Point","coordinates":[11.346056,44.508296]},"properties":{"nome_area":"SACRO CUORE","tipologia_punto_di_interesse":"Fermate Tper","nome_punto_di_interesse":"VIA TIARINI 1"}},{"type":"Feature","geometry":{"type":"Point","coordinates":[11.357475,44.547789]},"properties":{"nome_area":"ZANICHELLI","tipologia_punto_di_interesse":"Fermate Tper","nome_punto_di_interesse":"VIA SANT`ANNA FR 5\/B"}},{"type":"Feature","geometry":{"type":"Point","coordinates":[11.328706,44.518986]},"properties":{"nome_area":"MARCO POLO","tipologia_punto_di_interesse":"Fermate Tper","nome_punto_di_interesse":"VIA POLO P.L. 29"}},{"type":"Feature","geometry":{"type":"Point","coordinates":[11.3285,44.521727]},"properties":{"nome_area":"DE GAMA","tipologia_punto_di_interesse":"Fermate Tper","nome_punto_di_interesse":"VIA DE GAMA 35"}},{"type":"Feature","geometry":{"type":"Point","coordinates":[11.371572,44.489142]},"properties":{"nome_area":"MENGOLI","tipologia_punto_di_interesse":"Fermate Tper","nome_punto_di_interesse":"VIA MENGOLI 23"}},{"type":"Feature","geometry":{"type":"Point","coordinates":[11.336545,44.502945]},"properties":{"nome_area":"DON MINZONI - MAMBO","tipologia_punto_di_interesse":"Fermate Tper","nome_punto_di_interesse":"VIA DON MINZONI 15"}},{"type":"Feature","geometry":{"type":"Point","coordinates":[11.281356,44.492872]},"properties":{"nome_area":"CENTRO SPORTIVO BARCA","tipologia_punto_di_interesse":"Fermate Tper","nome_punto_di_interesse":"VIA SANZIO P.L. 17"}},{"type":"Feature","geometry":{"type":"Point","coordinates":[11.264463,44.521089]},"properties":{"nome_area":"VILLAGGIO INA","tipologia_punto_di_interesse":"Fermate Tper","nome_punto_di_interesse":"VIA LEPIDO 184"}},{"type":"Feature","geometry":{"type":"Point","coordinates":[11.292271,44.466824]},"properties":{"nome_area":"MONTE ALBANO GESSAROLI","tipologia_punto_di_interesse":"Fermate Tper","nome_punto_di_interesse":"VIA MONTE ALBANO FR 17"}},{"type":"Feature","geometry":{"type":"Point","coordinates":[11.29739,44.501778]},"properties":{"nome_area":"DEPOSITO BATTINDARNO","tipologia_punto_di_interesse":"Fermate Tper","nome_punto_di_interesse":"VIA BATTINDARNO 300"}},{"type":"Feature","geometry":{"type":"Point","coordinates":[11.345998,44.494298]},"properties":{"nome_area":"RIZZOLI","tipologia_punto_di_interesse":"Fermate Tper","nome_punto_di_interesse":"VIA RIZZOLI 7\/H"}},{"type":"Feature","geometry":{"type":"Point","coordinates":[11.29423,44.503957]},"properties":{"nome_area":"CENTRO VITTORIA - MAST","tipologia_punto_di_interesse":"Fermate Tper","nome_punto_di_interesse":"VIALE TOGLIATTI FR P.L. 58"}},{"type":"Feature","geometry":{"type":"Point","coordinates":[11.422363,44.498429]},"properties":{"nome_area":"VILLANOVA MATTEI","tipologia_punto_di_interesse":"Fermate Tper","nome_punto_di_interesse":"VIA TOSARELLI 434"}},{"type":"Feature","geometry":{"type":"Point","coordinates":[11.382171,44.51746]},"properties":{"nome_area":"CADRIANO EUROPA","tipologia_punto_di_interesse":"Fermate Tper","nome_punto_di_interesse":"VIA CADRIANO P.L. 13703"}},{"type":"Feature","geometry":{"type":"Point","coordinates":[11.320216,44.49532]},"properties":{"nome_area":"CROCETTA","tipologia_punto_di_interesse":"Fermate Tper","nome_punto_di_interesse":"VIA COSTA A. 76\/2\/D"}},{"type":"Feature","geometry":{"type":"Point","coordinates":[11.342558,44.505145]},"properties":{"nome_area":"STAZIONE CENTRALE","tipologia_punto_di_interesse":"Fermate Tper","nome_punto_di_interesse":"VIALE PIETRAMELLARA 51 (FERMATA F)"}},{"type":"Feature","geometry":{"type":"Point","coordinates":[11.345202,44.504253]},"properties":{"nome_area":"AUTOSTAZIONE","tipologia_punto_di_interesse":"Fermate Tper","nome_punto_di_interesse":"PIAZZA XX SETTEMBRE FR 6 (PENSILINA N)"}},{"type":"Feature","geometry":{"type":"Point","coordinates":[11.371988,44.455662]},"properties":{"nome_area":"ROTONDA CORELLI","tipologia_punto_di_interesse":"Fermate Tper","nome_punto_di_interesse":"VIA CORELLI LATO EST RACCHETTA INVERSION"}},{"type":"Feature","geometry":{"type":"Point","coordinates":[11.3382425554,44.4902808376]},"properties":{"nome_area":"Piazza Maggiore \/ Podest\u00e0","tipologia_punto_di_interesse":"Pista ciclopedonale","nome_punto_di_interesse":null}},{"type":"Feature","geometry":{"type":"Point","coordinates":[11.3342900452,44.5030588883]},"properties":{"nome_area":"Parco del Cavaticcio","tipologia_punto_di_interesse":"Pista ciclopedonale","nome_punto_di_interesse":null}},{"type":"Feature","geometry":{"type":"Point","coordinates":[11.3520696313,44.4968243527]},"properties":{"nome_area":"Piazza Maggiore \/ Podest\u00e0","tipologia_punto_di_interesse":"Pista ciclopedonale","nome_punto_di_interesse":null}},{"type":"Feature","geometry":{"type":"Point","coordinates":[11.3376267919,44.5004740587]},"properties":{"nome_area":"Parco 11 Settembre 2003","tipologia_punto_di_interesse":"Pista ciclopedonale","nome_punto_di_interesse":null}},{"type":"Feature","geometry":{"type":"Point","coordinates":[11.3612226494,44.5017348287]},"properties":{"nome_area":"Archivio Storico Comunale","tipologia_punto_di_interesse":"Pista ciclopedonale","nome_punto_di_interesse":null}},{"type":"Feature","geometry":{"type":"Point","coordinates":[11.3520696313,44.4968243527]},"properties":{"nome_area":"Piazza Verdi","tipologia_punto_di_interesse":"Pista ciclopedonale","nome_punto_di_interesse":null}},{"type":"Feature","geometry":{"type":"Point","coordinates":[11.352211261,44.4848951435]},"properties":{"nome_area":"Giardini Margherita","tipologia_punto_di_interesse":"Pista ciclopedonale","nome_punto_di_interesse":"VIALE GIOVANNI GOZZADINI"}},{"type":"Feature","geometry":{"type":"Point","coordinates":[11.343706,44.504073]},"properties":{"nome_area":null,"tipologia_punto_di_interesse":"Rastrelliera Bici","nome_punto_di_interesse":"Boldrini\/Gramsci  (140 posti biciclette)"}},{"type":"Feature","geometry":{"type":"Point","coordinates":[11.342912,44.50741]},"properties":{"nome_area":null,"tipologia_punto_di_interesse":"Rastrelliera Bici","nome_punto_di_interesse":"De Maria (ang. via Carracci 40 posti bici)"}},{"type":"Feature","geometry":{"type":"Point","coordinates":[11.353324,44.497662]},"properties":{"nome_area":null,"tipologia_punto_di_interesse":"Rastrelliera Bici","nome_punto_di_interesse":"Belle arti, 56"}},{"type":"Feature","geometry":{"type":"Point","coordinates":[11.344092,44.491268]},"properties":{"nome_area":null,"tipologia_punto_di_interesse":"Rastrelliera Bici","nome_punto_di_interesse":"Cavour, 1 e 4"}},{"type":"Feature","geometry":{"type":"Point","coordinates":[11.343995,44.507272]},"properties":{"nome_area":null,"tipologia_punto_di_interesse":"Rastrelliera Bici","nome_punto_di_interesse":"De Vincenzo (ang. via Carracci 40 posti bici)"}},{"type":"Feature","geometry":{"type":"Point","coordinates":[11.329313,44.496716]},"properties":{"nome_area":null,"tipologia_punto_di_interesse":"Rastrelliera Bici","nome_punto_di_interesse":"Santa Croce, 16\/e"}},{"type":"Feature","geometry":{"type":"Point","coordinates":[11.339371,44.500687]},"properties":{"nome_area":null,"tipologia_punto_di_interesse":"Rastrelliera Bici","nome_punto_di_interesse":"Marconi, 67 e 69"}},{"type":"Feature","geometry":{"type":"Point","coordinates":[11.344956,44.505435]},"properties":{"nome_area":null,"tipologia_punto_di_interesse":"Rastrelliera Bici","nome_punto_di_interesse":"Pietramellara (ang. Matteotti 360 posti bici)"}},{"type":"Feature","geometry":{"type":"Point","coordinates":[11.332049,44.495468]},"properties":{"nome_area":null,"tipologia_punto_di_interesse":"Rastrelliera Bici","nome_punto_di_interesse":"Del Pratello, 52"}},{"type":"Feature","geometry":{"type":"Point","coordinates":[11.349424,44.501698]},"properties":{"nome_area":null,"tipologia_punto_di_interesse":"Rastrelliera Bici","nome_punto_di_interesse":"Finelli, 3\/d"}},{"type":"Feature","geometry":{"type":"Point","coordinates":[11.346066,44.492172]},"properties":{"nome_area":null,"tipologia_punto_di_interesse":"Rastrelliera Bici","nome_punto_di_interesse":"Piazza del Francia, 3"}},{"type":"Feature","geometry":{"type":"Point","coordinates":[11.348665,44.495338]},"properties":{"nome_area":null,"tipologia_punto_di_interesse":"Rastrelliera Bici","nome_punto_di_interesse":"Rossini Piazza, 4"}},{"type":"Feature","geometry":{"type":"Point","coordinates":[11.35091,44.500259]},"properties":{"nome_area":null,"tipologia_punto_di_interesse":"Rastrelliera Bici","nome_punto_di_interesse":"Mascarella, 70"}},{"type":"Feature","geometry":{"type":"Point","coordinates":[11.330643,44.494213]},"properties":{"nome_area":null,"tipologia_punto_di_interesse":"Rastrelliera Bici","nome_punto_di_interesse":"Sant'Isaia, 88"}},{"type":"Feature","geometry":{"type":"Point","coordinates":[11.335882,44.491699]},"properties":{"nome_area":null,"tipologia_punto_di_interesse":"Rastrelliera Bici","nome_punto_di_interesse":"Senzanome, 3"}},{"type":"Feature","geometry":{"type":"Point","coordinates":[11.343813,44.501399]},"properties":{"nome_area":null,"tipologia_punto_di_interesse":"Rastrelliera Bici","nome_punto_di_interesse":"Dei Mille, 5"}},{"type":"Feature","geometry":{"type":"Point","coordinates":[11.3835906585,44.4760349905]},"properties":{"nome_area":null,"tipologia_punto_di_interesse":"Zona 30","nome_punto_di_interesse":"Bellaria"}},{"type":"Feature","geometry":{"type":"Point","coordinates":[11.2710369338,44.5209622074]},"properties":{"nome_area":null,"tipologia_punto_di_interesse":"Zona 30","nome_punto_di_interesse":"Villaggio INA"}},{"type":"Feature","geometry":{"type":"Point","coordinates":[11.3276641886,44.5020558536]},"properties":{"nome_area":null,"tipologia_punto_di_interesse":"Zona 30","nome_punto_di_interesse":"Malvasia"}},{"type":"Feature","geometry":{"type":"Point","coordinates":[11.3431496372,44.5000290726]},"properties":{"nome_area":"Piazza Maggiore \/ Podest\u00e0","tipologia_punto_di_interesse":"Zona pedonale","nome_punto_di_interesse":"VIA SAN GIUSEPPE"}},{"type":"Feature","geometry":{"type":"Point","coordinates":[11.3481047397,44.4920837846]},"properties":{"nome_area":"Piazza Maggiore \/ Podest\u00e0","tipologia_punto_di_interesse":"Zona pedonale","nome_punto_di_interesse":"CORTE ISOLANI"}},{"type":"Feature","geometry":{"type":"Point","coordinates":[11.3421775577,44.4927615629]},"properties":{"nome_area":"Piazza Maggiore \/ Podest\u00e0","tipologia_punto_di_interesse":"Zona pedonale","nome_punto_di_interesse":"VIA D'AZEGLIO"}},{"type":"Feature","geometry":{"type":"Point","coordinates":[11.307968,44.499215]},"properties":{"nome_area":"CHIESA CERTOSA","tipologia_punto_di_interesse":"Fermate Tper","nome_punto_di_interesse":"VIALE GANDHI P.L. 40"}},{"type":"Feature","geometry":{"type":"Point","coordinates":[11.387763,44.47323]},"properties":{"nome_area":"FAENZA","tipologia_punto_di_interesse":"Fermate Tper","nome_punto_di_interesse":"VIA ARNO 32"}},{"type":"Feature","geometry":{"type":"Point","coordinates":[11.346172,44.507114]},"properties":{"nome_area":"MATTEOTTI ALTA VELOCITA`","tipologia_punto_di_interesse":"Fermate Tper","nome_punto_di_interesse":"VIA MATTEOTTI CIV 21"}},{"type":"Feature","geometry":{"type":"Point","coordinates":[11.336421,44.49417]},"properties":{"nome_area":"PIAZZA MALPIGHI","tipologia_punto_di_interesse":"Fermate Tper","nome_punto_di_interesse":"PIAZZA MALPIGHI 8\/D"}},{"type":"Feature","geometry":{"type":"Point","coordinates":[11.361534,44.492825]},"properties":{"nome_area":"OSPEDALE SANT`ORSOLA","tipologia_punto_di_interesse":"Fermate Tper","nome_punto_di_interesse":"VIA MASSARENTI FR 78"}},{"type":"Feature","geometry":{"type":"Point","coordinates":[11.324831,44.500025]},"properties":{"nome_area":"SAN PIO V","tipologia_punto_di_interesse":"Fermate Tper","nome_punto_di_interesse":"VIA SAFFI 12"}},{"type":"Feature","geometry":{"type":"Point","coordinates":[11.353732,44.501773]},"properties":{"nome_area":"PORTA MASCARELLA","tipologia_punto_di_interesse":"Fermate Tper","nome_punto_di_interesse":"VIALE BERTI PICHAT 1"}},{"type":"Feature","geometry":{"type":"Point","coordinates":[11.315196,44.533062]},"properties":{"nome_area":"NOCE","tipologia_punto_di_interesse":"Fermate Tper","nome_punto_di_interesse":"VIA ZANARDI 480"}},{"type":"Feature","geometry":{"type":"Point","coordinates":[11.371749,44.511474]},"properties":{"nome_area":"FIERA VIALE EUROPA","tipologia_punto_di_interesse":"Fermate Tper","nome_punto_di_interesse":"VIALE EUROPA FR CIV 5"}},{"type":"Feature","geometry":{"type":"Point","coordinates":[11.2927,44.52942]},"properties":{"nome_area":"AEROPORTO","tipologia_punto_di_interesse":"Fermate Tper","nome_punto_di_interesse":"AEROPORTO ARRIVI TERMINAL A"}},{"type":"Feature","geometry":{"type":"Point","coordinates":[11.370592,44.507159]},"properties":{"nome_area":"FERRAVILLA","tipologia_punto_di_interesse":"Fermate Tper","nome_punto_di_interesse":"VIA FERRAVILLA 17"}},{"type":"Feature","geometry":{"type":"Point","coordinates":[11.353729,44.507949]},"properties":{"nome_area":"DOPOLAVORO FERROVIARIO","tipologia_punto_di_interesse":"Fermate Tper","nome_punto_di_interesse":"VIA SEBASTIANO SERLIO FR 28"}},{"type":"Feature","geometry":{"type":"Point","coordinates":[11.34802,44.534318]},"properties":{"nome_area":"DON BEDETTI","tipologia_punto_di_interesse":"Fermate Tper","nome_punto_di_interesse":"VIA ARCOVEGGIO P.L. 70"}},{"type":"Feature","geometry":{"type":"Point","coordinates":[11.321514,44.521662]},"properties":{"nome_area":"SELVA PESCAROLA","tipologia_punto_di_interesse":"Fermate Tper","nome_punto_di_interesse":"VIA ZANARDI 175\/B"}},{"type":"Feature","geometry":{"type":"Point","coordinates":[11.301496,44.514064]},"properties":{"nome_area":"C.S. PONTELUNGO","tipologia_punto_di_interesse":"Fermate Tper","nome_punto_di_interesse":"VIA AGUCCHI FR 84"}},{"type":"Feature","geometry":{"type":"Point","coordinates":[11.299397,44.508363]},"properties":{"nome_area":"BERNARDI","tipologia_punto_di_interesse":"Fermate Tper","nome_punto_di_interesse":"VIA EMILIA PONENTE 211\/A"}},{"type":"Feature","geometry":{"type":"Point","coordinates":[11.384798,44.511841]},"properties":{"nome_area":"CADRIANO BIVIO","tipologia_punto_di_interesse":"Fermate Tper","nome_punto_di_interesse":"VIA SAN DONATO P.L. 62"}},{"type":"Feature","geometry":{"type":"Point","coordinates":[11.258525,44.54618]},"properties":{"nome_area":"BARGELLINO","tipologia_punto_di_interesse":"Fermate Tper","nome_punto_di_interesse":"VIA PERSICETANA 58"}},{"type":"Feature","geometry":{"type":"Point","coordinates":[11.323488,44.492823]},"properties":{"nome_area":"PIAZZA VOLTA","tipologia_punto_di_interesse":"Fermate Tper","nome_punto_di_interesse":"VIA RONCATI 21"}},{"type":"Feature","geometry":{"type":"Point","coordinates":[11.361504,44.450325]},"properties":{"nome_area":"TOSCANA PAVESE 1","tipologia_punto_di_interesse":"Fermate Tper","nome_punto_di_interesse":"VIA TOSCANA P.L. 188"}},{"type":"Feature","geometry":{"type":"Point","coordinates":[11.366512,44.50394]},"properties":{"nome_area":"CENTRO ZANARDI","tipologia_punto_di_interesse":"Fermate Tper","nome_punto_di_interesse":"VIA SAN DONATO 59"}},{"type":"Feature","geometry":{"type":"Point","coordinates":[11.296784,44.508758]},"properties":{"nome_area":"PONTELUNGO","tipologia_punto_di_interesse":"Fermate Tper","nome_punto_di_interesse":"VIA EMILIA PONENTE FR. 243"}},{"type":"Feature","geometry":{"type":"Point","coordinates":[11.418631,44.501866]},"properties":{"nome_area":"ROTONDA NEGRONI","tipologia_punto_di_interesse":"Fermate Tper","nome_punto_di_interesse":"VIA DEL SELCIATORE 20"}},{"type":"Feature","geometry":{"type":"Point","coordinates":[11.390059,44.514972]},"properties":{"nome_area":"VIRGOLONE","tipologia_punto_di_interesse":"Fermate Tper","nome_punto_di_interesse":"VIA SAN DONATO FR P.L. 111"}},{"type":"Feature","geometry":{"type":"Point","coordinates":[11.364476,44.504315]},"properties":{"nome_area":"ZACCONI","tipologia_punto_di_interesse":"Fermate Tper","nome_punto_di_interesse":"VIA ZACCONI 4\/B"}},{"type":"Feature","geometry":{"type":"Point","coordinates":[11.384584,44.466176]},"properties":{"nome_area":"LONGO","tipologia_punto_di_interesse":"Fermate Tper","nome_punto_di_interesse":"VIA LONGO FR ING. GIARDINI ALESSANDRINI"}},{"type":"Feature","geometry":{"type":"Point","coordinates":[11.367512,44.514029]},"properties":{"nome_area":"Fiera Entrata Nord","tipologia_punto_di_interesse":"Fermate Tper","nome_punto_di_interesse":null}},{"type":"Feature","geometry":{"type":"Point","coordinates":[11.338269,44.472742]},"properties":{"nome_area":"FONTANINA","tipologia_punto_di_interesse":"Fermate Tper","nome_punto_di_interesse":"VIA RONCRIO FR 10\/2"}},{"type":"Feature","geometry":{"type":"Point","coordinates":[11.396689,44.507901]},"properties":{"nome_area":"SCALO SAN DONATO","tipologia_punto_di_interesse":"Fermate Tper","nome_punto_di_interesse":"VIA LARGA FR P.L. 101"}},{"type":"Feature","geometry":{"type":"Point","coordinates":[11.340737,44.4895]},"properties":{"nome_area":"SAN PROCOLO","tipologia_punto_di_interesse":"Fermate Tper","nome_punto_di_interesse":"VIA D`AZEGLIO FR 41\/A"}},{"type":"Feature","geometry":{"type":"Point","coordinates":[11.395813,44.511071]},"properties":{"nome_area":"PILASTRO","tipologia_punto_di_interesse":"Fermate Tper","nome_punto_di_interesse":"VIA CASINI P.L. 16"}},{"type":"Feature","geometry":{"type":"Point","coordinates":[11.393369,44.481503]},"properties":{"nome_area":"MONDOLFO","tipologia_punto_di_interesse":"Fermate Tper","nome_punto_di_interesse":"VIA DUE MADONNE P.L. 20"}},{"type":"Feature","geometry":{"type":"Point","coordinates":[11.288446,44.495349]},"properties":{"nome_area":"DI VITTORIO","tipologia_punto_di_interesse":"Fermate Tper","nome_punto_di_interesse":"VIA DI VITTORIO 17"}},{"type":"Feature","geometry":{"type":"Point","coordinates":[11.296668,44.49396]},"properties":{"nome_area":"BARCA","tipologia_punto_di_interesse":"Fermate Tper","nome_punto_di_interesse":"VIA BARCA 24\/7"}},{"type":"Feature","geometry":{"type":"Point","coordinates":[11.287115,44.529496]},"properties":{"nome_area":"CASERMA R.R.A.E.@","tipologia_punto_di_interesse":"Fermate Tper","nome_punto_di_interesse":"VIA DELL`AEROPORTO BV ENTRATA CASERMA"}},{"type":"Feature","geometry":{"type":"Point","coordinates":[11.391193,44.477165]},"properties":{"nome_area":"ARNO","tipologia_punto_di_interesse":"Fermate Tper","nome_punto_di_interesse":"VIA DOZZA 1"}},{"type":"Feature","geometry":{"type":"Point","coordinates":[11.295823,44.500009]},"properties":{"nome_area":"BATTINDARNO DE CAROLIS","tipologia_punto_di_interesse":"Fermate Tper","nome_punto_di_interesse":"VIA BATTINDARNO FR 324\/B"}},{"type":"Feature","geometry":{"type":"Point","coordinates":[11.278253,44.505222]},"properties":{"nome_area":"DE NICOLA","tipologia_punto_di_interesse":"Fermate Tper","nome_punto_di_interesse":"VIA DE NICOLA 40"}},{"type":"Feature","geometry":{"type":"Point","coordinates":[11.324692,44.517412]},"properties":{"nome_area":"OCA","tipologia_punto_di_interesse":"Fermate Tper","nome_punto_di_interesse":"VIA ZANARDI 99"}},{"type":"Feature","geometry":{"type":"Point","coordinates":[11.340075,44.495266]},"properties":{"nome_area":"UGO BASSI","tipologia_punto_di_interesse":"Fermate Tper","nome_punto_di_interesse":"VIA BASSI U. 6\/D"}},{"type":"Feature","geometry":{"type":"Point","coordinates":[11.399788,44.494827]},"properties":{"nome_area":"BARELLI","tipologia_punto_di_interesse":"Fermate Tper","nome_punto_di_interesse":"VIA MATTEI 22\/A"}},{"type":"Feature","geometry":{"type":"Point","coordinates":[11.330783,44.490631]},"properties":{"nome_area":"PORTA SARAGOZZA - FRASSIN","tipologia_punto_di_interesse":"Fermate Tper","nome_punto_di_interesse":"PIAZZA DI PORTA SARAGOZZA PL 11"}},{"type":"Feature","geometry":{"type":"Point","coordinates":[11.363086,44.509124]},"properties":{"nome_area":"FIERA ALDO MORO","tipologia_punto_di_interesse":"Fermate Tper","nome_punto_di_interesse":"PIAZZALE A.MORO 20 (PENSILINA A)"}},{"type":"Feature","geometry":{"type":"Point","coordinates":[11.288683,44.4953]},"properties":{"nome_area":"DI VITTORIO","tipologia_punto_di_interesse":"Fermate Tper","nome_punto_di_interesse":"VIA DI VITTORIO FR 17"}},{"type":"Feature","geometry":{"type":"Point","coordinates":[11.331609,44.508817]},"properties":{"nome_area":"CARRACCI","tipologia_punto_di_interesse":"Fermate Tper","nome_punto_di_interesse":"VIA CARRACCI FR 75"}},{"type":"Feature","geometry":{"type":"Point","coordinates":[11.358376,44.493728]},"properties":{"nome_area":"PORTA SAN VITALE","tipologia_punto_di_interesse":"Fermate Tper","nome_punto_di_interesse":"VIA MASSARENTI P.L. 5"}},{"type":"Feature","geometry":{"type":"Point","coordinates":[11.396994,44.488035]},"properties":{"nome_area":"CANOVA","tipologia_punto_di_interesse":"Fermate Tper","nome_punto_di_interesse":"NUOVO SOTTOPASSO DI VIA DUE MADONNE"}},{"type":"Feature","geometry":{"type":"Point","coordinates":[11.377837,44.472789]},"properties":{"nome_area":"TORINO","tipologia_punto_di_interesse":"Fermate Tper","nome_punto_di_interesse":"VIA TORINO FR P.L. 22"}},{"type":"Feature","geometry":{"type":"Point","coordinates":[11.406609,44.513562]},"properties":{"nome_area":"FACOLTA` DI AGRARIA","tipologia_punto_di_interesse":"Fermate Tper","nome_punto_di_interesse":"VIALE GIUSEPPE FANIN FR PL 32"}},{"type":"Feature","geometry":{"type":"Point","coordinates":[11.339329,44.484802]},"properties":{"nome_area":"ANNUNZIATA","tipologia_punto_di_interesse":"Fermate Tper","nome_punto_di_interesse":"VIA SAN MAMOLO 31\/E"}},{"type":"Feature","geometry":{"type":"Point","coordinates":[11.366696,44.459373]},"properties":{"nome_area":"PICCHIO","tipologia_punto_di_interesse":"Fermate Tper","nome_punto_di_interesse":"VIA DELL`ANGELO CUSTODE 8"}},{"type":"Feature","geometry":{"type":"Point","coordinates":[11.358012,44.521193]},"properties":{"nome_area":"DEPOSITO FERRARESE","tipologia_punto_di_interesse":"Fermate Tper","nome_punto_di_interesse":"VIA FERRARESE DEPOSITO"}},{"type":"Feature","geometry":{"type":"Point","coordinates":[11.349324,44.485371]},"properties":{"nome_area":"PORTA CASTIGLIONE","tipologia_punto_di_interesse":"Fermate Tper","nome_punto_di_interesse":"VIALE GOZZADINI 21"}},{"type":"Feature","geometry":{"type":"Point","coordinates":[11.410315,44.500916]},"properties":{"nome_area":"MURATORE","tipologia_punto_di_interesse":"Fermate Tper","nome_punto_di_interesse":"VIA DEL MURATORE P.L. 45"}},{"type":"Feature","geometry":{"type":"Point","coordinates":[11.35378,44.498918]},"properties":{"nome_area":"PORTA SAN DONATO","tipologia_punto_di_interesse":"Fermate Tper","nome_punto_di_interesse":"VIA IRNERIO 46"}},{"type":"Feature","geometry":{"type":"Point","coordinates":[11.342652,44.501515]},"properties":{"nome_area":"MILLE","tipologia_punto_di_interesse":"Fermate Tper","nome_punto_di_interesse":"VIA DEI MILLE 12"}},{"type":"Feature","geometry":{"type":"Point","coordinates":[11.385262,44.472652]},"properties":{"nome_area":"CRICCA","tipologia_punto_di_interesse":"Fermate Tper","nome_punto_di_interesse":"VIA ORTOLANI FR 34"}},{"type":"Feature","geometry":{"type":"Point","coordinates":[11.378837,44.4649]},"properties":{"nome_area":"ABBA","tipologia_punto_di_interesse":"Fermate Tper","nome_punto_di_interesse":"VIA ABBA FR PL 5"}},{"type":"Feature","geometry":{"type":"Point","coordinates":[11.336058,44.475633]},"properties":{"nome_area":"BIVIO COLLI","tipologia_punto_di_interesse":"Fermate Tper","nome_punto_di_interesse":"VIA SAN MAMOLO 161"}},{"type":"Feature","geometry":{"type":"Point","coordinates":[11.321671,44.458119]},"properties":{"nome_area":"CA` DI SAVINI","tipologia_punto_di_interesse":"Fermate Tper","nome_punto_di_interesse":"VIA DEI COLLI FR. 29\/2"}},{"type":"Feature","geometry":{"type":"Point","coordinates":[11.304059,44.470224]},"properties":{"nome_area":"CASAGLIA 53\/2","tipologia_punto_di_interesse":"Fermate Tper","nome_punto_di_interesse":"VIA CASAGLIA 53\/2"}},{"type":"Feature","geometry":{"type":"Point","coordinates":[11.373757,44.503006]},"properties":{"nome_area":"BEOLCO","tipologia_punto_di_interesse":"Fermate Tper","nome_punto_di_interesse":"VIA ANDREINI 23"}},{"type":"Feature","geometry":{"type":"Point","coordinates":[11.417737,44.49787]},"properties":{"nome_area":"RESTO DEL CARLINO","tipologia_punto_di_interesse":"Fermate Tper","nome_punto_di_interesse":"VIA MATTEI FR 106"}},{"type":"Feature","geometry":{"type":"Point","coordinates":[11.29989,44.493076]},"properties":{"nome_area":"GHISELLO","tipologia_punto_di_interesse":"Fermate Tper","nome_punto_di_interesse":"VIA BARCA 20\/3"}},{"type":"Feature","geometry":{"type":"Point","coordinates":[11.365138,44.548017]},"properties":{"nome_area":"ISTITUTO SERPIERI","tipologia_punto_di_interesse":"Fermate Tper","nome_punto_di_interesse":"VIA PEGLION 25"}},{"type":"Feature","geometry":{"type":"Point","coordinates":[11.390235,44.47434]},"properties":{"nome_area":"CENTRO CIVICO MAZZINI","tipologia_punto_di_interesse":"Fermate Tper","nome_punto_di_interesse":"VIA GENOVA FR P.L. 5"}},{"type":"Feature","geometry":{"type":"Point","coordinates":[11.277346,44.500037]},"properties":{"nome_area":"CASTELDEBOLE","tipologia_punto_di_interesse":"Fermate Tper","nome_punto_di_interesse":"VIA CADUTI DI CASTELDEBOLE 21"}},{"type":"Feature","geometry":{"type":"Point","coordinates":[11.407416,44.496188]},"properties":{"nome_area":"CASERMA CHIARINI","tipologia_punto_di_interesse":"Fermate Tper","nome_punto_di_interesse":"VIA MATTEI 54"}},{"type":"Feature","geometry":{"type":"Point","coordinates":[11.376808,44.493247]},"properties":{"nome_area":"PARCO","tipologia_punto_di_interesse":"Fermate Tper","nome_punto_di_interesse":"VIA MASSARENTI 350"}},{"type":"Feature","geometry":{"type":"Point","coordinates":[11.329053,44.506231]},"properties":{"nome_area":"TANARI","tipologia_punto_di_interesse":"Fermate Tper","nome_punto_di_interesse":"INGRESSO PARCHEGGIO TANARI"}},{"type":"Feature","geometry":{"type":"Point","coordinates":[11.239239,44.511377]},"properties":{"nome_area":"RIGOSA@","tipologia_punto_di_interesse":"Fermate Tper","nome_punto_di_interesse":"VIA OLMETOLA 82"}},{"type":"Feature","geometry":{"type":"Point","coordinates":[11.331008,44.490257]},"properties":{"nome_area":"PORTA SARAGOZZA - FRASSIN","tipologia_punto_di_interesse":"Fermate Tper","nome_punto_di_interesse":"VIA SARAGOZZA 94"}},{"type":"Feature","geometry":{"type":"Point","coordinates":[11.355003,44.478376]},"properties":{"nome_area":"REDENTI","tipologia_punto_di_interesse":"Fermate Tper","nome_punto_di_interesse":"VIA GANDINO 48"}},{"type":"Feature","geometry":{"type":"Point","coordinates":[11.379421,44.460711]},"properties":{"nome_area":"ALBERTO MARIO","tipologia_punto_di_interesse":"Fermate Tper","nome_punto_di_interesse":"VIA A.MARIO P.L. 21"}},{"type":"Feature","geometry":{"type":"Point","coordinates":[11.3548399404,44.4940781795]},"properties":{"nome_area":"Biblioteca Ruffilli","tipologia_punto_di_interesse":"Pista ciclopedonale","nome_punto_di_interesse":null}},{"type":"Feature","geometry":{"type":"Point","coordinates":[11.3512426048,44.4953480085]},"properties":{"nome_area":"Piazza Porta Ravegnana","tipologia_punto_di_interesse":"Pista ciclopedonale","nome_punto_di_interesse":null}},{"type":"Feature","geometry":{"type":"Point","coordinates":[11.3584393685,44.4952798656]},"properties":{"nome_area":"Poliambulatorio Zanolini","tipologia_punto_di_interesse":"Pista ciclopedonale","nome_punto_di_interesse":null}},{"type":"Feature","geometry":{"type":"Point","coordinates":[11.3351630949,44.5018097038]},"properties":{"nome_area":"Piazza Pasolini \/ Lumiere","tipologia_punto_di_interesse":"Pista ciclopedonale","nome_punto_di_interesse":null}},{"type":"Feature","geometry":{"type":"Point","coordinates":[11.3489000275,44.4972057279]},"properties":{"nome_area":"Piazza Maggiore \/ Podest\u00e0","tipologia_punto_di_interesse":"Pista ciclopedonale","nome_punto_di_interesse":null}},{"type":"Feature","geometry":{"type":"Point","coordinates":[11.3449061963,44.5029118462]},"properties":{"nome_area":"Velostazione","tipologia_punto_di_interesse":"Pista ciclopedonale","nome_punto_di_interesse":null}},{"type":"Feature","geometry":{"type":"Point","coordinates":[11.3925659039,44.5136543254]},"properties":{"nome_area":"Poliambulatorio Pilastro","tipologia_punto_di_interesse":"Pista ciclopedonale","nome_punto_di_interesse":null}},{"type":"Feature","geometry":{"type":"Point","coordinates":[11.342112,44.507521]},"properties":{"nome_area":null,"tipologia_punto_di_interesse":"Rastrelliera Bici","nome_punto_di_interesse":"Dall\u2019Arca (ang. via Carracci 70 posti bici)"}},{"type":"Feature","geometry":{"type":"Point","coordinates":[11.3537,44.485073]},"properties":{"nome_area":null,"tipologia_punto_di_interesse":"Rastrelliera Bici","nome_punto_di_interesse":"Piazza del Baraccano, 2"}},{"type":"Feature","geometry":{"type":"Point","coordinates":[11.336099,44.501204]},"properties":{"nome_area":null,"tipologia_punto_di_interesse":"Rastrelliera Bici","nome_punto_di_interesse":"Azzo Gardino, 38"}},{"type":"Feature","geometry":{"type":"Point","coordinates":[11.340584,44.5005]},"properties":{"nome_area":null,"tipologia_punto_di_interesse":"Rastrelliera Bici","nome_punto_di_interesse":"San Carlo, 44\/2"}},{"type":"Feature","geometry":{"type":"Point","coordinates":[11.344419,44.503584]},"properties":{"nome_area":null,"tipologia_punto_di_interesse":"Rastrelliera Bici","nome_punto_di_interesse":"20 Settembre, 1, 2, 6 e 7"}},{"type":"Feature","geometry":{"type":"Point","coordinates":[11.337751,44.488598]},"properties":{"nome_area":null,"tipologia_punto_di_interesse":"Rastrelliera Bici","nome_punto_di_interesse":"Castelfidardo, 8"}},{"type":"Feature","geometry":{"type":"Point","coordinates":[11.341715,44.497206]},"properties":{"nome_area":null,"tipologia_punto_di_interesse":"Rastrelliera Bici","nome_punto_di_interesse":"Galliera, 6"}},{"type":"Feature","geometry":{"type":"Point","coordinates":[11.355186,44.49852]},"properties":{"nome_area":null,"tipologia_punto_di_interesse":"Rastrelliera Bici","nome_punto_di_interesse":"Irnerio, 48 e 57"}},{"type":"Feature","geometry":{"type":"Point","coordinates":[11.338808,44.500072]},"properties":{"nome_area":null,"tipologia_punto_di_interesse":"Rastrelliera Bici","nome_punto_di_interesse":"Largo Caduti del Lavoro, 2"}},{"type":"Feature","geometry":{"type":"Point","coordinates":[11.344199,44.503952]},"properties":{"nome_area":null,"tipologia_punto_di_interesse":"Rastrelliera Bici","nome_punto_di_interesse":"Gramsci, 12"}},{"type":"Feature","geometry":{"type":"Point","coordinates":[11.339382,44.503021]},"properties":{"nome_area":null,"tipologia_punto_di_interesse":"Rastrelliera Bici","nome_punto_di_interesse":"Cairoli 3\/g"}},{"type":"Feature","geometry":{"type":"Point","coordinates":[11.341667,44.500787]},"properties":{"nome_area":null,"tipologia_punto_di_interesse":"Rastrelliera Bici","nome_punto_di_interesse":"Montebello (ang. Via del Porto)"}},{"type":"Feature","geometry":{"type":"Point","coordinates":[11.340626,44.502491]},"properties":{"nome_area":null,"tipologia_punto_di_interesse":"Rastrelliera Bici","nome_punto_di_interesse":"Gramsci, 4 (ang. Via Milazzo)"}},{"type":"Feature","geometry":{"type":"Point","coordinates":[11.332414,44.489989]},"properties":{"nome_area":null,"tipologia_punto_di_interesse":"Rastrelliera Bici","nome_punto_di_interesse":"Saragozza, 70"}},{"type":"Feature","geometry":{"type":"Point","coordinates":[11.345586,44.499507]},"properties":{"nome_area":null,"tipologia_punto_di_interesse":"Rastrelliera Bici","nome_punto_di_interesse":"Venturini, 8\/b"}},{"type":"Feature","geometry":{"type":"Point","coordinates":[11.330085,44.49966]},"properties":{"nome_area":null,"tipologia_punto_di_interesse":"Rastrelliera Bici","nome_punto_di_interesse":"Battistelli, 2"}},{"type":"Feature","geometry":{"type":"Point","coordinates":[11.352505,44.488178]},"properties":{"nome_area":null,"tipologia_punto_di_interesse":"Rastrelliera Bici","nome_punto_di_interesse":"Remorsella, 15"}},{"type":"Feature","geometry":{"type":"Point","coordinates":[11.335994,44.496212]},"properties":{"nome_area":null,"tipologia_punto_di_interesse":"Rastrelliera Bici","nome_punto_di_interesse":"San Felice, 11"}},{"type":"Feature","geometry":{"type":"Point","coordinates":[11.3500300732,44.54795186]},"properties":{"nome_area":null,"tipologia_punto_di_interesse":"Zona 30","nome_punto_di_interesse":"Villaggio Rurale"}},{"type":"Feature","geometry":{"type":"Point","coordinates":[11.3419741668,44.4989499762]},"properties":{"nome_area":"Piazza Maggiore \/ Podest\u00e0","tipologia_punto_di_interesse":"Zona pedonale","nome_punto_di_interesse":"VIA AVESELLA"}},{"type":"Feature","geometry":{"type":"Point","coordinates":[11.3449415722,44.4953220452]},"properties":{"nome_area":"Piazza Maggiore \/ Podest\u00e0","tipologia_punto_di_interesse":"Zona pedonale","nome_punto_di_interesse":"VIA DEGLI ALBARI"}},{"type":"Feature","geometry":{"type":"Point","coordinates":[11.3382309966,44.4962140191]},"properties":{"nome_area":"Piazza Maggiore \/ Podest\u00e0","tipologia_punto_di_interesse":"Zona pedonale","nome_punto_di_interesse":"VIA BELVEDERE"}},{"type":"Feature","geometry":{"type":"Point","coordinates":[11.3355782127,44.4955818188]},"properties":{"nome_area":"Piazza Maggiore \/ Podest\u00e0","tipologia_punto_di_interesse":"Zona pedonale","nome_punto_di_interesse":"VIA DEL PRATELLO"}},{"type":"Feature","geometry":{"type":"Point","coordinates":[11.328909,44.481144]},"properties":{"nome_area":"VILLA ALDINI","tipologia_punto_di_interesse":"Fermate Tper","nome_punto_di_interesse":"VIA OSSERVANZA 86"}},{"type":"Feature","geometry":{"type":"Point","coordinates":[11.369433,44.533479]},"properties":{"nome_area":"CARCERE","tipologia_punto_di_interesse":"Fermate Tper","nome_punto_di_interesse":"VIA DEL GOMITO P.L. 7"}},{"type":"Feature","geometry":{"type":"Point","coordinates":[11.296197,44.451189]},"properties":{"nome_area":"MONTE PRADONE","tipologia_punto_di_interesse":"Fermate Tper","nome_punto_di_interesse":"LOCALITA` MONTE PRADONE ROTONDA"}},{"type":"Feature","geometry":{"type":"Point","coordinates":[11.351662,44.492849]},"properties":{"nome_area":"PIAZZA ALDROVANDI","tipologia_punto_di_interesse":"Fermate Tper","nome_punto_di_interesse":"PIAZZA ALDROVANDI 2"}},{"type":"Feature","geometry":{"type":"Point","coordinates":[11.374423,44.506386]},"properties":{"nome_area":"SIRENELLA","tipologia_punto_di_interesse":"Fermate Tper","nome_punto_di_interesse":"VIA SAN DONATO 139"}},{"type":"Feature","geometry":{"type":"Point","coordinates":[11.346381,44.527681]},"properties":{"nome_area":"C.S. VIRTUS","tipologia_punto_di_interesse":"Fermate Tper","nome_punto_di_interesse":"VIA ARCOVEGGIO 49"}},{"type":"Feature","geometry":{"type":"Point","coordinates":[11.343216,44.519355]},"properties":{"nome_area":"PALESTRA IPPODROMO","tipologia_punto_di_interesse":"Fermate Tper","nome_punto_di_interesse":"VIA ARCOVEGGIO FR 38"}},{"type":"Feature","geometry":{"type":"Point","coordinates":[11.278919,44.502616]},"properties":{"nome_area":"BOTTONELLI","tipologia_punto_di_interesse":"Fermate Tper","nome_punto_di_interesse":"VIA CADUTI DI CASTELDEBOLE 3"}},{"type":"Feature","geometry":{"type":"Point","coordinates":[11.332208,44.516898]},"properties":{"nome_area":"NAVILE","tipologia_punto_di_interesse":"Fermate Tper","nome_punto_di_interesse":"VIA GAGARIN FR P.L. 24"}},{"type":"Feature","geometry":{"type":"Point","coordinates":[11.395845,44.49897]},"properties":{"nome_area":"CARROZZAIO","tipologia_punto_di_interesse":"Fermate Tper","nome_punto_di_interesse":"VIA CARROZZAIO 2"}},{"type":"Feature","geometry":{"type":"Point","coordinates":[11.381928,44.517375]},"properties":{"nome_area":"CADRIANO EUROPA","tipologia_punto_di_interesse":"Fermate Tper","nome_punto_di_interesse":"VIA CADRIANO 6\/7"}},{"type":"Feature","geometry":{"type":"Point","coordinates":[11.260483,44.511211]},"properties":{"nome_area":"BOIARDO@","tipologia_punto_di_interesse":"Fermate Tper","nome_punto_di_interesse":"VIA BOIARDO 10"}},{"type":"Feature","geometry":{"type":"Point","coordinates":[11.368003,44.482374]},"properties":{"nome_area":"ALBINI","tipologia_punto_di_interesse":"Fermate Tper","nome_punto_di_interesse":"VIA MEZZOFANTI 71"}},{"type":"Feature","geometry":{"type":"Point","coordinates":[11.369111,44.482099]},"properties":{"nome_area":"ALBINI","tipologia_punto_di_interesse":"Fermate Tper","nome_punto_di_interesse":"VIA MEZZOFANTI 36"}},{"type":"Feature","geometry":{"type":"Point","coordinates":[11.381887,44.464468]},"properties":{"nome_area":"PIAZZALE ATLETI AZZURRI","tipologia_punto_di_interesse":"Fermate Tper","nome_punto_di_interesse":"PIAZZALE A. AZZURRI D`ITALIA 3\/5"}},{"type":"Feature","geometry":{"type":"Point","coordinates":[11.347096,44.48061]},"properties":{"nome_area":"PUTTI","tipologia_punto_di_interesse":"Fermate Tper","nome_punto_di_interesse":"VIA PUTTI 7"}},{"type":"Feature","geometry":{"type":"Point","coordinates":[11.371941,44.540692]},"properties":{"nome_area":"CASE NUOVE","tipologia_punto_di_interesse":"Fermate Tper","nome_punto_di_interesse":"VIA FERRARESE 227\/1"}},{"type":"Feature","geometry":{"type":"Point","coordinates":[11.390132,44.47644]},"properties":{"nome_area":"ARNO","tipologia_punto_di_interesse":"Fermate Tper","nome_punto_di_interesse":"VIA ARNO FR 5"}},{"type":"Feature","geometry":{"type":"Point","coordinates":[11.360024,44.465066]},"properties":{"nome_area":"VILLA BELCOLLE","tipologia_punto_di_interesse":"Fermate Tper","nome_punto_di_interesse":"VIA SIEPELUNGA FR 77\/2"}},{"type":"Feature","geometry":{"type":"Point","coordinates":[11.360471,44.460861]},"properties":{"nome_area":"BORGO GESSAIOLI","tipologia_punto_di_interesse":"Fermate Tper","nome_punto_di_interesse":"VIA DELL`ANGELO CUSTODE FR 17\/A"}},{"type":"Feature","geometry":{"type":"Point","coordinates":[11.373852,44.469064]},"properties":{"nome_area":"FOSCHERARA","tipologia_punto_di_interesse":"Fermate Tper","nome_punto_di_interesse":"VIA GHIRARDINI 16"}},{"type":"Feature","geometry":{"type":"Point","coordinates":[11.360482,44.450841]},"properties":{"nome_area":"PAVESE","tipologia_punto_di_interesse":"Fermate Tper","nome_punto_di_interesse":"VIA PAVESE FR 10"}},{"type":"Feature","geometry":{"type":"Point","coordinates":[11.355193,44.543974]},"properties":{"nome_area":"MARESCALCHI","tipologia_punto_di_interesse":"Fermate Tper","nome_punto_di_interesse":"VIA CORTICELLA 261\/30"}},{"type":"Feature","geometry":{"type":"Point","coordinates":[11.358516,44.538351]},"properties":{"nome_area":"STENDHAL","tipologia_punto_di_interesse":"Fermate Tper","nome_punto_di_interesse":"VIA STENDHAL 35"}},{"type":"Feature","geometry":{"type":"Point","coordinates":[11.330961,44.52002]},"properties":{"nome_area":"BOTTEGO","tipologia_punto_di_interesse":"Fermate Tper","nome_punto_di_interesse":"VIA BEVERARA 154\/A"}},{"type":"Feature","geometry":{"type":"Point","coordinates":[11.395128,44.499895]},"properties":{"nome_area":"INNOCENTI","tipologia_punto_di_interesse":"Fermate Tper","nome_punto_di_interesse":"VIA LARGA P.L. 33-34"}},{"type":"Feature","geometry":{"type":"Point","coordinates":[11.390315,44.493847]},"properties":{"nome_area":"BOLOGNA - TANGENZIALE SAN","tipologia_punto_di_interesse":"Fermate Tper","nome_punto_di_interesse":null}},{"type":"Feature","geometry":{"type":"Point","coordinates":[11.316126,44.506377]},"properties":{"nome_area":"OSPEDALE MAGGIORE - MATER","tipologia_punto_di_interesse":"Fermate Tper","nome_punto_di_interesse":"VIA DELL`OSPEDALE"}},{"type":"Feature","geometry":{"type":"Point","coordinates":[11.315181,44.495855]},"properties":{"nome_area":"MONTEFIORINO","tipologia_punto_di_interesse":"Fermate Tper","nome_punto_di_interesse":"VIA MONTEFIORINO 7\/C"}},{"type":"Feature","geometry":{"type":"Point","coordinates":[11.34067,44.490023]},"properties":{"nome_area":"URBANA","tipologia_punto_di_interesse":"Fermate Tper","nome_punto_di_interesse":"VIA URBANA 4"}},{"type":"Feature","geometry":{"type":"Point","coordinates":[11.340272,44.503022]},"properties":{"nome_area":"AMENDOLA","tipologia_punto_di_interesse":"Fermate Tper","nome_punto_di_interesse":"VIA AMENDOLA 2"}},{"type":"Feature","geometry":{"type":"Point","coordinates":[11.358156,44.479526]},"properties":{"nome_area":"BELLACOSTA","tipologia_punto_di_interesse":"Fermate Tper","nome_punto_di_interesse":"VIA BELLACOSTA 7"}},{"type":"Feature","geometry":{"type":"Point","coordinates":[11.382212,44.464128]},"properties":{"nome_area":"PIAZZALE ATLETI AZZURRI","tipologia_punto_di_interesse":"Fermate Tper","nome_punto_di_interesse":"PIAZZALE ATLETI D`ITALIA P.L. 4"}},{"type":"Feature","geometry":{"type":"Point","coordinates":[11.332293,44.505787]},"properties":{"nome_area":"BOVI CAMPEGGI","tipologia_punto_di_interesse":"Fermate Tper","nome_punto_di_interesse":"VIA BOVI CAMPEGGI 7\/2"}},{"type":"Feature","geometry":{"type":"Point","coordinates":[11.308081,44.442127]},"properties":{"nome_area":"CAVAIONI","tipologia_punto_di_interesse":"Fermate Tper","nome_punto_di_interesse":"VIA COLLI (Via Cavaioni)"}},{"type":"Feature","geometry":{"type":"Point","coordinates":[11.308208,44.44216]},"properties":{"nome_area":"CAVAIONI","tipologia_punto_di_interesse":"Fermate Tper","nome_punto_di_interesse":"VIA COLLI (Via Cavaioni)"}},{"type":"Feature","geometry":{"type":"Point","coordinates":[11.369426,44.533308]},"properties":{"nome_area":"CARCERE","tipologia_punto_di_interesse":"Fermate Tper","nome_punto_di_interesse":"VIA DEL GOMITO FR 10"}},{"type":"Feature","geometry":{"type":"Point","coordinates":[11.321999,44.491746]},"properties":{"nome_area":"TURATI","tipologia_punto_di_interesse":"Fermate Tper","nome_punto_di_interesse":"VIA TURATI FR 55"}},{"type":"Feature","geometry":{"type":"Point","coordinates":[11.293732,44.475537]},"properties":{"nome_area":"MONTE ALBANO 11","tipologia_punto_di_interesse":"Fermate Tper","nome_punto_di_interesse":"VIA MONTE ALBANO FR 9"}},{"type":"Feature","geometry":{"type":"Point","coordinates":[11.359363,44.499181]},"properties":{"nome_area":"SANT`EGIDIO","tipologia_punto_di_interesse":"Fermate Tper","nome_punto_di_interesse":"VIA BERLINGUER FR PL 6"}},{"type":"Feature","geometry":{"type":"Point","coordinates":[11.275382,44.492541]},"properties":{"nome_area":"VILLA RANUZZI","tipologia_punto_di_interesse":"Fermate Tper","nome_punto_di_interesse":"VIA CADUTI DI CASTELDEBOLE FR PL 54"}},{"type":"Feature","geometry":{"type":"Point","coordinates":[11.350779,44.489644]},"properties":{"nome_area":"GARGANELLI","tipologia_punto_di_interesse":"Fermate Tper","nome_punto_di_interesse":"VIA SANTO STEFANO 44"}},{"type":"Feature","geometry":{"type":"Point","coordinates":[11.386249,44.485758]},"properties":{"nome_area":"MARX","tipologia_punto_di_interesse":"Fermate Tper","nome_punto_di_interesse":"VIA LENIN FR P.L. 45"}},{"type":"Feature","geometry":{"type":"Point","coordinates":[11.382744,44.481204]},"properties":{"nome_area":"LENIN","tipologia_punto_di_interesse":"Fermate Tper","nome_punto_di_interesse":"VIA LENIN FR P.L. 10"}},{"type":"Feature","geometry":{"type":"Point","coordinates":[11.370422,44.487753]},"properties":{"nome_area":"AGNESI","tipologia_punto_di_interesse":"Fermate Tper","nome_punto_di_interesse":"VIA MENGOLI 14"}},{"type":"Feature","geometry":{"type":"Point","coordinates":[11.366987,44.492677]},"properties":{"nome_area":"MASSARENTI","tipologia_punto_di_interesse":"Fermate Tper","nome_punto_di_interesse":"VIA MASSARENTI 134"}},{"type":"Feature","geometry":{"type":"Point","coordinates":[11.381625,44.49356]},"properties":{"nome_area":"MASSARENTI SOTTOVIA","tipologia_punto_di_interesse":"Fermate Tper","nome_punto_di_interesse":"VIA MASSARENTI 153"}},{"type":"Feature","geometry":{"type":"Point","coordinates":[11.355108,44.506894]},"properties":{"nome_area":"CAVALCAVIA MASCARELLA","tipologia_punto_di_interesse":"Fermate Tper","nome_punto_di_interesse":"VIA STALINGRADO 15\/6"}},{"type":"Feature","geometry":{"type":"Point","coordinates":[11.364363,44.507108]},"properties":{"nome_area":"ALDO MORO","tipologia_punto_di_interesse":"Fermate Tper","nome_punto_di_interesse":"VIALE A.MORO FR INGRESSO CIV30"}},{"type":"Feature","geometry":{"type":"Point","coordinates":[11.319564,44.495369]},"properties":{"nome_area":"CROCETTA","tipologia_punto_di_interesse":"Fermate Tper","nome_punto_di_interesse":"VIA COSTA A. 107\/D"}},{"type":"Feature","geometry":{"type":"Point","coordinates":[11.314429,44.531817]},"properties":{"nome_area":"CENTRO PROVE AUTOVEICOLI","tipologia_punto_di_interesse":"Fermate Tper","nome_punto_di_interesse":"VIA ZANARDI FR 367"}},{"type":"Feature","geometry":{"type":"Point","coordinates":[11.376495,44.466984]},"properties":{"nome_area":"MARCELLO","tipologia_punto_di_interesse":"Fermate Tper","nome_punto_di_interesse":"VIA MARCELLO 1"}},{"type":"Feature","geometry":{"type":"Point","coordinates":[11.370741,44.463979]},"properties":{"nome_area":"DIRETTISSIMA","tipologia_punto_di_interesse":"Fermate Tper","nome_punto_di_interesse":"VIA TOSCANA 77"}},{"type":"Feature","geometry":{"type":"Point","coordinates":[11.293732,44.499934]},"properties":{"nome_area":"BERTOCCHI","tipologia_punto_di_interesse":"Fermate Tper","nome_punto_di_interesse":"VIA BERTOCCHI P.L. 7"}},{"type":"Feature","geometry":{"type":"Point","coordinates":[11.346048,44.512158]},"properties":{"nome_area":"BOLOGNINA","tipologia_punto_di_interesse":"Fermate Tper","nome_punto_di_interesse":"VIA BOLOGNESE 7"}},{"type":"Feature","geometry":{"type":"Point","coordinates":[11.35074,44.490555]},"properties":{"nome_area":"GARGANELLI","tipologia_punto_di_interesse":"Fermate Tper","nome_punto_di_interesse":"VIA GUERRAZZI 21"}},{"type":"Feature","geometry":{"type":"Point","coordinates":[11.300364,44.50224]},"properties":{"nome_area":"TOGLIATTI","tipologia_punto_di_interesse":"Fermate Tper","nome_punto_di_interesse":"VIALE TOGLIATTI 10\/C"}},{"type":"Feature","geometry":{"type":"Point","coordinates":[11.386013,44.493226]},"properties":{"nome_area":"GIAMBOLOGNA","tipologia_punto_di_interesse":"Fermate Tper","nome_punto_di_interesse":null}},{"type":"Feature","geometry":{"type":"Point","coordinates":[11.310361,44.505342]},"properties":{"nome_area":"PRATI DI CAPRARA","tipologia_punto_di_interesse":"Fermate Tper","nome_punto_di_interesse":"VIA EMILIA PONENTE FR 56"}},{"type":"Feature","geometry":{"type":"Point","coordinates":[11.312642,44.494313]},"properties":{"nome_area":"MAGNANI","tipologia_punto_di_interesse":"Fermate Tper","nome_punto_di_interesse":"VIA COSTA A. 157\/2"}},{"type":"Feature","geometry":{"type":"Point","coordinates":[11.332249,44.493941]},"properties":{"nome_area":"SANT`ISAIA","tipologia_punto_di_interesse":"Fermate Tper","nome_punto_di_interesse":"VIA SANT`ISAIA 44"}},{"type":"Feature","geometry":{"type":"Point","coordinates":[11.394924,44.504742]},"properties":{"nome_area":"INDUSTRIA","tipologia_punto_di_interesse":"Fermate Tper","nome_punto_di_interesse":"VIA DELL`INDUSTRIA 15"}},{"type":"Feature","geometry":{"type":"Point","coordinates":[11.264233,44.5213]},"properties":{"nome_area":"VILLAGGIO INA","tipologia_punto_di_interesse":"Fermate Tper","nome_punto_di_interesse":"VIA LEPIDO P.L. 189"}},{"type":"Feature","geometry":{"type":"Point","coordinates":[11.365547,44.496875]},"properties":{"nome_area":"DEHON","tipologia_punto_di_interesse":"Fermate Tper","nome_punto_di_interesse":"VIA LIBIA 50"}},{"type":"Feature","geometry":{"type":"Point","coordinates":[11.371467,44.505151]},"properties":{"nome_area":"SAN DONATO","tipologia_punto_di_interesse":"Fermate Tper","nome_punto_di_interesse":"VIA SAN DONATO 87"}},{"type":"Feature","geometry":{"type":"Point","coordinates":[11.291647,44.495825]},"properties":{"nome_area":"DE AMBRIS","tipologia_punto_di_interesse":"Fermate Tper","nome_punto_di_interesse":"VIA BARCA 50"}},{"type":"Feature","geometry":{"type":"Point","coordinates":[11.348675,44.523069]},"properties":{"nome_area":"DE GIOVANNI","tipologia_punto_di_interesse":"Fermate Tper","nome_punto_di_interesse":"VIA CORTICELLA 127"}},{"type":"Feature","geometry":{"type":"Point","coordinates":[11.347965,44.518556]},"properties":{"nome_area":"IPPODROMO","tipologia_punto_di_interesse":"Fermate Tper","nome_punto_di_interesse":"VIA CORTICELLA FR 87"}},{"type":"Feature","geometry":{"type":"Point","coordinates":[11.275662,44.501349]},"properties":{"nome_area":"SALVEMINI","tipologia_punto_di_interesse":"Fermate Tper","nome_punto_di_interesse":"VIALE SALVEMINI FR P.L. 72"}},{"type":"Feature","geometry":{"type":"Point","coordinates":[11.310115,44.490196]},"properties":{"nome_area":"BIVIO SAN LUCA","tipologia_punto_di_interesse":"Fermate Tper","nome_punto_di_interesse":"VIA PORRETTANA 13"}},{"type":"Feature","geometry":{"type":"Point","coordinates":[11.300596,44.504306]},"properties":{"nome_area":"BATTINDARNO SEGANTINI","tipologia_punto_di_interesse":"Fermate Tper","nome_punto_di_interesse":"VIA BATTINDARNO 150"}},{"type":"Feature","geometry":{"type":"Point","coordinates":[11.398545,44.494566]},"properties":{"nome_area":"PIAZZA DEI COLORI","tipologia_punto_di_interesse":"Fermate Tper","nome_punto_di_interesse":"VIA MATTEI 10 METRI DOPO P.L. 12156"}},{"type":"Feature","geometry":{"type":"Point","coordinates":[11.389486,44.511716]},"properties":{"nome_area":"PIRANDELLO","tipologia_punto_di_interesse":"Fermate Tper","nome_punto_di_interesse":"VIA PIRANDELLO FR 16"}},{"type":"Feature","geometry":{"type":"Point","coordinates":[11.36713,44.478503]},"properties":{"nome_area":"RAGNO","tipologia_punto_di_interesse":"Fermate Tper","nome_punto_di_interesse":"VIA ORTI 7"}},{"type":"Feature","geometry":{"type":"Point","coordinates":[11.394767,44.50489]},"properties":{"nome_area":"INDUSTRIA","tipologia_punto_di_interesse":"Fermate Tper","nome_punto_di_interesse":"VIA DELL`INDUSTRIA FR 15"}},{"type":"Feature","geometry":{"type":"Point","coordinates":[11.331498,44.502554]},"properties":{"nome_area":"PORTA LAME","tipologia_punto_di_interesse":"Fermate Tper","nome_punto_di_interesse":"VIA PIER DE CRESCENZI 9C-11"}},{"type":"Feature","geometry":{"type":"Point","coordinates":[11.268697,44.519609]},"properties":{"nome_area":"DUCATI","tipologia_punto_di_interesse":"Fermate Tper","nome_punto_di_interesse":"VIA LEPIDO 180"}},{"type":"Feature","geometry":{"type":"Point","coordinates":[11.339853,44.484386]},"properties":{"nome_area":"CODIVILLA","tipologia_punto_di_interesse":"Fermate Tper","nome_punto_di_interesse":"VIA CODIVILLA FR 4"}},{"type":"Feature","geometry":{"type":"Point","coordinates":[11.346872,44.47127]},"properties":{"nome_area":"BATTIVENTO","tipologia_punto_di_interesse":"Fermate Tper","nome_punto_di_interesse":"VIA DEGLI SCALINI FR 21"}},{"type":"Feature","geometry":{"type":"Point","coordinates":[11.29253,44.515451]},"properties":{"nome_area":"ACQUEDOTTO TRIUMVIRATO","tipologia_punto_di_interesse":"Fermate Tper","nome_punto_di_interesse":"VIA TRIUMVIRATO 30 M DOPO CIV 18"}},{"type":"Feature","geometry":{"type":"Point","coordinates":[11.350245,44.536433]},"properties":{"nome_area":"LAPIDARI","tipologia_punto_di_interesse":"Fermate Tper","nome_punto_di_interesse":"VIA ARCOVEGGIO 74\/7"}},{"type":"Feature","geometry":{"type":"Point","coordinates":[11.324411,44.518885]},"properties":{"nome_area":"USODIMARE","tipologia_punto_di_interesse":"Fermate Tper","nome_punto_di_interesse":"VIA DE GAMA 5"}},{"type":"Feature","geometry":{"type":"Point","coordinates":[11.373799,44.490717]},"properties":{"nome_area":"SMERALDO","tipologia_punto_di_interesse":"Fermate Tper","nome_punto_di_interesse":"VIA AZZURRA 20"}},{"type":"Feature","geometry":{"type":"Point","coordinates":[11.361535,44.511524]},"properties":{"nome_area":"FIERA PALAZZO CONGRESSI","tipologia_punto_di_interesse":"Fermate Tper","nome_punto_di_interesse":"PIAZZA COSTITUZIONE (PENSILINA A)"}},{"type":"Feature","geometry":{"type":"Point","coordinates":[11.274689,44.517726]},"properties":{"nome_area":"CHIESA BORGO PANIGALE","tipologia_punto_di_interesse":"Fermate Tper","nome_punto_di_interesse":"VIA LEPIDO 55\/C"}},{"type":"Feature","geometry":{"type":"Point","coordinates":[11.315438,44.448307]},"properties":{"nome_area":"PADERNO","tipologia_punto_di_interesse":"Fermate Tper","nome_punto_di_interesse":"VIA COLLI (fr.Hotel Paderno)"}},{"type":"Feature","geometry":{"type":"Point","coordinates":[11.314836,44.428936]},"properties":{"nome_area":"SABBIUNO","tipologia_punto_di_interesse":"Fermate Tper","nome_punto_di_interesse":"VIA SABBIUNO 11"}},{"type":"Feature","geometry":{"type":"Point","coordinates":[11.343333,44.497171]},"properties":{"nome_area":"INDIPENDENZA","tipologia_punto_di_interesse":"Fermate Tper","nome_punto_di_interesse":"VIA INDIPENDENZA 21"}},{"type":"Feature","geometry":{"type":"Point","coordinates":[11.373139,44.499553]},"properties":{"nome_area":"MONDO","tipologia_punto_di_interesse":"Fermate Tper","nome_punto_di_interesse":"VIA ANDREINI P.L. 29"}},{"type":"Feature","geometry":{"type":"Point","coordinates":[11.360359,44.517913]},"properties":{"nome_area":"BONVICINI","tipologia_punto_di_interesse":"Fermate Tper","nome_punto_di_interesse":"VIA STALINGRADO 84"}},{"type":"Feature","geometry":{"type":"Point","coordinates":[11.347122,44.510084]},"properties":{"nome_area":"Piazza Unit\u00e0","tipologia_punto_di_interesse":"Fermate Tper","nome_punto_di_interesse":"VIA MATTEOTTI 35\/G"}},{"type":"Feature","geometry":{"type":"Point","coordinates":[11.275165,44.498937]},"properties":{"nome_area":"ROTTA","tipologia_punto_di_interesse":"Fermate Tper","nome_punto_di_interesse":"VIA CADUTI DI CASTELDEBOLE 57"}},{"type":"Feature","geometry":{"type":"Point","coordinates":[11.360676,44.5482]},"properties":{"nome_area":"SANT`ANNA","tipologia_punto_di_interesse":"Fermate Tper","nome_punto_di_interesse":"VIA SANT`ANNA FR 17"}},{"type":"Feature","geometry":{"type":"Point","coordinates":[11.356185,44.540785]},"properties":{"nome_area":"LIPPARINI","tipologia_punto_di_interesse":"Fermate Tper","nome_punto_di_interesse":"VIA CORTICELLA FR 255"}},{"type":"Feature","geometry":{"type":"Point","coordinates":[11.331392,44.521983]},"properties":{"nome_area":"BEVERARA","tipologia_punto_di_interesse":"Fermate Tper","nome_punto_di_interesse":"VIA BEVERARA 123"}},{"type":"Feature","geometry":{"type":"Point","coordinates":[11.369401,44.485514]},"properties":{"nome_area":"LAURA BASSI","tipologia_punto_di_interesse":"Fermate Tper","nome_punto_di_interesse":"VIA MAZZINI 95"}},{"type":"Feature","geometry":{"type":"Point","coordinates":[11.366762,44.489287]},"properties":{"nome_area":"OSPEDALE MALPIGHI","tipologia_punto_di_interesse":"Fermate Tper","nome_punto_di_interesse":"VIA SCHIASSI 6"}},{"type":"Feature","geometry":{"type":"Point","coordinates":[11.312304,44.507373]},"properties":{"nome_area":"ROTONDA GRANATIERI - AVIS","tipologia_punto_di_interesse":"Fermate Tper","nome_punto_di_interesse":"VIA DELL`OSPEDALE 30 MT DOPO INGRESSO 1"}},{"type":"Feature","geometry":{"type":"Point","coordinates":[11.383929,44.512139]},"properties":{"nome_area":"CADRIANO BIVIO","tipologia_punto_di_interesse":"Fermate Tper","nome_punto_di_interesse":"VIA CADRIANO PL 6"}},{"type":"Feature","geometry":{"type":"Point","coordinates":[11.246085,44.527466]},"properties":{"nome_area":"PIOPPA","tipologia_punto_di_interesse":"Fermate Tper","nome_punto_di_interesse":"VIA LEPIDO 223"}},{"type":"Feature","geometry":{"type":"Point","coordinates":[11.341404,44.501757]},"properties":{"nome_area":"MILLE (PIAZZA DEI MARTIRI","tipologia_punto_di_interesse":"Fermate Tper","nome_punto_di_interesse":"VIA DEI MILLE 20"}},{"type":"Feature","geometry":{"type":"Point","coordinates":[11.38614,44.476604]},"properties":{"nome_area":"BELLARIA LOMBARDIA","tipologia_punto_di_interesse":"Fermate Tper","nome_punto_di_interesse":"VIA BELLARIA 49\/A"}},{"type":"Feature","geometry":{"type":"Point","coordinates":[11.385962,44.482721]},"properties":{"nome_area":"ALLENDE","tipologia_punto_di_interesse":"Fermate Tper","nome_punto_di_interesse":"VIALE LINCOLN P.L. 8"}},{"type":"Feature","geometry":{"type":"Point","coordinates":[11.378524,44.500809]},"properties":{"nome_area":"TERRAPIENO","tipologia_punto_di_interesse":"Fermate Tper","nome_punto_di_interesse":"VIA DEL TERRAPIENO 15"}},{"type":"Feature","geometry":{"type":"Point","coordinates":[11.317219,44.453942]},"properties":{"nome_area":"FORTE","tipologia_punto_di_interesse":"Fermate Tper","nome_punto_di_interesse":"VIA COLLI 39-45"}},{"type":"Feature","geometry":{"type":"Point","coordinates":[11.37098,44.46925]},"properties":{"nome_area":"VILLA MAZZACORATI","tipologia_punto_di_interesse":"Fermate Tper","nome_punto_di_interesse":"VIA TOSCANA FR 28"}},{"type":"Feature","geometry":{"type":"Point","coordinates":[11.361183,44.46948]},"properties":{"nome_area":"VILLA MAGLI","tipologia_punto_di_interesse":"Fermate Tper","nome_punto_di_interesse":"VIA SIEPELUNGA FR 73-75"}},{"type":"Feature","geometry":{"type":"Point","coordinates":[11.358359,44.462408]},"properties":{"nome_area":"SCUOLE MERLANI","tipologia_punto_di_interesse":"Fermate Tper","nome_punto_di_interesse":"VIA DELL`ANGELO CUSTODE 88"}},{"type":"Feature","geometry":{"type":"Point","coordinates":[11.294085,44.50378]},"properties":{"nome_area":"CENTRO VITTORIA - MAST","tipologia_punto_di_interesse":"Fermate Tper","nome_punto_di_interesse":"VIALE TOGLIATTI FR P.L. 57"}},{"type":"Feature","geometry":{"type":"Point","coordinates":[11.350799,44.508919]},"properties":{"nome_area":"BIGARI","tipologia_punto_di_interesse":"Fermate Tper","nome_punto_di_interesse":"VIA BIGARI 8"}},{"type":"Feature","geometry":{"type":"Point","coordinates":[11.356463,44.546126]},"properties":{"nome_area":"CORTICELLA","tipologia_punto_di_interesse":"Fermate Tper","nome_punto_di_interesse":"VIA BENTINI FR 20\/C"}},{"type":"Feature","geometry":{"type":"Point","coordinates":[11.313165,44.523731]},"properties":{"nome_area":"VARANINI","tipologia_punto_di_interesse":"Fermate Tper","nome_punto_di_interesse":"VIA AGUCCHI FR 173"}},{"type":"Feature","geometry":{"type":"Point","coordinates":[11.31214,44.521357]},"properties":{"nome_area":"BERTALIA","tipologia_punto_di_interesse":"Fermate Tper","nome_punto_di_interesse":"VIA AGUCCHI 120\/3"}},{"type":"Feature","geometry":{"type":"Point","coordinates":[11.39456,44.4848]},"properties":{"nome_area":"FERMATA SERVIZIO DUE MADO","tipologia_punto_di_interesse":"Fermate Tper","nome_punto_di_interesse":"INTERNO DEPOSITO DUE MADONNE"}},{"type":"Feature","geometry":{"type":"Point","coordinates":[11.390893,44.464297]},"properties":{"nome_area":"OSPEDALE BELLARIA","tipologia_punto_di_interesse":"Fermate Tper","nome_punto_di_interesse":"VIA ALTURA 3"}},{"type":"Feature","geometry":{"type":"Point","coordinates":[11.262391,44.514027]},"properties":{"nome_area":"ARIOSTO","tipologia_punto_di_interesse":"Fermate Tper","nome_punto_di_interesse":"VIA DUCATI 7"}},{"type":"Feature","geometry":{"type":"Point","coordinates":[11.312561,44.494152]},"properties":{"nome_area":"MAGNANI","tipologia_punto_di_interesse":"Fermate Tper","nome_punto_di_interesse":"VIA COSTA A. 160"}},{"type":"Feature","geometry":{"type":"Point","coordinates":[11.324036,44.524006]},"properties":{"nome_area":"SELVA DI PESCAROLA","tipologia_punto_di_interesse":"Fermate Tper","nome_punto_di_interesse":"VIA SELVA DI PESCAROLA 19\/C"}},{"type":"Feature","geometry":{"type":"Point","coordinates":[11.334298,44.48856]},"properties":{"nome_area":"ALDINI","tipologia_punto_di_interesse":"Fermate Tper","nome_punto_di_interesse":"VIALE ALDINI 19"}},{"type":"Feature","geometry":{"type":"Point","coordinates":[11.335897,44.495234]},"properties":{"nome_area":"PIAZZA SAN FRANCESCO","tipologia_punto_di_interesse":"Fermate Tper","nome_punto_di_interesse":"PIAZZA S.FRANCESCO 12"}},{"type":"Feature","geometry":{"type":"Point","coordinates":[11.394393,44.483156]},"properties":{"nome_area":"DEPOSITO DUE MADONNE 1","tipologia_punto_di_interesse":"Fermate Tper","nome_punto_di_interesse":"VIA DUE MADONNE P.L. 21221"}},{"type":"Feature","geometry":{"type":"Point","coordinates":[11.3768,44.469228]},"properties":{"nome_area":"ARMI","tipologia_punto_di_interesse":"Fermate Tper","nome_punto_di_interesse":"VIA MARCELLO 20"}},{"type":"Feature","geometry":{"type":"Point","coordinates":[11.361288,44.511961]},"properties":{"nome_area":"FIERA PALAZZO CONGRESSI","tipologia_punto_di_interesse":"Fermate Tper","nome_punto_di_interesse":"PIAZZA COSTITUZIONE (PENSILINA D)"}},{"type":"Feature","geometry":{"type":"Point","coordinates":[11.347707,44.48048]},"properties":{"nome_area":"PUTTI","tipologia_punto_di_interesse":"Fermate Tper","nome_punto_di_interesse":"VIA PUTTI 20"}},{"type":"Feature","geometry":{"type":"Point","coordinates":[11.308359,44.472469]},"properties":{"nome_area":"CASAGLIA 53","tipologia_punto_di_interesse":"Fermate Tper","nome_punto_di_interesse":"VIA CASAGLIA 53"}},{"type":"Feature","geometry":{"type":"Point","coordinates":[11.370875,44.506685]},"properties":{"nome_area":"FERRAVILLA","tipologia_punto_di_interesse":"Fermate Tper","nome_punto_di_interesse":"VIA FERRAVILLA P.L. 6"}},{"type":"Feature","geometry":{"type":"Point","coordinates":[11.344376,44.511265]},"properties":{"nome_area":"BOLOGNINA","tipologia_punto_di_interesse":"Fermate Tper","nome_punto_di_interesse":"VIA TIBALDI 28"}},{"type":"Feature","geometry":{"type":"Point","coordinates":[11.307259,44.493341]},"properties":{"nome_area":"LINO","tipologia_punto_di_interesse":"Fermate Tper","nome_punto_di_interesse":"VIA COSTA A. 192\/A"}},{"type":"Feature","geometry":{"type":"Point","coordinates":[11.327082,44.522125]},"properties":{"nome_area":"DE GAMA","tipologia_punto_di_interesse":"Fermate Tper","nome_punto_di_interesse":"VIA DE GAMA FR 27"}},{"type":"Feature","geometry":{"type":"Point","coordinates":[11.361485,44.486633]},"properties":{"nome_area":"PIAZZA TRENTO TRIESTE","tipologia_punto_di_interesse":"Fermate Tper","nome_punto_di_interesse":"VIALE ORIANI 2\/G"}},{"type":"Feature","geometry":{"type":"Point","coordinates":[11.366212,44.486283]},"properties":{"nome_area":"ALEMANNI","tipologia_punto_di_interesse":"Fermate Tper","nome_punto_di_interesse":"VIA MASI 4"}},{"type":"Feature","geometry":{"type":"Point","coordinates":[11.314208,44.503986]},"properties":{"nome_area":"OSPEDALE MAGGIORE","tipologia_punto_di_interesse":"Fermate Tper","nome_punto_di_interesse":"VIA EMILIA PONENTE FR 16"}},{"type":"Feature","geometry":{"type":"Point","coordinates":[11.317846,44.502471]},"properties":{"nome_area":"TIMAVO","tipologia_punto_di_interesse":"Fermate Tper","nome_punto_di_interesse":"VIA EMILIA PONENTE 4"}},{"type":"Feature","geometry":{"type":"Point","coordinates":[11.262421,44.541124]},"properties":{"nome_area":"ZONA ARTIGIANALE DUE SCAL","tipologia_punto_di_interesse":"Fermate Tper","nome_punto_di_interesse":"VIA PERSICETANA 46"}},{"type":"Feature","geometry":{"type":"Point","coordinates":[11.340045,44.491071]},"properties":{"nome_area":"TAGLIAPIETRE","tipologia_punto_di_interesse":"Fermate Tper","nome_punto_di_interesse":"VIA TAGLIAPIETRE FR. CIV. 4"}},{"type":"Feature","geometry":{"type":"Point","coordinates":[11.335856699,44.4982584829]},"properties":{"nome_area":"Cineteca","tipologia_punto_di_interesse":"Pista ciclopedonale","nome_punto_di_interesse":null}},{"type":"Feature","geometry":{"type":"Point","coordinates":[11.3503867415,44.4820788842]},"properties":{"nome_area":"Le Serre dei Giardini Margherita","tipologia_punto_di_interesse":"Pista ciclopedonale","nome_punto_di_interesse":null}},{"type":"Feature","geometry":{"type":"Point","coordinates":[11.3557769399,44.4871843822]},"properties":{"nome_area":"Giardino Lavinia Fontana","tipologia_punto_di_interesse":"Pista ciclopedonale","nome_punto_di_interesse":null}},{"type":"Feature","geometry":{"type":"Point","coordinates":[11.3511603607,44.4891291968]},"properties":{"nome_area":"Piazza Porta Ravegnana","tipologia_punto_di_interesse":"Pista ciclopedonale","nome_punto_di_interesse":null}},{"type":"Feature","geometry":{"type":"Point","coordinates":[11.3467411971,44.4943243955]},"properties":{"nome_area":"Piazza Porta Ravegnana","tipologia_punto_di_interesse":"Pista ciclopedonale","nome_punto_di_interesse":null}},{"type":"Feature","geometry":{"type":"Point","coordinates":[11.3477531915,44.4979794745]},"properties":{"nome_area":"Piazza Porta Ravegnana","tipologia_punto_di_interesse":"Pista ciclopedonale","nome_punto_di_interesse":null}},{"type":"Feature","geometry":{"type":"Point","coordinates":[11.3421417942,44.493010308]},"properties":{"nome_area":"Piazza Galileo Galilei","tipologia_punto_di_interesse":"Pista ciclopedonale","nome_punto_di_interesse":null}},{"type":"Feature","geometry":{"type":"Point","coordinates":[11.3524856412,44.5102010594]},"properties":{"nome_area":"Piazza Unit\u00e0","tipologia_punto_di_interesse":"Pista ciclopedonale","nome_punto_di_interesse":null}},{"type":"Feature","geometry":{"type":"Point","coordinates":[11.3442882734,44.5050104529]},"properties":{"nome_area":"Stazione \/ Piazza Medaglie D'Oro","tipologia_punto_di_interesse":"Pista ciclopedonale","nome_punto_di_interesse":null}},{"type":"Feature","geometry":{"type":"Point","coordinates":[11.351701,44.493195]},"properties":{"nome_area":null,"tipologia_punto_di_interesse":"Rastrelliera Bici","nome_punto_di_interesse":"Aldrovandi, 4, 6C, 10 e 12"}},{"type":"Feature","geometry":{"type":"Point","coordinates":[11.347815,44.498105]},"properties":{"nome_area":null,"tipologia_punto_di_interesse":"Rastrelliera Bici","nome_punto_di_interesse":"Del Borgo di San Pietro, 1\/a"}},{"type":"Feature","geometry":{"type":"Point","coordinates":[11.331099,44.49176]},"properties":{"nome_area":null,"tipologia_punto_di_interesse":"Rastrelliera Bici","nome_punto_di_interesse":"Foscolo, 2"}},{"type":"Feature","geometry":{"type":"Point","coordinates":[11.348459,44.501036]},"properties":{"nome_area":null,"tipologia_punto_di_interesse":"Rastrelliera Bici","nome_punto_di_interesse":"Todaro, 1"}},{"type":"Feature","geometry":{"type":"Point","coordinates":[11.339849,44.504732]},"properties":{"nome_area":null,"tipologia_punto_di_interesse":"Rastrelliera Bici","nome_punto_di_interesse":"Boldrini (20 posti bici)"}},{"type":"Feature","geometry":{"type":"Point","coordinates":[11.3317,44.495445]},"properties":{"nome_area":null,"tipologia_punto_di_interesse":"Rastrelliera Bici","nome_punto_di_interesse":"Del Pratello, 58\/c"}},{"type":"Feature","geometry":{"type":"Point","coordinates":[11.336335,44.497738]},"properties":{"nome_area":null,"tipologia_punto_di_interesse":"Rastrelliera Bici","nome_punto_di_interesse":"Lame, 33"}},{"type":"Feature","geometry":{"type":"Point","coordinates":[11.333985,44.50239]},"properties":{"nome_area":null,"tipologia_punto_di_interesse":"Rastrelliera Bici","nome_punto_di_interesse":"Menarini, 1\/I"}},{"type":"Feature","geometry":{"type":"Point","coordinates":[11.331067,44.500408]},"properties":{"nome_area":null,"tipologia_punto_di_interesse":"Rastrelliera Bici","nome_punto_di_interesse":"Calori, 8"}},{"type":"Feature","geometry":{"type":"Point","coordinates":[11.34046,44.501805]},"properties":{"nome_area":null,"tipologia_punto_di_interesse":"Rastrelliera Bici","nome_punto_di_interesse":"Piazza dei Martiri 1\/2"}},{"type":"Feature","geometry":{"type":"Point","coordinates":[11.353278,44.497173]},"properties":{"nome_area":null,"tipologia_punto_di_interesse":"Rastrelliera Bici","nome_punto_di_interesse":"Puntoni, 2"}},{"type":"Feature","geometry":{"type":"Point","coordinates":[11.333889,44.495576]},"properties":{"nome_area":null,"tipologia_punto_di_interesse":"Rastrelliera Bici","nome_punto_di_interesse":"Del Pratello, 23\/2"}},{"type":"Feature","geometry":{"type":"Point","coordinates":[11.3335,44.501032]},"properties":{"nome_area":null,"tipologia_punto_di_interesse":"Rastrelliera Bici","nome_punto_di_interesse":"Cervellati, 1\/c"}},{"type":"Feature","geometry":{"type":"Point","coordinates":[11.335391,44.495583]},"properties":{"nome_area":null,"tipologia_punto_di_interesse":"Rastrelliera Bici","nome_punto_di_interesse":"Del Pratello, 13"}},{"type":"Feature","geometry":{"type":"Point","coordinates":[11.32802,44.494972]},"properties":{"nome_area":null,"tipologia_punto_di_interesse":"Rastrelliera Bici","nome_punto_di_interesse":"Porta S. Isaia (V.le Vicini, 2)"}},{"type":"Feature","geometry":{"type":"Point","coordinates":[11.34289,44.496323]},"properties":{"nome_area":null,"tipologia_punto_di_interesse":"Rastrelliera Bici","nome_punto_di_interesse":"Manzoni (ang. Via Indipendenza)"}},{"type":"Feature","geometry":{"type":"Point","coordinates":[11.355008,44.493984]},"properties":{"nome_area":null,"tipologia_punto_di_interesse":"Rastrelliera Bici","nome_punto_di_interesse":"San Vitale, 67"}},{"type":"Feature","geometry":{"type":"Point","coordinates":[11.341034,44.49382]},"properties":{"nome_area":null,"tipologia_punto_di_interesse":"Rastrelliera Bici","nome_punto_di_interesse":"4 Novembre, 16"}},{"type":"Feature","geometry":{"type":"Point","coordinates":[11.339151,44.500664]},"properties":{"nome_area":null,"tipologia_punto_di_interesse":"Rastrelliera Bici","nome_punto_di_interesse":"Marconi, 38"}},{"type":"Feature","geometry":{"type":"Point","coordinates":[11.333309,44.49225]},"properties":{"nome_area":null,"tipologia_punto_di_interesse":"Rastrelliera Bici","nome_punto_di_interesse":"Santa Caterina, 1"}},{"type":"Feature","geometry":{"type":"Point","coordinates":[11.355481,44.490804]},"properties":{"nome_area":null,"tipologia_punto_di_interesse":"Rastrelliera Bici","nome_punto_di_interesse":"Strada Maggiore, 80"}},{"type":"Feature","geometry":{"type":"Point","coordinates":[11.334457,44.50206]},"properties":{"nome_area":null,"tipologia_punto_di_interesse":"Rastrelliera Bici","nome_punto_di_interesse":"Azzo Gardino, 65"}},{"type":"Feature","geometry":{"type":"Point","coordinates":[11.351554,44.496337]},"properties":{"nome_area":null,"tipologia_punto_di_interesse":"Rastrelliera Bici","nome_punto_di_interesse":"Belmeloro, 1\/b"}},{"type":"Feature","geometry":{"type":"Point","coordinates":[11.356489,44.500955]},"properties":{"nome_area":null,"tipologia_punto_di_interesse":"Rastrelliera Bici","nome_punto_di_interesse":"Ranzani, 1"}},{"type":"Feature","geometry":{"type":"Point","coordinates":[11.344832,44.499086]},"properties":{"nome_area":null,"tipologia_punto_di_interesse":"Rastrelliera Bici","nome_punto_di_interesse":"Righi, 10"}},{"type":"Feature","geometry":{"type":"Point","coordinates":[11.331443,44.498947]},"properties":{"nome_area":null,"tipologia_punto_di_interesse":"Rastrelliera Bici","nome_punto_di_interesse":"Lenzi (ang. Via Graziano)"}},{"type":"Feature","geometry":{"type":"Point","coordinates":[11.3423,44.5063]},"properties":{"nome_area":"Autostazione","tipologia_punto_di_interesse":"Stazione ferroviaria","nome_punto_di_interesse":"Bologna Centrale"}},{"type":"Feature","geometry":{"type":"Point","coordinates":[11.371192964,44.4567740107]},"properties":{"nome_area":null,"tipologia_punto_di_interesse":"Zona 30","nome_punto_di_interesse":"San Ruffillo"}},{"type":"Feature","geometry":{"type":"Point","coordinates":[11.362560195,44.4959620139]},"properties":{"nome_area":null,"tipologia_punto_di_interesse":"Zona 30","nome_punto_di_interesse":"Cirenaica"}},{"type":"Feature","geometry":{"type":"Point","coordinates":[11.3628459328,44.5281742379]},"properties":{"nome_area":null,"tipologia_punto_di_interesse":"Zona 30","nome_punto_di_interesse":"Dozza"}},{"type":"Feature","geometry":{"type":"Point","coordinates":[11.3441800141,44.4950030871]},"properties":{"nome_area":"Piazza Porta Ravegnana","tipologia_punto_di_interesse":"Zona pedonale","nome_punto_di_interesse":"VIA CADUTI DI CEFALONIA"}},{"type":"Feature","geometry":{"type":"Point","coordinates":[11.3449415722,44.4953220452]},"properties":{"nome_area":"Piazza Porta Ravegnana","tipologia_punto_di_interesse":"Zona pedonale","nome_punto_di_interesse":"VIA DEGLI ALBARI"}},{"type":"Feature","geometry":{"type":"Point","coordinates":[11.347156762,44.4958334607]},"properties":{"nome_area":"Piazza Maggiore \/ Podest\u00e0","tipologia_punto_di_interesse":"Zona pedonale","nome_punto_di_interesse":"VIA CANONICA"}},{"type":"Feature","geometry":{"type":"Point","coordinates":[11.3430849398,44.4990425631]},"properties":{"nome_area":"Piazza Porta Ravegnana","tipologia_punto_di_interesse":"Zona pedonale","nome_punto_di_interesse":"VIA DE' FALEGNAMI"}},{"type":"Feature","geometry":{"type":"Point","coordinates":[11.335834,44.487674]},"properties":{"nome_area":"PETRARCA","tipologia_punto_di_interesse":"Fermate Tper","nome_punto_di_interesse":"VIALE ALDINI 118"}},{"type":"Feature","geometry":{"type":"Point","coordinates":[11.337052,44.468086]},"properties":{"nome_area":"RONCRIO","tipologia_punto_di_interesse":"Fermate Tper","nome_punto_di_interesse":"VIA RONCRIO FR 25"}},{"type":"Feature","geometry":{"type":"Point","coordinates":[11.319648,44.462895]},"properties":{"nome_area":"GAIBOLA CHIESA","tipologia_punto_di_interesse":"Fermate Tper","nome_punto_di_interesse":"VIA GAIBOLA FR 23"}},{"type":"Feature","geometry":{"type":"Point","coordinates":[11.364155,44.492321]},"properties":{"nome_area":"OSPEDALE SANT`ORSOLA ALBE","tipologia_punto_di_interesse":"Fermate Tper","nome_punto_di_interesse":"VIA MASSARENTI 102"}},{"type":"Feature","geometry":{"type":"Point","coordinates":[11.354573,44.516412]},"properties":{"nome_area":"PASSAROTTI","tipologia_punto_di_interesse":"Fermate Tper","nome_punto_di_interesse":"VIA FERRARESE 102\/3"}},{"type":"Feature","geometry":{"type":"Point","coordinates":[11.362729,44.486598]},"properties":{"nome_area":"PIAZZA TRENTO TRIESTE","tipologia_punto_di_interesse":"Fermate Tper","nome_punto_di_interesse":"VIA ALBERTI 1\/2"}},{"type":"Feature","geometry":{"type":"Point","coordinates":[11.361061,44.506636]},"properties":{"nome_area":"NOVELLI","tipologia_punto_di_interesse":"Fermate Tper","nome_punto_di_interesse":"VIALE REPUBBLICA 25\/B"}},{"type":"Feature","geometry":{"type":"Point","coordinates":[11.346392,44.504445]},"properties":{"nome_area":"PORTA GALLIERA","tipologia_punto_di_interesse":"Fermate Tper","nome_punto_di_interesse":"VIALE MASINI FR 4"}},{"type":"Feature","geometry":{"type":"Point","coordinates":[11.379132,44.475256]},"properties":{"nome_area":"PO","tipologia_punto_di_interesse":"Fermate Tper","nome_punto_di_interesse":"VIA ORTOLANI FR 3"}},{"type":"Feature","geometry":{"type":"Point","coordinates":[11.37815,44.470883]},"properties":{"nome_area":"CAVAZZONI","tipologia_punto_di_interesse":"Fermate Tper","nome_punto_di_interesse":"VIA CAVAZZONI FR 6\/A"}},{"type":"Feature","geometry":{"type":"Point","coordinates":[11.370062,44.480099]},"properties":{"nome_area":"LARGO LERCARO","tipologia_punto_di_interesse":"Fermate Tper","nome_punto_di_interesse":"VIA DAGNINI 30\/D"}},{"type":"Feature","geometry":{"type":"Point","coordinates":[11.37946,44.466634]},"properties":{"nome_area":"BATTAGLIA","tipologia_punto_di_interesse":"Fermate Tper","nome_punto_di_interesse":"VIA BATTAGLIA 12\/3"}},{"type":"Feature","geometry":{"type":"Point","coordinates":[11.331875,44.506012]},"properties":{"nome_area":"BOVI CAMPEGGI","tipologia_punto_di_interesse":"Fermate Tper","nome_punto_di_interesse":"VIA BOVI CAMPEGGI 4 H-G-F"}},{"type":"Feature","geometry":{"type":"Point","coordinates":[11.301918,44.491549]},"properties":{"nome_area":"FUNIVIA","tipologia_punto_di_interesse":"Fermate Tper","nome_punto_di_interesse":"VIA ANDREA COSTA PL 121"}},{"type":"Feature","geometry":{"type":"Point","coordinates":[11.263899,44.522756]},"properties":{"nome_area":"NORMANDIA","tipologia_punto_di_interesse":"Fermate Tper","nome_punto_di_interesse":"VIA NORMANDIA 14\/A"}},{"type":"Feature","geometry":{"type":"Point","coordinates":[11.339485,44.484934]},"properties":{"nome_area":"ANNUNZIATA","tipologia_punto_di_interesse":"Fermate Tper","nome_punto_di_interesse":"VIA SAN MAMOLO 14\/D"}},{"type":"Feature","geometry":{"type":"Point","coordinates":[11.350979,44.494313]},"properties":{"nome_area":"SAN VITALE","tipologia_punto_di_interesse":"Fermate Tper","nome_punto_di_interesse":"VIA SAN VITALE 50"}},{"type":"Feature","geometry":{"type":"Point","coordinates":[11.398594,44.474291]},"properties":{"nome_area":"PARCO DEI CEDRI","tipologia_punto_di_interesse":"Fermate Tper","nome_punto_di_interesse":"VIA DOZZA 33"}},{"type":"Feature","geometry":{"type":"Point","coordinates":[11.297882,44.502128]},"properties":{"nome_area":"DEPOSITO BATTINDARNO","tipologia_punto_di_interesse":"Fermate Tper","nome_punto_di_interesse":"VIA BATTINDARNO 292"}},{"type":"Feature","geometry":{"type":"Point","coordinates":[11.293824,44.500031]},"properties":{"nome_area":"BERTOCCHI","tipologia_punto_di_interesse":"Fermate Tper","nome_punto_di_interesse":"VIA BERTOCCHI FR P.L. 7"}},{"type":"Feature","geometry":{"type":"Point","coordinates":[11.347269,44.514384]},"properties":{"nome_area":"CA` DEI FIORI","tipologia_punto_di_interesse":"Fermate Tper","nome_punto_di_interesse":"VIA CORTICELLA 56\/2"}},{"type":"Feature","geometry":{"type":"Point","coordinates":[11.34708,44.510607]},"properties":{"nome_area":"Piazza Unit\u00e0","tipologia_punto_di_interesse":"Fermate Tper","nome_punto_di_interesse":"VIA MATTEOTTI 36\/A"}},{"type":"Feature","geometry":{"type":"Point","coordinates":[11.360424,44.546306]},"properties":{"nome_area":"BYRON","tipologia_punto_di_interesse":"Fermate Tper","nome_punto_di_interesse":"VIA BYRON 26"}},{"type":"Feature","geometry":{"type":"Point","coordinates":[11.324851,44.516355]},"properties":{"nome_area":"OCA","tipologia_punto_di_interesse":"Fermate Tper","nome_punto_di_interesse":"VIA ZANARDI 70\/D"}},{"type":"Feature","geometry":{"type":"Point","coordinates":[11.338473,44.49547]},"properties":{"nome_area":"UGO BASSI","tipologia_punto_di_interesse":"Fermate Tper","nome_punto_di_interesse":"VIA BASSI U. 10\/I"}},{"type":"Feature","geometry":{"type":"Point","coordinates":[11.389811,44.477824]},"properties":{"nome_area":"ARNO","tipologia_punto_di_interesse":"Fermate Tper","nome_punto_di_interesse":"VIA EMILIA LEVANTE 194\/14"}},{"type":"Feature","geometry":{"type":"Point","coordinates":[11.357118,44.484985]},"properties":{"nome_area":"PORTA SANTO STEFANO","tipologia_punto_di_interesse":"Fermate Tper","nome_punto_di_interesse":"VIALE CARDUCCI 52"}},{"type":"Feature","geometry":{"type":"Point","coordinates":[11.363079,44.484367]},"properties":{"nome_area":"SAVIOLI","tipologia_punto_di_interesse":"Fermate Tper","nome_punto_di_interesse":"VIA MEZZOFANTI 12"}},{"type":"Feature","geometry":{"type":"Point","coordinates":[11.366393,44.488566]},"properties":{"nome_area":"OSPEDALE MALPIGHI","tipologia_punto_di_interesse":"Fermate Tper","nome_punto_di_interesse":"VIA PALAGI FR 8"}},{"type":"Feature","geometry":{"type":"Point","coordinates":[11.372363,44.478872]},"properties":{"nome_area":"PARCHEGGIO LERCARO","tipologia_punto_di_interesse":"Fermate Tper","nome_punto_di_interesse":"LARGO LERCARO 13"}},{"type":"Feature","geometry":{"type":"Point","coordinates":[11.376171,44.466117]},"properties":{"nome_area":"MARCELLO","tipologia_punto_di_interesse":"Fermate Tper","nome_punto_di_interesse":"VIA MARCELLO 2\/3"}},{"type":"Feature","geometry":{"type":"Point","coordinates":[11.428017,44.514927]},"properties":{"nome_area":"CROCIONE","tipologia_punto_di_interesse":"Fermate Tper","nome_punto_di_interesse":"VIA CROCIONE CIV. 3\/2"}},{"type":"Feature","geometry":{"type":"Point","coordinates":[11.2883,44.499322]},"properties":{"nome_area":"ALTOBELLI","tipologia_punto_di_interesse":"Fermate Tper","nome_punto_di_interesse":"VIA ALTOBELLI 15"}},{"type":"Feature","geometry":{"type":"Point","coordinates":[11.2881,44.49614]},"properties":{"nome_area":"BUOZZI","tipologia_punto_di_interesse":"Fermate Tper","nome_punto_di_interesse":"VIA BUOZZI 6-8"}},{"type":"Feature","geometry":{"type":"Point","coordinates":[11.338025,44.470416]},"properties":{"nome_area":"POLVERIERA","tipologia_punto_di_interesse":"Fermate Tper","nome_punto_di_interesse":"VIA RONCRIO 24"}},{"type":"Feature","geometry":{"type":"Point","coordinates":[11.359421,44.497505]},"properties":{"nome_area":"ZANOLINI","tipologia_punto_di_interesse":"Fermate Tper","nome_punto_di_interesse":"VIA ZANOLINI 41"}},{"type":"Feature","geometry":{"type":"Point","coordinates":[11.364024,44.497797]},"properties":{"nome_area":"MASIA","tipologia_punto_di_interesse":"Fermate Tper","nome_punto_di_interesse":"VIA BENTIVOGLI 52"}},{"type":"Feature","geometry":{"type":"Point","coordinates":[11.365752,44.494188]},"properties":{"nome_area":"LIBIA","tipologia_punto_di_interesse":"Fermate Tper","nome_punto_di_interesse":"VIA LIBIA 18"}},{"type":"Feature","geometry":{"type":"Point","coordinates":[11.347547,44.511596]},"properties":{"nome_area":"Piazza Unit\u00e0","tipologia_punto_di_interesse":"Fermate Tper","nome_punto_di_interesse":"PIAZZA DELL`UNITA` 11\/E"}},{"type":"Feature","geometry":{"type":"Point","coordinates":[11.35064,44.510596]},"properties":{"nome_area":"CRETI","tipologia_punto_di_interesse":"Fermate Tper","nome_punto_di_interesse":"VIA CRETI 12\/A"}},{"type":"Feature","geometry":{"type":"Point","coordinates":[11.342374,44.51154]},"properties":{"nome_area":"TIBALDI DALL`ARCA","tipologia_punto_di_interesse":"Fermate Tper","nome_punto_di_interesse":"VIA TIBALDI FR 31\/A"}},{"type":"Feature","geometry":{"type":"Point","coordinates":[11.328143,44.516558]},"properties":{"nome_area":"GRAZIA","tipologia_punto_di_interesse":"Fermate Tper","nome_punto_di_interesse":"VIA POLO 16"}},{"type":"Feature","geometry":{"type":"Point","coordinates":[11.378353,44.489181]},"properties":{"nome_area":"SPINA","tipologia_punto_di_interesse":"Fermate Tper","nome_punto_di_interesse":"VIALE FELSINA 39"}},{"type":"Feature","geometry":{"type":"Point","coordinates":[11.322188,44.500943]},"properties":{"nome_area":"SAFFI","tipologia_punto_di_interesse":"Fermate Tper","nome_punto_di_interesse":"VIA SAFFI 26\/B"}},{"type":"Feature","geometry":{"type":"Point","coordinates":[11.343189,44.505186]},"properties":{"nome_area":"STAZIONE CENTRALE","tipologia_punto_di_interesse":"Fermate Tper","nome_punto_di_interesse":"VIALE PIETRAMELLARA FR 53 (PENSILINA K)"}},{"type":"Feature","geometry":{"type":"Point","coordinates":[11.382877,44.474584]},"properties":{"nome_area":"CALABRIA","tipologia_punto_di_interesse":"Fermate Tper","nome_punto_di_interesse":"VIA CALABRIA 42"}},{"type":"Feature","geometry":{"type":"Point","coordinates":[11.378564,44.463763]},"properties":{"nome_area":"STADIO FALCHI","tipologia_punto_di_interesse":"Fermate Tper","nome_punto_di_interesse":"VIA MARIO 11"}},{"type":"Feature","geometry":{"type":"Point","coordinates":[11.335383,44.505355]},"properties":{"nome_area":"BOVI CAMPEGGI QUESTURA","tipologia_punto_di_interesse":"Fermate Tper","nome_punto_di_interesse":"VIA BOVI CAMPEGGI 19"}},{"type":"Feature","geometry":{"type":"Point","coordinates":[11.360422,44.510458]},"properties":{"nome_area":"PARCHEGGIO COSTITUZIONE","tipologia_punto_di_interesse":"Fermate Tper","nome_punto_di_interesse":"VIALE A.MORO FR P.L. 21"}},{"type":"Feature","geometry":{"type":"Point","coordinates":[11.361475,44.511921]},"properties":{"nome_area":"FIERA PALAZZO CONGRESSI","tipologia_punto_di_interesse":"Fermate Tper","nome_punto_di_interesse":"PIAZZA COSTITUZIONE (PENSILINA C)"}},{"type":"Feature","geometry":{"type":"Point","coordinates":[11.289985,44.499316]},"properties":{"nome_area":"GIOTTO","tipologia_punto_di_interesse":"Fermate Tper","nome_punto_di_interesse":"VIA GIOTTO 20"}},{"type":"Feature","geometry":{"type":"Point","coordinates":[11.336197,44.475657]},"properties":{"nome_area":"BIVIO COLLI","tipologia_punto_di_interesse":"Fermate Tper","nome_punto_di_interesse":"VIA SAN MAMOLO FR 161"}},{"type":"Feature","geometry":{"type":"Point","coordinates":[11.325999,44.462343]},"properties":{"nome_area":"BIVIO GAIBOLA","tipologia_punto_di_interesse":"Fermate Tper","nome_punto_di_interesse":"VIA COLLI 23"}},{"type":"Feature","geometry":{"type":"Point","coordinates":[11.393114,44.539188]},"properties":{"nome_area":"FRABAZZA","tipologia_punto_di_interesse":"Fermate Tper","nome_punto_di_interesse":"VIA CADRIANO FR 35"}},{"type":"Feature","geometry":{"type":"Point","coordinates":[11.300004,44.460781]},"properties":{"nome_area":"CASAGLIA 63","tipologia_punto_di_interesse":"Fermate Tper","nome_punto_di_interesse":"VIA CASAGLIA FR 63"}},{"type":"Feature","geometry":{"type":"Point","coordinates":[11.293631,44.495416]},"properties":{"nome_area":"BELCANTONE","tipologia_punto_di_interesse":"Fermate Tper","nome_punto_di_interesse":"VIA BARCA 27"}},{"type":"Feature","geometry":{"type":"Point","coordinates":[11.353095,44.51502]},"properties":{"nome_area":"CASARALTA","tipologia_punto_di_interesse":"Fermate Tper","nome_punto_di_interesse":"VIA FERRARESE 42"}},{"type":"Feature","geometry":{"type":"Point","coordinates":[11.292745,44.515492]},"properties":{"nome_area":"ACQUEDOTTO TRIUMVIRATO","tipologia_punto_di_interesse":"Fermate Tper","nome_punto_di_interesse":"VIA TRIUMVIRATO FR CIV 16-18"}},{"type":"Feature","geometry":{"type":"Point","coordinates":[11.355807,44.543592]},"properties":{"nome_area":"COLOMBAROLA","tipologia_punto_di_interesse":"Fermate Tper","nome_punto_di_interesse":"VIA BENTINI 6"}},{"type":"Feature","geometry":{"type":"Point","coordinates":[11.357355,44.531092]},"properties":{"nome_area":"TUSCOLANO","tipologia_punto_di_interesse":"Fermate Tper","nome_punto_di_interesse":"VIA TUSCOLANO FR 6"}},{"type":"Feature","geometry":{"type":"Point","coordinates":[11.352403,44.485002]},"properties":{"nome_area":"GIARDINI MARGHERITA","tipologia_punto_di_interesse":"Fermate Tper","nome_punto_di_interesse":"VIALE GOZZADINI 5"}},{"type":"Feature","geometry":{"type":"Point","coordinates":[11.332919,44.528074]},"properties":{"nome_area":"TANGENZIALE LAME","tipologia_punto_di_interesse":"Fermate Tper","nome_punto_di_interesse":"VIA COLOMBO FR 5"}},{"type":"Feature","geometry":{"type":"Point","coordinates":[11.370506,44.485176]},"properties":{"nome_area":"LAURA BASSI","tipologia_punto_di_interesse":"Fermate Tper","nome_punto_di_interesse":"VIA MAZZINI 154"}},{"type":"Feature","geometry":{"type":"Point","coordinates":[11.373498,44.488553]},"properties":{"nome_area":"ARCOBALENO","tipologia_punto_di_interesse":"Fermate Tper","nome_punto_di_interesse":"VIA AZZURRA 44"}},{"type":"Feature","geometry":{"type":"Point","coordinates":[11.401556,44.51122]},"properties":{"nome_area":"SIGHINOLFI","tipologia_punto_di_interesse":"Fermate Tper","nome_punto_di_interesse":"VIA SIGHINOLFI 48"}},{"type":"Feature","geometry":{"type":"Point","coordinates":[11.328118,44.499814]},"properties":{"nome_area":"PORTA SAN FELICE","tipologia_punto_di_interesse":"Fermate Tper","nome_punto_di_interesse":"VIALE SILVANI 3"}},{"type":"Feature","geometry":{"type":"Point","coordinates":[11.344074,44.500288]},"properties":{"nome_area":"VIII AGOSTO","tipologia_punto_di_interesse":"Fermate Tper","nome_punto_di_interesse":"VIA INDIPENDENZA 56\/B"}},{"type":"Feature","geometry":{"type":"Point","coordinates":[11.331387,44.498199]},"properties":{"nome_area":"PALASPORT","tipologia_punto_di_interesse":"Fermate Tper","nome_punto_di_interesse":"VIA RIVA RENO 4"}},{"type":"Feature","geometry":{"type":"Point","coordinates":[11.338184,44.497996]},"properties":{"nome_area":"MARCONI","tipologia_punto_di_interesse":"Fermate Tper","nome_punto_di_interesse":"VIA MARCONI FR 22"}},{"type":"Feature","geometry":{"type":"Point","coordinates":[11.338178,44.495647]},"properties":{"nome_area":"UGO BASSI","tipologia_punto_di_interesse":"Fermate Tper","nome_punto_di_interesse":"VIA BASSI U. 21\/L"}},{"type":"Feature","geometry":{"type":"Point","coordinates":[11.383993,44.47574]},"properties":{"nome_area":"SARDEGNA","tipologia_punto_di_interesse":"Fermate Tper","nome_punto_di_interesse":"VIA SARDEGNA 8"}},{"type":"Feature","geometry":{"type":"Point","coordinates":[11.356208,44.477055]},"properties":{"nome_area":"SANTA BARBARA","tipologia_punto_di_interesse":"Fermate Tper","nome_punto_di_interesse":"VIA SANTA BARBARA 12-14"}},{"type":"Feature","geometry":{"type":"Point","coordinates":[11.368215,44.477662]},"properties":{"nome_area":"DAGNINI","tipologia_punto_di_interesse":"Fermate Tper","nome_punto_di_interesse":"VIA DAGNINI 12"}},{"type":"Feature","geometry":{"type":"Point","coordinates":[11.381553,44.464294]},"properties":{"nome_area":"PIAZZALE ATLETI AZZURRI","tipologia_punto_di_interesse":"Fermate Tper","nome_punto_di_interesse":"PIAZZALE A. AZZURRI D`ITALIA FR 3\/5"}},{"type":"Feature","geometry":{"type":"Point","coordinates":[11.37748,44.465856]},"properties":{"nome_area":"ALBORNOZ","tipologia_punto_di_interesse":"Fermate Tper","nome_punto_di_interesse":"VIA ALBORNOZ 8\/C"}},{"type":"Feature","geometry":{"type":"Point","coordinates":[11.284609,44.514962]},"properties":{"nome_area":"BORGO PANIGALE","tipologia_punto_di_interesse":"Fermate Tper","nome_punto_di_interesse":"VIA SCIESA"}},{"type":"Feature","geometry":{"type":"Point","coordinates":[11.352382,44.484786]},"properties":{"nome_area":"GIARDINI MARGHERITA","tipologia_punto_di_interesse":"Fermate Tper","nome_punto_di_interesse":"VIALE GOZZADINI FR 5"}},{"type":"Feature","geometry":{"type":"Point","coordinates":[11.361676,44.500385]},"properties":{"nome_area":"CAVALCAVIA SAN DONATO","tipologia_punto_di_interesse":"Fermate Tper","nome_punto_di_interesse":"VIA FABBRI 109"}},{"type":"Feature","geometry":{"type":"Point","coordinates":[11.343669,44.521543]},"properties":{"nome_area":"VILLA ERBOSA","tipologia_punto_di_interesse":"Fermate Tper","nome_punto_di_interesse":"VIA ARCOVEGGIO 50"}},{"type":"Feature","geometry":{"type":"Point","coordinates":[11.356991,44.518352]},"properties":{"nome_area":"CASONI","tipologia_punto_di_interesse":"Fermate Tper","nome_punto_di_interesse":"VIA CASONI FR P.L. 3"}},{"type":"Feature","geometry":{"type":"Point","coordinates":[11.288738,44.5118]},"properties":{"nome_area":"CINTA DAZIARIA TEATRI DI","tipologia_punto_di_interesse":"Fermate Tper","nome_punto_di_interesse":"VIA EMILIA PONENTE 315\/2"}},{"type":"Feature","geometry":{"type":"Point","coordinates":[11.277594,44.503174]},"properties":{"nome_area":"GALEAZZA","tipologia_punto_di_interesse":"Fermate Tper","nome_punto_di_interesse":"VIA GALEAZZA FR P.L. 2"}},{"type":"Feature","geometry":{"type":"Point","coordinates":[11.365077,44.487117]},"properties":{"nome_area":"ALEMANNI","tipologia_punto_di_interesse":"Fermate Tper","nome_punto_di_interesse":"VIA MAZZINI 65"}},{"type":"Feature","geometry":{"type":"Point","coordinates":[11.369956,44.491463]},"properties":{"nome_area":"ARPA","tipologia_punto_di_interesse":"Fermate Tper","nome_punto_di_interesse":"VIA VENTUROLI 45"}},{"type":"Feature","geometry":{"type":"Point","coordinates":[11.383132,44.493502]},"properties":{"nome_area":"SANTA RITA","tipologia_punto_di_interesse":"Fermate Tper","nome_punto_di_interesse":"VIA MASSARENTI 414"}},{"type":"Feature","geometry":{"type":"Point","coordinates":[11.334497,44.500161]},"properties":{"nome_area":"RONDONE","tipologia_punto_di_interesse":"Fermate Tper","nome_punto_di_interesse":"VIA LAME 100"}},{"type":"Feature","geometry":{"type":"Point","coordinates":[11.383061,44.48126]},"properties":{"nome_area":"LENIN","tipologia_punto_di_interesse":"Fermate Tper","nome_punto_di_interesse":"VIA LENIN FR 6"}},{"type":"Feature","geometry":{"type":"Point","coordinates":[11.362427,44.475072]},"properties":{"nome_area":"VILLA HERCOLANI","tipologia_punto_di_interesse":"Fermate Tper","nome_punto_di_interesse":"VIA MOLINELLI FR 27"}},{"type":"Feature","geometry":{"type":"Point","coordinates":[11.36485,44.473113]},"properties":{"nome_area":"MOLINELLI","tipologia_punto_di_interesse":"Fermate Tper","nome_punto_di_interesse":"VIA MOLINELLI FR 13"}},{"type":"Feature","geometry":{"type":"Point","coordinates":[11.373559,44.458744]},"properties":{"nome_area":"CORELLI","tipologia_punto_di_interesse":"Fermate Tper","nome_punto_di_interesse":"VIA CORELLI FR 9"}},{"type":"Feature","geometry":{"type":"Point","coordinates":[11.384783,44.496672]},"properties":{"nome_area":"SCUOLE SCANDELLARA","tipologia_punto_di_interesse":"Fermate Tper","nome_punto_di_interesse":"VIA SCANDELLARA 56"}},{"type":"Feature","geometry":{"type":"Point","coordinates":[11.338005,44.470542]},"properties":{"nome_area":"POLVERIERA","tipologia_punto_di_interesse":"Fermate Tper","nome_punto_di_interesse":"VIA RONCRIO FR 22"}},{"type":"Feature","geometry":{"type":"Point","coordinates":[11.313153,44.43565]},"properties":{"nome_area":"LUMIERA","tipologia_punto_di_interesse":"Fermate Tper","nome_punto_di_interesse":"VIA SABBIUNO FR 4"}},{"type":"Feature","geometry":{"type":"Point","coordinates":[11.364764,44.526959]},"properties":{"nome_area":"PARCHEGGIO PARCO NORD","tipologia_punto_di_interesse":"Fermate Tper","nome_punto_di_interesse":"VIA FERRARESE FR PL 102\/103"}},{"type":"Feature","geometry":{"type":"Point","coordinates":[11.364661,44.527214]},"properties":{"nome_area":"PARCHEGGIO PARCO NORD","tipologia_punto_di_interesse":"Fermate Tper","nome_punto_di_interesse":"VIA FERRARESE P.L. 103-102"}},{"type":"Feature","geometry":{"type":"Point","coordinates":[11.300891,44.464778]},"properties":{"nome_area":"CASAGLIA CHIESA","tipologia_punto_di_interesse":"Fermate Tper","nome_punto_di_interesse":"VIA CASAGLIA BV CAVRIOLA"}},{"type":"Feature","geometry":{"type":"Point","coordinates":[11.34771,44.516265]},"properties":{"nome_area":"LOMBARDI","tipologia_punto_di_interesse":"Fermate Tper","nome_punto_di_interesse":"VIA CORTICELLA 55"}},{"type":"Feature","geometry":{"type":"Point","coordinates":[11.336119,44.518421]},"properties":{"nome_area":"GOBETTI","tipologia_punto_di_interesse":"Fermate Tper","nome_punto_di_interesse":"VIA GOBETTI 52"}},{"type":"Feature","geometry":{"type":"Point","coordinates":[11.280364,44.504208]},"properties":{"nome_area":"LE TORRI","tipologia_punto_di_interesse":"Fermate Tper","nome_punto_di_interesse":"VIALE SALVEMINI FR P.L. 37-35"}},{"type":"Feature","geometry":{"type":"Point","coordinates":[11.351361,44.539156]},"properties":{"nome_area":"CASA BUIA","tipologia_punto_di_interesse":"Fermate Tper","nome_punto_di_interesse":"VIA ARCOVEGGIO 120"}},{"type":"Feature","geometry":{"type":"Point","coordinates":[11.318125,44.525044]},"properties":{"nome_area":"C.S. PESCAROLA","tipologia_punto_di_interesse":"Fermate Tper","nome_punto_di_interesse":"VIA ZANARDI P.L. 82"}},{"type":"Feature","geometry":{"type":"Point","coordinates":[11.365851,44.486056]},"properties":{"nome_area":"ALEMANNI","tipologia_punto_di_interesse":"Fermate Tper","nome_punto_di_interesse":"VIA MASI P.L. 3"}},{"type":"Feature","geometry":{"type":"Point","coordinates":[11.377372,44.487014]},"properties":{"nome_area":"VETULONIA","tipologia_punto_di_interesse":"Fermate Tper","nome_punto_di_interesse":"VIALE FELSINA P.L. 32"}},{"type":"Feature","geometry":{"type":"Point","coordinates":[11.357132,44.491881]},"properties":{"nome_area":"PORTA MAGGIORE","tipologia_punto_di_interesse":"Fermate Tper","nome_punto_di_interesse":"VIALE ERCOLANI FR 4\/2"}},{"type":"Feature","geometry":{"type":"Point","coordinates":[11.338261,44.48703]},"properties":{"nome_area":"PORTA SAN MAMOLO","tipologia_punto_di_interesse":"Fermate Tper","nome_punto_di_interesse":"VIALE ALDINI FR 2\/F"}},{"type":"Feature","geometry":{"type":"Point","coordinates":[11.379208,44.466612]},"properties":{"nome_area":"BATTAGLIA","tipologia_punto_di_interesse":"Fermate Tper","nome_punto_di_interesse":"VIA BATTAGLIA 21\/C"}},{"type":"Feature","geometry":{"type":"Point","coordinates":[11.288157,44.531014]},"properties":{"nome_area":"AEROCLUB@","tipologia_punto_di_interesse":"Fermate Tper","nome_punto_di_interesse":"VIA DELL`AEROPORTO CABINA HERA 291"}},{"type":"Feature","geometry":{"type":"Point","coordinates":[11.346488,44.477687]},"properties":{"nome_area":"SCALINI","tipologia_punto_di_interesse":"Fermate Tper","nome_punto_di_interesse":"VIA DI BARBIANO 2\/A"}},{"type":"Feature","geometry":{"type":"Point","coordinates":[11.325415,44.492577]},"properties":{"nome_area":"GUIDOTTI","tipologia_punto_di_interesse":"Fermate Tper","nome_punto_di_interesse":"VIA GUIDOTTI 37"}},{"type":"Feature","geometry":{"type":"Point","coordinates":[11.36667,44.502253]},"properties":{"nome_area":"BEROALDO","tipologia_punto_di_interesse":"Fermate Tper","nome_punto_di_interesse":"VIA BEROALDO 13"}},{"type":"Feature","geometry":{"type":"Point","coordinates":[11.36227,44.521006]},"properties":{"nome_area":"TANGENZIALE FIERA","tipologia_punto_di_interesse":"Fermate Tper","nome_punto_di_interesse":"VIA STALINGRADO 86-96"}},{"type":"Feature","geometry":{"type":"Point","coordinates":[11.281592,44.505047]},"properties":{"nome_area":"EINAUDI","tipologia_punto_di_interesse":"Fermate Tper","nome_punto_di_interesse":"VIALE SALVEMINI FR PL 23"}},{"type":"Feature","geometry":{"type":"Point","coordinates":[11.319683,44.522762]},"properties":{"nome_area":"PESCAROLA","tipologia_punto_di_interesse":"Fermate Tper","nome_punto_di_interesse":"VIA ZANARDI 184"}},{"type":"Feature","geometry":{"type":"Point","coordinates":[11.383467,44.510069]},"properties":{"nome_area":"BIVIO PILASTRO","tipologia_punto_di_interesse":"Fermate Tper","nome_punto_di_interesse":"VIA PILASTRO FR PL 5"}},{"type":"Feature","geometry":{"type":"Point","coordinates":[11.343174,44.505762]},"properties":{"nome_area":"STAZIONE CENTRALE","tipologia_punto_di_interesse":"Fermate Tper","nome_punto_di_interesse":"PIAZZA MEDAGLIE D`ORO (PENSILINA C)"}},{"type":"Feature","geometry":{"type":"Point","coordinates":[11.368453,44.473903]},"properties":{"nome_area":"CHIESA NUOVA","tipologia_punto_di_interesse":"Fermate Tper","nome_punto_di_interesse":"VIA MURRI 158"}},{"type":"Feature","geometry":{"type":"Point","coordinates":[11.367789,44.507523]},"properties":{"nome_area":"VIALE FIERA","tipologia_punto_di_interesse":"Fermate Tper","nome_punto_di_interesse":"VIALE FIERA FR P.L. 26"}},{"type":"Feature","geometry":{"type":"Point","coordinates":[11.299576,44.489544]},"properties":{"nome_area":"DON STURZO","tipologia_punto_di_interesse":"Fermate Tper","nome_punto_di_interesse":"VIA DON STURZO 13\/C"}},{"type":"Feature","geometry":{"type":"Point","coordinates":[11.374101,44.524173]},"properties":{"nome_area":"CAMPING CITTA` DI BOLOGNA","tipologia_punto_di_interesse":"Fermate Tper","nome_punto_di_interesse":"VIA ROMITA 2 MT PRIMA CIV.12\/4"}},{"type":"Feature","geometry":{"type":"Point","coordinates":[11.356129,44.543144]},"properties":{"nome_area":"COLOMBAROLA","tipologia_punto_di_interesse":"Fermate Tper","nome_punto_di_interesse":"VIA BENTINI 9"}},{"type":"Feature","geometry":{"type":"Point","coordinates":[11.343651,44.490979]},"properties":{"nome_area":"PIAZZA CAVOUR","tipologia_punto_di_interesse":"Fermate Tper","nome_punto_di_interesse":"PIAZZA CAVOUR 5\/D"}},{"type":"Feature","geometry":{"type":"Point","coordinates":[11.343657,44.490808]},"properties":{"nome_area":"PIAZZA CAVOUR","tipologia_punto_di_interesse":"Fermate Tper","nome_punto_di_interesse":"PIAZZA CAVOUR 5"}},{"type":"Feature","geometry":{"type":"Point","coordinates":[11.377447,44.475876]},"properties":{"nome_area":"PO","tipologia_punto_di_interesse":"Fermate Tper","nome_punto_di_interesse":"VIA ORTI 64"}},{"type":"Feature","geometry":{"type":"Point","coordinates":[11.367623,44.492249]},"properties":{"nome_area":"MASSARENTI","tipologia_punto_di_interesse":"Fermate Tper","nome_punto_di_interesse":"VIA VENTUROLI 19-21"}},{"type":"Feature","geometry":{"type":"Point","coordinates":[11.399925,44.510102]},"properties":{"nome_area":"DELEDDA","tipologia_punto_di_interesse":"Fermate Tper","nome_punto_di_interesse":"VIA PANZINI FR P.L. 31"}},{"type":"Feature","geometry":{"type":"Point","coordinates":[11.357455,44.50708]},"properties":{"nome_area":"VESTRI","tipologia_punto_di_interesse":"Fermate Tper","nome_punto_di_interesse":"VIA DEL LAVORO 44"}},{"type":"Feature","geometry":{"type":"Point","coordinates":[11.284521,44.494366]},"properties":{"nome_area":"TRENO","tipologia_punto_di_interesse":"Fermate Tper","nome_punto_di_interesse":"PIAZZA GIOVANNI XXIII 11"}},{"type":"Feature","geometry":{"type":"Point","coordinates":[11.299259,44.493332]},"properties":{"nome_area":"GHISELLO","tipologia_punto_di_interesse":"Fermate Tper","nome_punto_di_interesse":"VIA BARCA 11\/4"}},{"type":"Feature","geometry":{"type":"Point","coordinates":[11.342704,44.47519]},"properties":{"nome_area":"BARBIANO 1","tipologia_punto_di_interesse":"Fermate Tper","nome_punto_di_interesse":"VIA BARBIANO FR P.L. 20"}},{"type":"Feature","geometry":{"type":"Point","coordinates":[11.347971,44.477972]},"properties":{"nome_area":"SCALINI","tipologia_punto_di_interesse":"Fermate Tper","nome_punto_di_interesse":"VIA SCALINI 3"}},{"type":"Feature","geometry":{"type":"Point","coordinates":[11.348937,44.552115]},"properties":{"nome_area":"CA` BIANCA","tipologia_punto_di_interesse":"Fermate Tper","nome_punto_di_interesse":"VIA DEL TREBBO 10"}},{"type":"Feature","geometry":{"type":"Point","coordinates":[11.39866,44.474379]},"properties":{"nome_area":"PARCO DEI CEDRI","tipologia_punto_di_interesse":"Fermate Tper","nome_punto_di_interesse":"VIA DOZZA CIMITERO INGLESE"}},{"type":"Feature","geometry":{"type":"Point","coordinates":[11.39369,44.464131]},"properties":{"nome_area":"ALTURA","tipologia_punto_di_interesse":"Fermate Tper","nome_punto_di_interesse":"VIA ALTURA 7"}},{"type":"Feature","geometry":{"type":"Point","coordinates":[11.368581,44.489808]},"properties":{"nome_area":"PIZZARDI","tipologia_punto_di_interesse":"Fermate Tper","nome_punto_di_interesse":"VIA PIZZARDI 39\/C"}},{"type":"Feature","geometry":{"type":"Point","coordinates":[11.318898,44.498237]},"properties":{"nome_area":"PASUBIO","tipologia_punto_di_interesse":"Fermate Tper","nome_punto_di_interesse":"VIA PASUBIO FR 22"}},{"type":"Feature","geometry":{"type":"Point","coordinates":[11.381372,44.473148]},"properties":{"nome_area":"MILANO","tipologia_punto_di_interesse":"Fermate Tper","nome_punto_di_interesse":"VIA MILANO 9"}},{"type":"Feature","geometry":{"type":"Point","coordinates":[11.411958,44.49684]},"properties":{"nome_area":"ROVERI","tipologia_punto_di_interesse":"Fermate Tper","nome_punto_di_interesse":null}},{"type":"Feature","geometry":{"type":"Point","coordinates":[11.3371578191,44.4943241334]},"properties":{"nome_area":"Piazza Maggiore \/ Podest\u00e0","tipologia_punto_di_interesse":"Pista ciclopedonale","nome_punto_di_interesse":null}},{"type":"Feature","geometry":{"type":"Point","coordinates":[11.3429548002,44.4990434696]},"properties":{"nome_area":"Piazza Maggiore \/ Podest\u00e0","tipologia_punto_di_interesse":"Pista ciclopedonale","nome_punto_di_interesse":null}},{"type":"Feature","geometry":{"type":"Point","coordinates":[11.3533909761,44.5120085115]},"properties":{"nome_area":"Piazza Unit\u00e0","tipologia_punto_di_interesse":"Pista ciclopedonale","nome_punto_di_interesse":null}},{"type":"Feature","geometry":{"type":"Point","coordinates":[11.3516828676,44.4926285257]},"properties":{"nome_area":"Piazza Porta Ravegnana","tipologia_punto_di_interesse":"Pista ciclopedonale","nome_punto_di_interesse":null}},{"type":"Feature","geometry":{"type":"Point","coordinates":[11.3520696313,44.4968243527]},"properties":{"nome_area":"Piazza Porta Ravegnana","tipologia_punto_di_interesse":"Pista ciclopedonale","nome_punto_di_interesse":null}},{"type":"Feature","geometry":{"type":"Point","coordinates":[11.3304279276,44.4943200007]},"properties":{"nome_area":"Piazza Maggiore \/ Podest\u00e0","tipologia_punto_di_interesse":"Pista ciclopedonale","nome_punto_di_interesse":null}},{"type":"Feature","geometry":{"type":"Point","coordinates":[11.3518397281,44.4936228466]},"properties":{"nome_area":"Piazza Porta Ravegnana","tipologia_punto_di_interesse":"Pista ciclopedonale","nome_punto_di_interesse":null}},{"type":"Feature","geometry":{"type":"Point","coordinates":[11.3567936317,44.4964518613]},"properties":{"nome_area":"Piazza Porta Ravegnana","tipologia_punto_di_interesse":"Pista ciclopedonale","nome_punto_di_interesse":null}},{"type":"Feature","geometry":{"type":"Point","coordinates":[11.3449061963,44.5029118462]},"properties":{"nome_area":"Piazza 8 Agosto","tipologia_punto_di_interesse":"Pista ciclopedonale","nome_punto_di_interesse":null}},{"type":"Feature","geometry":{"type":"Point","coordinates":[11.3512426048,44.4953480085]},"properties":{"nome_area":"Piazza Maggiore \/ Podest\u00e0","tipologia_punto_di_interesse":"Pista ciclopedonale","nome_punto_di_interesse":null}},{"type":"Feature","geometry":{"type":"Point","coordinates":[11.3425672079,44.4944228496]},"properties":{"nome_area":"Palazzo D'Accursio","tipologia_punto_di_interesse":"Pista ciclopedonale","nome_punto_di_interesse":null}},{"type":"Feature","geometry":{"type":"Point","coordinates":[11.3490844525,44.5037471971]},"properties":{"nome_area":"Piazza Unit\u00e0","tipologia_punto_di_interesse":"Pista ciclopedonale","nome_punto_di_interesse":"VIALE ANGELO MASINI"}},{"type":"Feature","geometry":{"type":"Point","coordinates":[11.3441092831,44.4858691585]},"properties":{"nome_area":"Piazza Maggiore \/ Podest\u00e0","tipologia_punto_di_interesse":"Pista ciclopedonale","nome_punto_di_interesse":null}},{"type":"Feature","geometry":{"type":"Point","coordinates":[11.2769387237,44.5020549422]},"properties":{"nome_area":"Giardino Sorelle Mirabal","tipologia_punto_di_interesse":"Pista ciclopedonale","nome_punto_di_interesse":null}},{"type":"Feature","geometry":{"type":"Point","coordinates":[11.3425672079,44.4944228496]},"properties":{"nome_area":"Biblioteca Salaborsa","tipologia_punto_di_interesse":"Pista ciclopedonale","nome_punto_di_interesse":null}},{"type":"Feature","geometry":{"type":"Point","coordinates":[11.3424117638,44.495463777]},"properties":{"nome_area":"Piazza Maggiore \/ Podest\u00e0","tipologia_punto_di_interesse":"Pista ciclopedonale","nome_punto_di_interesse":null}},{"type":"Feature","geometry":{"type":"Point","coordinates":[11.3547794043,44.4857565864]},"properties":{"nome_area":"Quartiere Santo Stefano","tipologia_punto_di_interesse":"Pista ciclopedonale","nome_punto_di_interesse":null}},{"type":"Feature","geometry":{"type":"Point","coordinates":[11.3482614898,44.4863973545]},"properties":{"nome_area":"Piazza Maggiore \/ Podest\u00e0","tipologia_punto_di_interesse":"Pista ciclopedonale","nome_punto_di_interesse":null}},{"type":"Feature","geometry":{"type":"Point","coordinates":[11.352942012,44.4837581279]},"properties":{"nome_area":"Giardini Margherita","tipologia_punto_di_interesse":"Pista ciclopedonale","nome_punto_di_interesse":null}},{"type":"Feature","geometry":{"type":"Point","coordinates":[11.3440647786,44.4953557404]},"properties":{"nome_area":"Piazza Maggiore \/ Podest\u00e0","tipologia_punto_di_interesse":"Pista ciclopedonale","nome_punto_di_interesse":null}},{"type":"Feature","geometry":{"type":"Point","coordinates":[11.341356,44.493782]},"properties":{"nome_area":null,"tipologia_punto_di_interesse":"Rastrelliera Bici","nome_punto_di_interesse":"4 Novembre, 10"}},{"type":"Feature","geometry":{"type":"Point","coordinates":[11.349051,44.497646]},"properties":{"nome_area":null,"tipologia_punto_di_interesse":"Rastrelliera Bici","nome_punto_di_interesse":"Belle arti, 11\/13"}},{"type":"Feature","geometry":{"type":"Point","coordinates":[11.34878,44.487826]},"properties":{"nome_area":null,"tipologia_punto_di_interesse":"Rastrelliera Bici","nome_punto_di_interesse":"Rialto, 25"}},{"type":"Feature","geometry":{"type":"Point","coordinates":[11.331174,44.497936]},"properties":{"nome_area":null,"tipologia_punto_di_interesse":"Rastrelliera Bici","nome_punto_di_interesse":"San Felice (ang. Via Riva Reno)"}},{"type":"Feature","geometry":{"type":"Point","coordinates":[11.352772,44.489839]},"properties":{"nome_area":null,"tipologia_punto_di_interesse":"Rastrelliera Bici","nome_punto_di_interesse":"San Petronio Vecchio, 30\/b"}},{"type":"Feature","geometry":{"type":"Point","coordinates":[11.352176,44.501506]},"properties":{"nome_area":null,"tipologia_punto_di_interesse":"Rastrelliera Bici","nome_punto_di_interesse":"Mascarella, 81\/d"}},{"type":"Feature","geometry":{"type":"Point","coordinates":[11.345401,44.491661]},"properties":{"nome_area":null,"tipologia_punto_di_interesse":"Rastrelliera Bici","nome_punto_di_interesse":"Piazza Minghetti"}},{"type":"Feature","geometry":{"type":"Point","coordinates":[11.356734,44.493786]},"properties":{"nome_area":null,"tipologia_punto_di_interesse":"Rastrelliera Bici","nome_punto_di_interesse":"Porta S. Vitale, 3"}},{"type":"Feature","geometry":{"type":"Point","coordinates":[11.337408,44.495604]},"properties":{"nome_area":null,"tipologia_punto_di_interesse":"Rastrelliera Bici","nome_punto_di_interesse":"Ugo Bassi, 14"}},{"type":"Feature","geometry":{"type":"Point","coordinates":[11.337461,44.495786]},"properties":{"nome_area":null,"tipologia_punto_di_interesse":"Rastrelliera Bici","nome_punto_di_interesse":"Bassi, 31\/h"}},{"type":"Feature","geometry":{"type":"Point","coordinates":[11.344136,44.493153]},"properties":{"nome_area":null,"tipologia_punto_di_interesse":"Rastrelliera Bici","nome_punto_di_interesse":"Musei, 8"}},{"type":"Feature","geometry":{"type":"Point","coordinates":[11.341259,44.496505]},"properties":{"nome_area":null,"tipologia_punto_di_interesse":"Rastrelliera Bici","nome_punto_di_interesse":"Parigi, 4"}},{"type":"Feature","geometry":{"type":"Point","coordinates":[11.35095,44.496094]},"properties":{"nome_area":null,"tipologia_punto_di_interesse":"Rastrelliera Bici","nome_punto_di_interesse":"Bibiena, 1"}},{"type":"Feature","geometry":{"type":"Point","coordinates":[11.349081,44.489594]},"properties":{"nome_area":null,"tipologia_punto_di_interesse":"Rastrelliera Bici","nome_punto_di_interesse":"Cartoleria, 20"}},{"type":"Feature","geometry":{"type":"Point","coordinates":[11.356233,44.494068]},"properties":{"nome_area":null,"tipologia_punto_di_interesse":"Rastrelliera Bici","nome_punto_di_interesse":"San Vitale, 83"}},{"type":"Feature","geometry":{"type":"Point","coordinates":[11.334364,44.499184]},"properties":{"nome_area":null,"tipologia_punto_di_interesse":"Rastrelliera Bici","nome_punto_di_interesse":"Via Brugnoli, 6"}},{"type":"Feature","geometry":{"type":"Point","coordinates":[11.346796,44.485729]},"properties":{"nome_area":null,"tipologia_punto_di_interesse":"Rastrelliera Bici","nome_punto_di_interesse":"XII Giugno, 15\/2"}},{"type":"Feature","geometry":{"type":"Point","coordinates":[11.331464,44.496463]},"properties":{"nome_area":null,"tipologia_punto_di_interesse":"Rastrelliera Bici","nome_punto_di_interesse":"Pietralata, 41"}},{"type":"Feature","geometry":{"type":"Point","coordinates":[11.352106,44.488247]},"properties":{"nome_area":null,"tipologia_punto_di_interesse":"Rastrelliera Bici","nome_punto_di_interesse":"Santo Stefano, 66"}},{"type":"Feature","geometry":{"type":"Point","coordinates":[11.350336,44.497711]},"properties":{"nome_area":null,"tipologia_punto_di_interesse":"Rastrelliera Bici","nome_punto_di_interesse":"Belle Arti, 18"}},{"type":"Feature","geometry":{"type":"Point","coordinates":[11.339688,44.501365]},"properties":{"nome_area":null,"tipologia_punto_di_interesse":"Rastrelliera Bici","nome_punto_di_interesse":"Del Porto, 5\/4 (ang. Via Marconi)"}},{"type":"Feature","geometry":{"type":"Point","coordinates":[11.339371,44.497146]},"properties":{"nome_area":null,"tipologia_punto_di_interesse":"Rastrelliera Bici","nome_punto_di_interesse":"Nazario Sauro, 20"}},{"type":"Feature","geometry":{"type":"Point","coordinates":[11.343785,44.488361]},"properties":{"nome_area":null,"tipologia_punto_di_interesse":"Rastrelliera Bici","nome_punto_di_interesse":"Piazza Tribunali, 2 e 6"}},{"type":"Feature","geometry":{"type":"Point","coordinates":[11.344033,44.503848]},"properties":{"nome_area":null,"tipologia_punto_di_interesse":"Rastrelliera Bici","nome_punto_di_interesse":"Piazza XX Settembre Gramsci (50 posti bici)"}},{"type":"Feature","geometry":{"type":"Point","coordinates":[11.329619,44.497152]},"properties":{"nome_area":null,"tipologia_punto_di_interesse":"Rastrelliera Bici","nome_punto_di_interesse":"Santa Croce, 17\/1"}},{"type":"Feature","geometry":{"type":"Point","coordinates":[11.344612,44.487057]},"properties":{"nome_area":null,"tipologia_punto_di_interesse":"Rastrelliera Bici","nome_punto_di_interesse":"XII Giugno, 7"}},{"type":"Feature","geometry":{"type":"Point","coordinates":[11.347876,44.497403]},"properties":{"nome_area":null,"tipologia_punto_di_interesse":"Rastrelliera Bici","nome_punto_di_interesse":"Delle Belle Arti, 8"}},{"type":"Feature","geometry":{"type":"Point","coordinates":[11.340798,44.495686]},"properties":{"nome_area":null,"tipologia_punto_di_interesse":"Rastrelliera Bici","nome_punto_di_interesse":"Monte Grappa, 8, 9 e 10"}},{"type":"Feature","geometry":{"type":"Point","coordinates":[11.356409,44.496391]},"properties":{"nome_area":null,"tipologia_punto_di_interesse":"Rastrelliera Bici","nome_punto_di_interesse":"San Giacomo (ang. Viale Filopanti)"}},{"type":"Feature","geometry":{"type":"Point","coordinates":[11.333213,44.502076]},"properties":{"nome_area":null,"tipologia_punto_di_interesse":"Rastrelliera Bici","nome_punto_di_interesse":"Delle Lame, 160"}},{"type":"Feature","geometry":{"type":"Point","coordinates":[11.2744,44.5026]},"properties":{"nome_area":"Giardino Sorelle Mirabal","tipologia_punto_di_interesse":"Stazione ferroviaria","nome_punto_di_interesse":"CASTELDEBOLE"}},{"type":"Feature","geometry":{"type":"Point","coordinates":[11.315042436,44.5014022018]},"properties":{"nome_area":null,"tipologia_punto_di_interesse":"Zona 30","nome_punto_di_interesse":"Timavo e Piave"}},{"type":"Feature","geometry":{"type":"Point","coordinates":[11.2935777131,44.4941162264]},"properties":{"nome_area":null,"tipologia_punto_di_interesse":"Zona 30","nome_punto_di_interesse":"La Pira"}},{"type":"Feature","geometry":{"type":"Point","coordinates":[11.3768738754,44.5050891772]},"properties":{"nome_area":null,"tipologia_punto_di_interesse":"Zona 30","nome_punto_di_interesse":"Campagna"}},{"type":"Feature","geometry":{"type":"Point","coordinates":[11.3445585112,44.494086843]},"properties":{"nome_area":"Piazza Maggiore \/ Podest\u00e0","tipologia_punto_di_interesse":"Zona pedonale","nome_punto_di_interesse":"VIA DEGLI ARTIERI"}},{"type":"Feature","geometry":{"type":"Point","coordinates":[11.3461806821,44.4958371649]},"properties":{"nome_area":"Piazza Maggiore \/ Podest\u00e0","tipologia_punto_di_interesse":"Zona pedonale","nome_punto_di_interesse":"VICOLO MANDRIA"}},{"type":"Feature","geometry":{"type":"Point","coordinates":[11.3431374637,44.4919141423]},"properties":{"nome_area":"Piazza Maggiore \/ Podest\u00e0","tipologia_punto_di_interesse":"Zona pedonale","nome_punto_di_interesse":"VIA DELL'ARCHIGINNASIO"}},{"type":"Feature","geometry":{"type":"Point","coordinates":[11.290609,44.490193]},"properties":{"nome_area":"BONINSEGNA","tipologia_punto_di_interesse":"Fermate Tper","nome_punto_di_interesse":"VIA BONINSEGNA 3"}},{"type":"Feature","geometry":{"type":"Point","coordinates":[11.317216,44.453852]},"properties":{"nome_area":"FORTE","tipologia_punto_di_interesse":"Fermate Tper","nome_punto_di_interesse":"VIA COLLI FR 39-45"}},{"type":"Feature","geometry":{"type":"Point","coordinates":[11.365872,44.526972]},"properties":{"nome_area":"PARCO NORD","tipologia_punto_di_interesse":"Fermate Tper","nome_punto_di_interesse":"RACCORDO TRA VIA FERRARESE E VIA STALING"}},{"type":"Feature","geometry":{"type":"Point","coordinates":[11.369937,44.459333]},"properties":{"nome_area":"BUON PASTORE","tipologia_punto_di_interesse":"Fermate Tper","nome_punto_di_interesse":"VIA DELL`ANGELO CUSTODE FR PL 2"}},{"type":"Feature","geometry":{"type":"Point","coordinates":[11.364699,44.502663]},"properties":{"nome_area":"GALEOTTI","tipologia_punto_di_interesse":"Fermate Tper","nome_punto_di_interesse":"VIA GALEOTTI 14\/B"}},{"type":"Feature","geometry":{"type":"Point","coordinates":[11.342458,44.515833]},"properties":{"nome_area":"FONDO COMINI","tipologia_punto_di_interesse":"Fermate Tper","nome_punto_di_interesse":"VIA FIORAVANTI 101\/A"}},{"type":"Feature","geometry":{"type":"Point","coordinates":[11.284427,44.509015]},"properties":{"nome_area":"FAGGIOLO","tipologia_punto_di_interesse":"Fermate Tper","nome_punto_di_interesse":"VIA DELLA PIETRA 21\/A"}},{"type":"Feature","geometry":{"type":"Point","coordinates":[11.27983,44.505344]},"properties":{"nome_area":"LA MALFA","tipologia_punto_di_interesse":"Fermate Tper","nome_punto_di_interesse":"VIA LA MALFA FR 16"}},{"type":"Feature","geometry":{"type":"Point","coordinates":[11.321202,44.521741]},"properties":{"nome_area":"SELVA PESCAROLA","tipologia_punto_di_interesse":"Fermate Tper","nome_punto_di_interesse":"VIA ZANARDI 150"}},{"type":"Feature","geometry":{"type":"Point","coordinates":[11.359755,44.482383]},"properties":{"nome_area":"MURRI","tipologia_punto_di_interesse":"Fermate Tper","nome_punto_di_interesse":"VIA MURRI 22"}},{"type":"Feature","geometry":{"type":"Point","coordinates":[11.34379,44.505444]},"properties":{"nome_area":"STAZIONE CENTRALE","tipologia_punto_di_interesse":"Fermate Tper","nome_punto_di_interesse":"PIAZZA MEDAGLIE D`ORO (PENSILINA A)"}},{"type":"Feature","geometry":{"type":"Point","coordinates":[11.343797,44.499331]},"properties":{"nome_area":"ARENA DEL SOLE","tipologia_punto_di_interesse":"Fermate Tper","nome_punto_di_interesse":"VIA INDIPENDENZA 44"}},{"type":"Feature","geometry":{"type":"Point","coordinates":[11.367179,44.472246]},"properties":{"nome_area":"ROVIGHI","tipologia_punto_di_interesse":"Fermate Tper","nome_punto_di_interesse":"VIA ROVIGHI FR 1"}},{"type":"Feature","geometry":{"type":"Point","coordinates":[11.360474,44.472475]},"properties":{"nome_area":"VILLA GETSEMANI","tipologia_punto_di_interesse":"Fermate Tper","nome_punto_di_interesse":"VIA SIEPELUNGA 36\/2"}},{"type":"Feature","geometry":{"type":"Point","coordinates":[11.379655,44.462443]},"properties":{"nome_area":"ROTONDA MEZZINI","tipologia_punto_di_interesse":"Fermate Tper","nome_punto_di_interesse":"VIA ALBERTO MARIO"}},{"type":"Feature","geometry":{"type":"Point","coordinates":[11.328494,44.493468]},"properties":{"nome_area":"PORTA SANT`ISAIA","tipologia_punto_di_interesse":"Fermate Tper","nome_punto_di_interesse":"VIALE PEPOLI 74"}},{"type":"Feature","geometry":{"type":"Point","coordinates":[11.349914,44.525709]},"properties":{"nome_area":"CASERME ROSSE","tipologia_punto_di_interesse":"Fermate Tper","nome_punto_di_interesse":"VIA CORTICELLA 147"}},{"type":"Feature","geometry":{"type":"Point","coordinates":[11.352409,44.513603]},"properties":{"nome_area":"CIGNANI","tipologia_punto_di_interesse":"Fermate Tper","nome_punto_di_interesse":"VIA FERRARESE 26"}},{"type":"Feature","geometry":{"type":"Point","coordinates":[11.327402,44.512171]},"properties":{"nome_area":"POSTE","tipologia_punto_di_interesse":"Fermate Tper","nome_punto_di_interesse":"VIA ZANARDI FR. 41"}},{"type":"Feature","geometry":{"type":"Point","coordinates":[11.3616,44.488548]},"properties":{"nome_area":"ALBERTONI","tipologia_punto_di_interesse":"Fermate Tper","nome_punto_di_interesse":"VIA MAZZINI 82\/E"}},{"type":"Feature","geometry":{"type":"Point","coordinates":[11.397605,44.49924]},"properties":{"nome_area":"CERAMISTA","tipologia_punto_di_interesse":"Fermate Tper","nome_punto_di_interesse":"VIA CERAMISTA 1"}},{"type":"Feature","geometry":{"type":"Point","coordinates":[11.410462,44.500805]},"properties":{"nome_area":"MURATORE","tipologia_punto_di_interesse":"Fermate Tper","nome_punto_di_interesse":"VIA DEL MURATORE FR P.L. 45"}},{"type":"Feature","geometry":{"type":"Point","coordinates":[11.399036,44.490585]},"properties":{"nome_area":"CROCE DEL BIACCO","tipologia_punto_di_interesse":"Fermate Tper","nome_punto_di_interesse":"VIA MARTELLI 38"}},{"type":"Feature","geometry":{"type":"Point","coordinates":[11.398843,44.49049]},"properties":{"nome_area":"CROCE DEL BIACCO","tipologia_punto_di_interesse":"Fermate Tper","nome_punto_di_interesse":"VIA MARTELLI P.L. 21"}},{"type":"Feature","geometry":{"type":"Point","coordinates":[11.368678,44.473574]},"properties":{"nome_area":"CHIESA NUOVA","tipologia_punto_di_interesse":"Fermate Tper","nome_punto_di_interesse":"VIA MURRI 193"}},{"type":"Feature","geometry":{"type":"Point","coordinates":[11.384075,44.466033]},"properties":{"nome_area":"LONGO","tipologia_punto_di_interesse":"Fermate Tper","nome_punto_di_interesse":"VIA LONGO 15"}},{"type":"Feature","geometry":{"type":"Point","coordinates":[11.290373,44.500559]},"properties":{"nome_area":"DE PISIS","tipologia_punto_di_interesse":"Fermate Tper","nome_punto_di_interesse":"VIA BERTOCCHI 63"}},{"type":"Feature","geometry":{"type":"Point","coordinates":[11.319254,44.455827]},"properties":{"nome_area":"CASA CANTINELLA","tipologia_punto_di_interesse":"Fermate Tper","nome_punto_di_interesse":"VIA COLLI 37\/2"}},{"type":"Feature","geometry":{"type":"Point","coordinates":[11.321489,44.489677]},"properties":{"nome_area":"ORSONI","tipologia_punto_di_interesse":"Fermate Tper","nome_punto_di_interesse":"VIA SARAGOZZA FR 153\/B"}},{"type":"Feature","geometry":{"type":"Point","coordinates":[11.370304,44.460009]},"properties":{"nome_area":"ANGELO CUSTODE","tipologia_punto_di_interesse":"Fermate Tper","nome_punto_di_interesse":"VIA TOSCANA 120"}},{"type":"Feature","geometry":{"type":"Point","coordinates":[11.3546,44.534245]},"properties":{"nome_area":"PINARDI","tipologia_punto_di_interesse":"Fermate Tper","nome_punto_di_interesse":"VIA CORTICELLA 201\/2\/A"}},{"type":"Feature","geometry":{"type":"Point","coordinates":[11.344922,44.494455]},"properties":{"nome_area":"RIZZOLI","tipologia_punto_di_interesse":"Fermate Tper","nome_punto_di_interesse":"VIA RIZZOLI 5\/B"}},{"type":"Feature","geometry":{"type":"Point","coordinates":[11.303491,44.507542]},"properties":{"nome_area":"SANTA VIOLA","tipologia_punto_di_interesse":"Fermate Tper","nome_punto_di_interesse":"VIA EMILIA PONENTE 157"}},{"type":"Feature","geometry":{"type":"Point","coordinates":[11.407742,44.496163]},"properties":{"nome_area":"CASERMA CHIARINI","tipologia_punto_di_interesse":"Fermate Tper","nome_punto_di_interesse":"VIA MATTEI FR 58"}},{"type":"Feature","geometry":{"type":"Point","coordinates":[11.373431,44.493416]},"properties":{"nome_area":"RIMESSE STAZIONE","tipologia_punto_di_interesse":"Fermate Tper","nome_punto_di_interesse":"VIA MASSARENTI FR 95"}},{"type":"Feature","geometry":{"type":"Point","coordinates":[11.315489,44.499179]},"properties":{"nome_area":"WEBER","tipologia_punto_di_interesse":"Fermate Tper","nome_punto_di_interesse":"VIA PASUBIO P.L. 16"}},{"type":"Feature","geometry":{"type":"Point","coordinates":[11.350233,44.496093]},"properties":{"nome_area":"TEATRO COMUNALE","tipologia_punto_di_interesse":"Fermate Tper","nome_punto_di_interesse":"PIAZZA VERDI 4"}},{"type":"Feature","geometry":{"type":"Point","coordinates":[11.385051,44.46839]},"properties":{"nome_area":"LONGO CAVAZZONI","tipologia_punto_di_interesse":"Fermate Tper","nome_punto_di_interesse":"VIA LONGO 20 MT PRIMA INTERSEZIONE VIA B"}},{"type":"Feature","geometry":{"type":"Point","coordinates":[11.375613,44.463221]},"properties":{"nome_area":"CORTICELLI","tipologia_punto_di_interesse":"Fermate Tper","nome_punto_di_interesse":"VIA CORELLI 22"}},{"type":"Feature","geometry":{"type":"Point","coordinates":[11.335993,44.477461]},"properties":{"nome_area":"SAN MAMOLO","tipologia_punto_di_interesse":"Fermate Tper","nome_punto_di_interesse":"VIA SAN MAMOLO 142"}},{"type":"Feature","geometry":{"type":"Point","coordinates":[11.344415,44.480539]},"properties":{"nome_area":"PIAZZALE BACCHELLI","tipologia_punto_di_interesse":"Fermate Tper","nome_punto_di_interesse":"VIA PUTTI 32"}},{"type":"Feature","geometry":{"type":"Point","coordinates":[11.309413,44.443711]},"properties":{"nome_area":"TIRO AL PIATTELLO","tipologia_punto_di_interesse":"Fermate Tper","nome_punto_di_interesse":"VIA COLLI (Tiro Piattello)"}},{"type":"Feature","geometry":{"type":"Point","coordinates":[11.314709,44.421592]},"properties":{"nome_area":"CIPPO SABBIUNO","tipologia_punto_di_interesse":"Fermate Tper","nome_punto_di_interesse":"VIA DI SABBIUNO (CIPPO DI SABBIUNO)"}},{"type":"Feature","geometry":{"type":"Point","coordinates":[11.372367,44.505015]},"properties":{"nome_area":"GIARDINO GINO CERVI","tipologia_punto_di_interesse":"Fermate Tper","nome_punto_di_interesse":"VIA ANDREINI 5"}},{"type":"Feature","geometry":{"type":"Point","coordinates":[11.337568,44.516896]},"properties":{"nome_area":"ROTONDA GOBETTI","tipologia_punto_di_interesse":"Fermate Tper","nome_punto_di_interesse":"VIA BARBIERI 102"}},{"type":"Feature","geometry":{"type":"Point","coordinates":[11.347191,44.491447]},"properties":{"nome_area":"PIAZZA MINGHETTI","tipologia_punto_di_interesse":"Fermate Tper","nome_punto_di_interesse":"VIA FARINI 23"}},{"type":"Feature","geometry":{"type":"Point","coordinates":[11.393048,44.48133]},"properties":{"nome_area":"MONDOLFO","tipologia_punto_di_interesse":"Fermate Tper","nome_punto_di_interesse":"VIA DUE MADONNE FR 9"}},{"type":"Feature","geometry":{"type":"Point","coordinates":[11.413193,44.503583]},"properties":{"nome_area":"ROTONDA ACQUA FRESCA","tipologia_punto_di_interesse":"Fermate Tper","nome_punto_di_interesse":"VIA DEL SELCIATORE P.L. 4"}},{"type":"Feature","geometry":{"type":"Point","coordinates":[11.412605,44.504289]},"properties":{"nome_area":"ROTONDA ACQUA FRESCA","tipologia_punto_di_interesse":"Fermate Tper","nome_punto_di_interesse":"VIA DEL MURATORE P.L. 14-16"}},{"type":"Feature","geometry":{"type":"Point","coordinates":[11.368334,44.492703]},"properties":{"nome_area":"MASSARENTI","tipologia_punto_di_interesse":"Fermate Tper","nome_punto_di_interesse":"VIA MASSARENTI 37"}},{"type":"Feature","geometry":{"type":"Point","coordinates":[11.295075,44.521324]},"properties":{"nome_area":"BIRRA","tipologia_punto_di_interesse":"Fermate Tper","nome_punto_di_interesse":"VIA TRIUMVIRATO 93\/C"}},{"type":"Feature","geometry":{"type":"Point","coordinates":[11.317588,44.491845]},"properties":{"nome_area":"XXI APRILE ZANNONI","tipologia_punto_di_interesse":"Fermate Tper","nome_punto_di_interesse":"VIA XXI APRILE 17"}},{"type":"Feature","geometry":{"type":"Point","coordinates":[11.315499,44.533407]},"properties":{"nome_area":"NOCE","tipologia_punto_di_interesse":"Fermate Tper","nome_punto_di_interesse":"VIA ZANARDI FR 502"}},{"type":"Feature","geometry":{"type":"Point","coordinates":[11.332063,44.497483]},"properties":{"nome_area":"SAN FELICE","tipologia_punto_di_interesse":"Fermate Tper","nome_punto_di_interesse":"VIA SAN FELICE 56\/D"}},{"type":"Feature","geometry":{"type":"Point","coordinates":[11.344723,44.502346]},"properties":{"nome_area":"INDIPENDENZA MILLE","tipologia_punto_di_interesse":"Fermate Tper","nome_punto_di_interesse":"VIA INDIPENDENZA 66\/68"}},{"type":"Feature","geometry":{"type":"Point","coordinates":[11.361442,44.476821]},"properties":{"nome_area":"BORGHI MAMO","tipologia_punto_di_interesse":"Fermate Tper","nome_punto_di_interesse":"VIA BORGHI MAMO 5"}},{"type":"Feature","geometry":{"type":"Point","coordinates":[11.280824,44.527281]},"properties":{"nome_area":"CASE SAVINI@","tipologia_punto_di_interesse":"Fermate Tper","nome_punto_di_interesse":"VIA DELLA FORNACE 3\/2"}},{"type":"Feature","geometry":{"type":"Point","coordinates":[11.390399,44.470663]},"properties":{"nome_area":"ROMA","tipologia_punto_di_interesse":"Fermate Tper","nome_punto_di_interesse":"VIALE ROMA FR 12"}},{"type":"Feature","geometry":{"type":"Point","coordinates":[11.365735,44.496871]},"properties":{"nome_area":"DEHON","tipologia_punto_di_interesse":"Fermate Tper","nome_punto_di_interesse":"VIA LIBIA FR 50"}},{"type":"Feature","geometry":{"type":"Point","coordinates":[11.361098,44.522192]},"properties":{"nome_area":"MANIFATTURA","tipologia_punto_di_interesse":"Fermate Tper","nome_punto_di_interesse":"VIA MANIFATTURA 3"}},{"type":"Feature","geometry":{"type":"Point","coordinates":[11.350859,44.510421]},"properties":{"nome_area":"CRETI","tipologia_punto_di_interesse":"Fermate Tper","nome_punto_di_interesse":"VIA CRETI 41"}},{"type":"Feature","geometry":{"type":"Point","coordinates":[11.340257,44.494479]},"properties":{"nome_area":"PIAZZA ROOSEVELT","tipologia_punto_di_interesse":"Fermate Tper","nome_punto_di_interesse":"PIAZZA ROOSEVELT 4"}},{"type":"Feature","geometry":{"type":"Point","coordinates":[11.306817,44.506368]},"properties":{"nome_area":"BERRETTA ROSSA - OPIFICIO","tipologia_punto_di_interesse":"Fermate Tper","nome_punto_di_interesse":"VIA EMILIA PONENTE FR 127\/A"}},{"type":"Feature","geometry":{"type":"Point","coordinates":[11.41138,44.496843]},"properties":{"nome_area":"ROVERI","tipologia_punto_di_interesse":"Fermate Tper","nome_punto_di_interesse":"VIA MATTEI 76\/A"}},{"type":"Feature","geometry":{"type":"Point","coordinates":[11.34979,44.499793]},"properties":{"nome_area":"IRNERIO","tipologia_punto_di_interesse":"Fermate Tper","nome_punto_di_interesse":"VIA IRNERIO FR 20\/C"}},{"type":"Feature","geometry":{"type":"Point","coordinates":[11.340413,44.50184]},"properties":{"nome_area":"PIAZZA DEI MARTIRI","tipologia_punto_di_interesse":"Fermate Tper","nome_punto_di_interesse":"PIAZZA DEI MARTIRI 1"}},{"type":"Feature","geometry":{"type":"Point","coordinates":[11.359441,44.477096]},"properties":{"nome_area":"SIEPELUNGA","tipologia_punto_di_interesse":"Fermate Tper","nome_punto_di_interesse":"VIA SIEPELUNGA 30"}},{"type":"Feature","geometry":{"type":"Point","coordinates":[11.373739,44.476512]},"properties":{"nome_area":"LUNETTA GAMBERINI","tipologia_punto_di_interesse":"Fermate Tper","nome_punto_di_interesse":"VIA ORTI 45-47"}},{"type":"Feature","geometry":{"type":"Point","coordinates":[11.331351,44.505491]},"properties":{"nome_area":"BOVI CAMPEGGI","tipologia_punto_di_interesse":"Fermate Tper","nome_punto_di_interesse":"VIA ZANARDI FR 29\/A"}},{"type":"Feature","geometry":{"type":"Point","coordinates":[11.265234,44.520848]},"properties":{"nome_area":"VILLAGGIO INA","tipologia_punto_di_interesse":"Fermate Tper","nome_punto_di_interesse":"VIA MARCO EMILIO LEPIDO 5M DOPO P.L. 159"}},{"type":"Feature","geometry":{"type":"Point","coordinates":[11.32866,44.464765]},"properties":{"nome_area":"MONTE CUCCOLINO","tipologia_punto_di_interesse":"Fermate Tper","nome_punto_di_interesse":"VIA COLLI 21"}},{"type":"Feature","geometry":{"type":"Point","coordinates":[11.328894,44.464976]},"properties":{"nome_area":"MONTE CUCCOLINO","tipologia_punto_di_interesse":"Fermate Tper","nome_punto_di_interesse":"VIA COLLI FR 19"}},{"type":"Feature","geometry":{"type":"Point","coordinates":[11.328339,44.490519]},"properties":{"nome_area":"PORTA SARAGOZZA - RISORGI","tipologia_punto_di_interesse":"Fermate Tper","nome_punto_di_interesse":"VIA SARAGOZZA 85"}},{"type":"Feature","geometry":{"type":"Point","coordinates":[11.342833,44.495362]},"properties":{"nome_area":"SAN PIETRO","tipologia_punto_di_interesse":"Fermate Tper","nome_punto_di_interesse":"VIA INDIPENDENZA FR 4"}},{"type":"Feature","geometry":{"type":"Point","coordinates":[11.31901,44.514376]},"properties":{"nome_area":"TERRACINI","tipologia_punto_di_interesse":"Fermate Tper","nome_punto_di_interesse":"VIA TERRACINI FR 34"}},{"type":"Feature","geometry":{"type":"Point","coordinates":[11.36704,44.501138]},"properties":{"nome_area":"CAMPO SAVENA","tipologia_punto_di_interesse":"Fermate Tper","nome_punto_di_interesse":"VIA MONDO 8"}},{"type":"Feature","geometry":{"type":"Point","coordinates":[11.359048,44.52254]},"properties":{"nome_area":"MANIFATTURA","tipologia_punto_di_interesse":"Fermate Tper","nome_punto_di_interesse":"VIA FERRARESE FR PL 80\/81"}},{"type":"Feature","geometry":{"type":"Point","coordinates":[11.35743,44.540759]},"properties":{"nome_area":"SOLARI","tipologia_punto_di_interesse":"Fermate Tper","nome_punto_di_interesse":"VIA LIPPARINI 6\/A"}},{"type":"Feature","geometry":{"type":"Point","coordinates":[11.318067,44.524856]},"properties":{"nome_area":"C.S. PESCAROLA","tipologia_punto_di_interesse":"Fermate Tper","nome_punto_di_interesse":"VIA ZANARDI 228"}},{"type":"Feature","geometry":{"type":"Point","coordinates":[11.397093,44.487997]},"properties":{"nome_area":"CANOVA","tipologia_punto_di_interesse":"Fermate Tper","nome_punto_di_interesse":"NUOVO SOTTOPASSO DI VIA DUE MADONNE"}},{"type":"Feature","geometry":{"type":"Point","coordinates":[11.318944,44.498119]},"properties":{"nome_area":"PASUBIO","tipologia_punto_di_interesse":"Fermate Tper","nome_punto_di_interesse":"VIA PASUBIO 22"}},{"type":"Feature","geometry":{"type":"Point","coordinates":[11.316269,44.488693]},"properties":{"nome_area":"VILLA SPADA","tipologia_punto_di_interesse":"Fermate Tper","nome_punto_di_interesse":"VIA DI CASAGLIA ANG. SARAGOZZA"}},{"type":"Feature","geometry":{"type":"Point","coordinates":[11.340941,44.505592]},"properties":{"nome_area":"STAZIONE CENTRALE","tipologia_punto_di_interesse":"Fermate Tper","nome_punto_di_interesse":"VIALE PIETRAMELLARA TRA 18\/3 E P.C.16877"}},{"type":"Feature","geometry":{"type":"Point","coordinates":[11.387947,44.478367]},"properties":{"nome_area":"EMILIA CALABRIA","tipologia_punto_di_interesse":"Fermate Tper","nome_punto_di_interesse":"VIA EMILIA LEVANTE 137\/8"}},{"type":"Feature","geometry":{"type":"Point","coordinates":[11.365457,44.478178]},"properties":{"nome_area":"RAGNO","tipologia_punto_di_interesse":"Fermate Tper","nome_punto_di_interesse":"VIA MURRI FR 106"}},{"type":"Feature","geometry":{"type":"Point","coordinates":[11.300757,44.464898]},"properties":{"nome_area":"CASAGLIA CHIESA","tipologia_punto_di_interesse":"Fermate Tper","nome_punto_di_interesse":"VIA CASAGLIA BV CAVRIOLA"}},{"type":"Feature","geometry":{"type":"Point","coordinates":[11.370324,44.471685]},"properties":{"nome_area":"PARISIO","tipologia_punto_di_interesse":"Fermate Tper","nome_punto_di_interesse":"VIA TOSCANA 6\/B"}},{"type":"Feature","geometry":{"type":"Point","coordinates":[11.372492,44.504068]},"properties":{"nome_area":"MAGAZZARI","tipologia_punto_di_interesse":"Fermate Tper","nome_punto_di_interesse":"VIA MAGAZZARI 1"}},{"type":"Feature","geometry":{"type":"Point","coordinates":[11.362943,44.502798]},"properties":{"nome_area":"MERCATO SAN DONATO","tipologia_punto_di_interesse":"Fermate Tper","nome_punto_di_interesse":"VIA SAN DONATO 43"}},{"type":"Feature","geometry":{"type":"Point","coordinates":[11.348901,44.523983]},"properties":{"nome_area":"DE GIOVANNI","tipologia_punto_di_interesse":"Fermate Tper","nome_punto_di_interesse":"VIA CORTICELLA 158"}},{"type":"Feature","geometry":{"type":"Point","coordinates":[11.35047,44.536401]},"properties":{"nome_area":"LAPIDARI","tipologia_punto_di_interesse":"Fermate Tper","nome_punto_di_interesse":"VIA ARCOVEGGIO FR P.L. 82"}},{"type":"Feature","geometry":{"type":"Point","coordinates":[11.312606,44.521384]},"properties":{"nome_area":"BERTALIA","tipologia_punto_di_interesse":"Fermate Tper","nome_punto_di_interesse":"VIA AGUCCHI FR 120"}},{"type":"Feature","geometry":{"type":"Point","coordinates":[11.3311,44.50898]},"properties":{"nome_area":"CARRACCI","tipologia_punto_di_interesse":"Fermate Tper","nome_punto_di_interesse":"VIA CARRACCI FR. 8\/8"}},{"type":"Feature","geometry":{"type":"Point","coordinates":[11.328579,44.510751]},"properties":{"nome_area":"SOTTOPASSO ZANARDI","tipologia_punto_di_interesse":"Fermate Tper","nome_punto_di_interesse":"VIA ZANARDI P.L. 17"}},{"type":"Feature","geometry":{"type":"Point","coordinates":[11.360612,44.503936]},"properties":{"nome_area":"PEZZANA","tipologia_punto_di_interesse":"Fermate Tper","nome_punto_di_interesse":"VIA DEL LAVORO 16"}},{"type":"Feature","geometry":{"type":"Point","coordinates":[11.335376,44.508317]},"properties":{"nome_area":"CASE FERROVIERI","tipologia_punto_di_interesse":"Fermate Tper","nome_punto_di_interesse":"VIA CARRACCI 2\/10"}},{"type":"Feature","geometry":{"type":"Point","coordinates":[11.337751,44.514552]},"properties":{"nome_area":"BATTIFERRO","tipologia_punto_di_interesse":"Fermate Tper","nome_punto_di_interesse":"VIA GOBETTI FR 39"}},{"type":"Feature","geometry":{"type":"Point","coordinates":[11.237906,44.511053]},"properties":{"nome_area":"RIGOSA CHIESA","tipologia_punto_di_interesse":"Fermate Tper","nome_punto_di_interesse":"VIA RIGOSA FR 13"}},{"type":"Feature","geometry":{"type":"Point","coordinates":[11.355144,44.498431]},"properties":{"nome_area":"PORTA SAN DONATO","tipologia_punto_di_interesse":"Fermate Tper","nome_punto_di_interesse":"VIA IRNERIO 57"}},{"type":"Feature","geometry":{"type":"Point","coordinates":[11.341651,44.503228]},"properties":{"nome_area":"MILAZZO","tipologia_punto_di_interesse":"Fermate Tper","nome_punto_di_interesse":"VIA MILAZZO 30 METRI PRIMA VIA GRAMSCI"}},{"type":"Feature","geometry":{"type":"Point","coordinates":[11.363297,44.509066]},"properties":{"nome_area":"FIERA ALDO MORO","tipologia_punto_di_interesse":"Fermate Tper","nome_punto_di_interesse":"PIAZZALE A.MORO 16-22 (PENSILINA B)"}},{"type":"Feature","geometry":{"type":"Point","coordinates":[11.378215,44.508684]},"properties":{"nome_area":"SAN DONNINO","tipologia_punto_di_interesse":"Fermate Tper","nome_punto_di_interesse":"VIA SAN DONATO 158\/69"}},{"type":"Feature","geometry":{"type":"Point","coordinates":[11.29472,44.529253]},"properties":{"nome_area":"AEROPORTO","tipologia_punto_di_interesse":"Fermate Tper","nome_punto_di_interesse":"PIAZZALE SERVIZI IN CODA ALLO STALLO"}},{"type":"Feature","geometry":{"type":"Point","coordinates":[11.309236,44.443706]},"properties":{"nome_area":"TIRO AL PIATTELLO","tipologia_punto_di_interesse":"Fermate Tper","nome_punto_di_interesse":"VIA COLLI (fr.Tiro Piattello)"}},{"type":"Feature","geometry":{"type":"Point","coordinates":[11.319983,44.466598]},"properties":{"nome_area":"GAIBOLA","tipologia_punto_di_interesse":"Fermate Tper","nome_punto_di_interesse":"VIA DI GAIBOLA (CABINA ENEL)"}},{"type":"Feature","geometry":{"type":"Point","coordinates":[11.336633,44.532202]},"properties":{"nome_area":"SOSTEGNO","tipologia_punto_di_interesse":"Fermate Tper","nome_punto_di_interesse":"VIA COLOMBO 11"}},{"type":"Feature","geometry":{"type":"Point","coordinates":[11.36337,44.49872]},"properties":{"nome_area":"ROSSI","tipologia_punto_di_interesse":"Fermate Tper","nome_punto_di_interesse":"VIA ROSSI 9"}},{"type":"Feature","geometry":{"type":"Point","coordinates":[11.345316,44.524975]},"properties":{"nome_area":"ARCOVEGGIO","tipologia_punto_di_interesse":"Fermate Tper","nome_punto_di_interesse":"VIA ARCOVEGGIO P.L. 26"}},{"type":"Feature","geometry":{"type":"Point","coordinates":[11.342185,44.514038]},"properties":{"nome_area":"FIORAVANTI","tipologia_punto_di_interesse":"Fermate Tper","nome_punto_di_interesse":"VIA FIORAVANTI 61"}},{"type":"Feature","geometry":{"type":"Point","coordinates":[11.390112,44.493491]},"properties":{"nome_area":"BOLOGNA - TANGENZIALE SAN","tipologia_punto_di_interesse":"Fermate Tper","nome_punto_di_interesse":null}},{"type":"Feature","geometry":{"type":"Point","coordinates":[11.336301,44.494326]},"properties":{"nome_area":"PIAZZA MALPIGHI","tipologia_punto_di_interesse":"Fermate Tper","nome_punto_di_interesse":"PIAZZA MALPIGHI 17"}},{"type":"Feature","geometry":{"type":"Point","coordinates":[11.340474,44.503036]},"properties":{"nome_area":"AMENDOLA","tipologia_punto_di_interesse":"Fermate Tper","nome_punto_di_interesse":"VIA AMENDOLA 3"}},{"type":"Feature","geometry":{"type":"Point","coordinates":[11.3379,44.497831]},"properties":{"nome_area":"MARCONI","tipologia_punto_di_interesse":"Fermate Tper","nome_punto_di_interesse":"VIA MARCONI 20"}},{"type":"Feature","geometry":{"type":"Point","coordinates":[11.369933,44.477536]},"properties":{"nome_area":"ORTI","tipologia_punto_di_interesse":"Fermate Tper","nome_punto_di_interesse":"VIA ORTI FR 23"}},{"type":"Feature","geometry":{"type":"Point","coordinates":[11.381308,44.468792]},"properties":{"nome_area":"GUBELLINI","tipologia_punto_di_interesse":"Fermate Tper","nome_punto_di_interesse":"VIA BATTAGLIA 6"}},{"type":"Feature","geometry":{"type":"Point","coordinates":[11.285604,44.496334]},"properties":{"nome_area":"PIAZZA GIOVANNI XXIII","tipologia_punto_di_interesse":"Fermate Tper","nome_punto_di_interesse":"PIAZZA GIOVANNI XXIII 19\/B"}},{"type":"Feature","geometry":{"type":"Point","coordinates":[11.342483,44.481299]},"properties":{"nome_area":"ISTITUTO ORTOPEDICO RIZZO","tipologia_punto_di_interesse":"Fermate Tper","nome_punto_di_interesse":"SALITA SAN BENEDETTO FR 1"}},{"type":"Feature","geometry":{"type":"Point","coordinates":[11.303977,44.442264]},"properties":{"nome_area":"PARCO CAVAIONI","tipologia_punto_di_interesse":"Fermate Tper","nome_punto_di_interesse":"VIA CAVAIONI FR 4"}},{"type":"Feature","geometry":{"type":"Point","coordinates":[11.370982,44.463389]},"properties":{"nome_area":"DIRETTISSIMA","tipologia_punto_di_interesse":"Fermate Tper","nome_punto_di_interesse":"VIA TOSCANA FR 81"}},{"type":"Feature","geometry":{"type":"Point","coordinates":[11.366259,44.472517]},"properties":{"nome_area":"ROVIGHI","tipologia_punto_di_interesse":"Fermate Tper","nome_punto_di_interesse":"VIA MOLINELLI 4"}},{"type":"Feature","geometry":{"type":"Point","coordinates":[11.308243,44.501379]},"properties":{"nome_area":"CIVIDALI","tipologia_punto_di_interesse":"Fermate Tper","nome_punto_di_interesse":"VIA PASUBIO 114"}},{"type":"Feature","geometry":{"type":"Point","coordinates":[11.345196,44.491569]},"properties":{"nome_area":"PIAZZA MINGHETTI","tipologia_punto_di_interesse":"Fermate Tper","nome_punto_di_interesse":"VIA FARINI FR 11\/D"}},{"type":"Feature","geometry":{"type":"Point","coordinates":[11.329671,44.517004]},"properties":{"nome_area":"GAGARIN","tipologia_punto_di_interesse":"Fermate Tper","nome_punto_di_interesse":"VIA GAGARIN 5"}},{"type":"Feature","geometry":{"type":"Point","coordinates":[11.387267,44.488806]},"properties":{"nome_area":"ISTITUTO MANFREDI TANARI","tipologia_punto_di_interesse":"Fermate Tper","nome_punto_di_interesse":"VIALE FELSINA FR P.L. 3"}},{"type":"Feature","geometry":{"type":"Point","coordinates":[11.394115,44.498179]},"properties":{"nome_area":"LARGA STAZIONE","tipologia_punto_di_interesse":"Fermate Tper","nome_punto_di_interesse":"VIA LARGA 25"}},{"type":"Feature","geometry":{"type":"Point","coordinates":[11.421505,44.505028]},"properties":{"nome_area":"VETRAIO","tipologia_punto_di_interesse":"Fermate Tper","nome_punto_di_interesse":"VIA DEL VETRAIO 21"}},{"type":"Feature","geometry":{"type":"Point","coordinates":[11.411533,44.524648]},"properties":{"nome_area":"PICCOLO COW BOY","tipologia_punto_di_interesse":"Fermate Tper","nome_punto_di_interesse":"VIA SAN DONATO 206"}},{"type":"Feature","geometry":{"type":"Point","coordinates":[11.366952,44.503939]},"properties":{"nome_area":"CENTRO ZANARDI","tipologia_punto_di_interesse":"Fermate Tper","nome_punto_di_interesse":"VIA SAN DONATO 68"}},{"type":"Feature","geometry":{"type":"Point","coordinates":[11.294898,44.521291]},"properties":{"nome_area":"BIRRA","tipologia_punto_di_interesse":"Fermate Tper","nome_punto_di_interesse":"VIA TRIUMVIRATO 42"}},{"type":"Feature","geometry":{"type":"Point","coordinates":[11.337016,44.496481]},"properties":{"nome_area":"LAME","tipologia_punto_di_interesse":"Fermate Tper","nome_punto_di_interesse":"VIA MARCONI 6\/A"}},{"type":"Feature","geometry":{"type":"Point","coordinates":[11.357214,44.480194]},"properties":{"nome_area":"GANDINO","tipologia_punto_di_interesse":"Fermate Tper","nome_punto_di_interesse":"VIA GANDINO 22"}},{"type":"Feature","geometry":{"type":"Point","coordinates":[11.328952,44.500544]},"properties":{"nome_area":"SILVANI","tipologia_punto_di_interesse":"Fermate Tper","nome_punto_di_interesse":"VIALE SILVANI 6"}},{"type":"Feature","geometry":{"type":"Point","coordinates":[11.360838,44.517633]},"properties":{"nome_area":"BONVICINI","tipologia_punto_di_interesse":"Fermate Tper","nome_punto_di_interesse":"VIA STALINGRADO FR 84"}},{"type":"Feature","geometry":{"type":"Point","coordinates":[11.3496559902,44.5095317638]},"properties":{"nome_area":"Piazza Unit\u00e0","tipologia_punto_di_interesse":"Pista ciclopedonale","nome_punto_di_interesse":"VIA ALESSANDRO ALGARDI"}},{"type":"Feature","geometry":{"type":"Point","coordinates":[11.3356962866,44.5227298653]},"properties":{"nome_area":"Museo del Patrimonio Industriale","tipologia_punto_di_interesse":"Pista ciclopedonale","nome_punto_di_interesse":null}},{"type":"Feature","geometry":{"type":"Point","coordinates":[11.3601804259,44.4850495096]},"properties":{"nome_area":"Giardini Margherita","tipologia_punto_di_interesse":"Pista ciclopedonale","nome_punto_di_interesse":"VIALE ALFREDO ORIANI"}},{"type":"Feature","geometry":{"type":"Point","coordinates":[11.3466280549,44.4914467169]},"properties":{"nome_area":"Piazza Maggiore \/ Podest\u00e0","tipologia_punto_di_interesse":"Pista ciclopedonale","nome_punto_di_interesse":null}},{"type":"Feature","geometry":{"type":"Point","coordinates":[11.3450258658,44.4931861609]},"properties":{"nome_area":"Piazza Porta Ravegnana","tipologia_punto_di_interesse":"Pista ciclopedonale","nome_punto_di_interesse":null}},{"type":"Feature","geometry":{"type":"Point","coordinates":[11.3506520984,44.4970296636]},"properties":{"nome_area":"Piazza Maggiore \/ Podest\u00e0","tipologia_punto_di_interesse":"Pista ciclopedonale","nome_punto_di_interesse":null}},{"type":"Feature","geometry":{"type":"Point","coordinates":[11.367940718,44.5053314166]},"properties":{"nome_area":"Giardino Vittime di Marcinelle e Caduti","tipologia_punto_di_interesse":"Pista ciclopedonale","nome_punto_di_interesse":null}},{"type":"Feature","geometry":{"type":"Point","coordinates":[11.392965677,44.5017846168]},"properties":{"nome_area":"Polizia Municipale","tipologia_punto_di_interesse":"Pista ciclopedonale","nome_punto_di_interesse":null}},{"type":"Feature","geometry":{"type":"Point","coordinates":[11.3518397281,44.4936228466]},"properties":{"nome_area":"Piazza Aldrovandi","tipologia_punto_di_interesse":"Pista ciclopedonale","nome_punto_di_interesse":null}},{"type":"Feature","geometry":{"type":"Point","coordinates":[11.3844719667,44.4979139045]},"properties":{"nome_area":"Pubblica Assistenza Citta' di Bologna","tipologia_punto_di_interesse":"Pista ciclopedonale","nome_punto_di_interesse":null}},{"type":"Feature","geometry":{"type":"Point","coordinates":[11.3452686314,44.4951938662]},"properties":{"nome_area":"Piazza Porta Ravegnana","tipologia_punto_di_interesse":"Pista ciclopedonale","nome_punto_di_interesse":null}},{"type":"Feature","geometry":{"type":"Point","coordinates":[11.3367154457,44.4943845057]},"properties":{"nome_area":"Piazza Malpighi","tipologia_punto_di_interesse":"Pista ciclopedonale","nome_punto_di_interesse":null}},{"type":"Feature","geometry":{"type":"Point","coordinates":[11.3422964473,44.4964934016]},"properties":{"nome_area":"Piazza Maggiore \/ Podest\u00e0","tipologia_punto_di_interesse":"Pista ciclopedonale","nome_punto_di_interesse":null}},{"type":"Feature","geometry":{"type":"Point","coordinates":[11.343266,44.497356]},"properties":{"nome_area":null,"tipologia_punto_di_interesse":"Rastrelliera Bici","nome_punto_di_interesse":"Indipendenza, 22"}},{"type":"Feature","geometry":{"type":"Point","coordinates":[11.339275,44.505776]},"properties":{"nome_area":null,"tipologia_punto_di_interesse":"Rastrelliera Bici","nome_punto_di_interesse":"Barozzi  (250 posti bici)"}},{"type":"Feature","geometry":{"type":"Point","coordinates":[11.340836,44.507578]},"properties":{"nome_area":null,"tipologia_punto_di_interesse":"Rastrelliera Bici","nome_punto_di_interesse":"Carracci (70 posti bici)"}},{"type":"Feature","geometry":{"type":"Point","coordinates":[11.344333,44.503136]},"properties":{"nome_area":null,"tipologia_punto_di_interesse":"Rastrelliera Bici","nome_punto_di_interesse":"Galliera, 93"}},{"type":"Feature","geometry":{"type":"Point","coordinates":[11.350454,44.496498]},"properties":{"nome_area":null,"tipologia_punto_di_interesse":"Rastrelliera Bici","nome_punto_di_interesse":"Largo Respighi, 1"}},{"type":"Feature","geometry":{"type":"Point","coordinates":[11.33357,44.502216]},"properties":{"nome_area":null,"tipologia_punto_di_interesse":"Rastrelliera Bici","nome_punto_di_interesse":"Porta Lame"}},{"type":"Feature","geometry":{"type":"Point","coordinates":[11.351028,44.4908]},"properties":{"nome_area":null,"tipologia_punto_di_interesse":"Rastrelliera Bici","nome_punto_di_interesse":"Guerrazzi, 20\/c"}},{"type":"Feature","geometry":{"type":"Point","coordinates":[11.331244,44.496111]},"properties":{"nome_area":null,"tipologia_punto_di_interesse":"Rastrelliera Bici","nome_punto_di_interesse":"Pietralata, 55\/2"}},{"type":"Feature","geometry":{"type":"Point","coordinates":[11.340841,44.505405]},"properties":{"nome_area":null,"tipologia_punto_di_interesse":"Rastrelliera Bici","nome_punto_di_interesse":"Pietramellara, 35\/n"}},{"type":"Feature","geometry":{"type":"Point","coordinates":[11.355668,44.491714]},"properties":{"nome_area":null,"tipologia_punto_di_interesse":"Rastrelliera Bici","nome_punto_di_interesse":"Torleone, 11"}},{"type":"Feature","geometry":{"type":"Point","coordinates":[11.348019,44.490811]},"properties":{"nome_area":null,"tipologia_punto_di_interesse":"Rastrelliera Bici","nome_punto_di_interesse":"San Giovanni in Monte, 1"}},{"type":"Feature","geometry":{"type":"Point","coordinates":[11.343153,44.500156]},"properties":{"nome_area":null,"tipologia_punto_di_interesse":"Rastrelliera Bici","nome_punto_di_interesse":"San Giuseppe, 5"}},{"type":"Feature","geometry":{"type":"Point","coordinates":[11.346525,44.486423]},"properties":{"nome_area":null,"tipologia_punto_di_interesse":"Rastrelliera Bici","nome_punto_di_interesse":"Oro (ang. Via Chiudare)"}},{"type":"Feature","geometry":{"type":"Point","coordinates":[11.349357,44.491009]},"properties":{"nome_area":null,"tipologia_punto_di_interesse":"Rastrelliera Bici","nome_punto_di_interesse":"Santo Stefano, 30"}},{"type":"Feature","geometry":{"type":"Point","coordinates":[11.329871,44.495464]},"properties":{"nome_area":null,"tipologia_punto_di_interesse":"Rastrelliera Bici","nome_punto_di_interesse":"Pratello, 90\/a e 96\/f"}},{"type":"Feature","geometry":{"type":"Point","coordinates":[11.341109,44.5049]},"properties":{"nome_area":null,"tipologia_punto_di_interesse":"Rastrelliera Bici","nome_punto_di_interesse":"Amendola da Pietramellara a Boldrini  (100 posti bici)"}},{"type":"Feature","geometry":{"type":"Point","coordinates":[11.351087,44.496513]},"properties":{"nome_area":null,"tipologia_punto_di_interesse":"Rastrelliera Bici","nome_punto_di_interesse":"Del Guasto, 7"}},{"type":"Feature","geometry":{"type":"Point","coordinates":[11.337762,44.499968]},"properties":{"nome_area":null,"tipologia_punto_di_interesse":"Rastrelliera Bici","nome_punto_di_interesse":"Azzo Gardino, 10"}},{"type":"Feature","geometry":{"type":"Point","coordinates":[11.345111,44.496819]},"properties":{"nome_area":null,"tipologia_punto_di_interesse":"Rastrelliera Bici","nome_punto_di_interesse":"Goito, 13"}},{"type":"Feature","geometry":{"type":"Point","coordinates":[11.345682,44.504909]},"properties":{"nome_area":null,"tipologia_punto_di_interesse":"Rastrelliera Bici","nome_punto_di_interesse":"Matteotti (ang. Via Masini 30 posti bici)"}},{"type":"Feature","geometry":{"type":"Point","coordinates":[11.344972,44.487903]},"properties":{"nome_area":null,"tipologia_punto_di_interesse":"Rastrelliera Bici","nome_punto_di_interesse":"Vascelli, 8"}},{"type":"Feature","geometry":{"type":"Point","coordinates":[11.3423,44.5063]},"properties":{"nome_area":"Servizio Bassa Soglia","tipologia_punto_di_interesse":"Stazione ferroviaria","nome_punto_di_interesse":"Bologna Centrale"}},{"type":"Feature","geometry":{"type":"Point","coordinates":[11.3423,44.5063]},"properties":{"nome_area":"Mercato di Via Albani","tipologia_punto_di_interesse":"Stazione ferroviaria","nome_punto_di_interesse":"Bologna Centrale"}},{"type":"Feature","geometry":{"type":"Point","coordinates":[11.2978705429,44.4898160692]},"properties":{"nome_area":null,"tipologia_punto_di_interesse":"Zona 30","nome_punto_di_interesse":"Treves"}},{"type":"Feature","geometry":{"type":"Point","coordinates":[11.3679099729,44.4803577163]},"properties":{"nome_area":null,"tipologia_punto_di_interesse":"Zona 30","nome_punto_di_interesse":"Ruggi"}},{"type":"Feature","geometry":{"type":"Point","coordinates":[11.3701928152,44.5018978962]},"properties":{"nome_area":null,"tipologia_punto_di_interesse":"Zona 30","nome_punto_di_interesse":"Duse"}},{"type":"Feature","geometry":{"type":"Point","coordinates":[11.331639334,44.4956927458]},"properties":{"nome_area":"Piazza Maggiore \/ Podest\u00e0","tipologia_punto_di_interesse":"Zona pedonale","nome_punto_di_interesse":"VIA DEL PRATELLO"}},{"type":"Feature","geometry":{"type":"Point","coordinates":[11.3371497626,44.4943196189]},"properties":{"nome_area":"Piazza Porta Ravegnana","tipologia_punto_di_interesse":"Zona pedonale","nome_punto_di_interesse":"VIA PORTANOVA"}},{"type":"Feature","geometry":{"type":"Point","coordinates":[11.3443782051,44.492539911]},"properties":{"nome_area":"Piazza Porta Ravegnana","tipologia_punto_di_interesse":"Zona pedonale","nome_punto_di_interesse":"VIA DE' FOSCHERARI"}},{"type":"Feature","geometry":{"type":"Point","coordinates":[11.372852,44.463017]},"properties":{"nome_area":"SAN RUFFILLO STAZIONE","tipologia_punto_di_interesse":"Fermate Tper","nome_punto_di_interesse":"PIAZZALE ANCESCHI 6"}},{"type":"Feature","geometry":{"type":"Point","coordinates":[11.369366,44.508571]},"properties":{"nome_area":"VIALE FIERA","tipologia_punto_di_interesse":"Fermate Tper","nome_punto_di_interesse":"VIALE FIERA FR P.L. 30"}},{"type":"Feature","geometry":{"type":"Point","coordinates":[11.34223,44.515784]},"properties":{"nome_area":"FONDO COMINI","tipologia_punto_di_interesse":"Fermate Tper","nome_punto_di_interesse":"VIA FIORAVANTI FR 101\/A"}},{"type":"Feature","geometry":{"type":"Point","coordinates":[11.353939,44.486924]},"properties":{"nome_area":"FONDAZZA","tipologia_punto_di_interesse":"Fermate Tper","nome_punto_di_interesse":"VIA DANTE 1\/D"}},{"type":"Feature","geometry":{"type":"Point","coordinates":[11.299423,44.511261]},"properties":{"nome_area":"GIORGIONE","tipologia_punto_di_interesse":"Fermate Tper","nome_punto_di_interesse":"VIA GIORGIONE 37"}},{"type":"Feature","geometry":{"type":"Point","coordinates":[11.3994,44.502236]},"properties":{"nome_area":"CERODOLO","tipologia_punto_di_interesse":"Fermate Tper","nome_punto_di_interesse":"VIA CERODOLO 2\/3"}},{"type":"Feature","geometry":{"type":"Point","coordinates":[11.400582,44.519982]},"properties":{"nome_area":"SAN SISTO","tipologia_punto_di_interesse":"Fermate Tper","nome_punto_di_interesse":"VIA SAN DONATO 205\/3"}},{"type":"Feature","geometry":{"type":"Point","coordinates":[11.301702,44.470083]},"properties":{"nome_area":"MONTE ALBANO 38","tipologia_punto_di_interesse":"Fermate Tper","nome_punto_di_interesse":"VIA MONTE ALBANO 38"}},{"type":"Feature","geometry":{"type":"Point","coordinates":[11.35651,44.539166]},"properties":{"nome_area":"DON FIAMMELLI","tipologia_punto_di_interesse":"Fermate Tper","nome_punto_di_interesse":"VIA CORTICELLA FR PL16543"}},{"type":"Feature","geometry":{"type":"Point","coordinates":[11.354034,44.487093]},"properties":{"nome_area":"FONDAZZA","tipologia_punto_di_interesse":"Fermate Tper","nome_punto_di_interesse":"VIA DANTE 2\/C"}},{"type":"Feature","geometry":{"type":"Point","coordinates":[11.354469,44.486021]},"properties":{"nome_area":"BARACCANO","tipologia_punto_di_interesse":"Fermate Tper","nome_punto_di_interesse":"VIA SANTO STEFANO 136"}},{"type":"Feature","geometry":{"type":"Point","coordinates":[11.390332,44.464408]},"properties":{"nome_area":"OSPEDALE BELLARIA","tipologia_punto_di_interesse":"Fermate Tper","nome_punto_di_interesse":"VIA ALTURA 3"}},{"type":"Feature","geometry":{"type":"Point","coordinates":[11.366159,44.49119]},"properties":{"nome_area":"PALAGI","tipologia_punto_di_interesse":"Fermate Tper","nome_punto_di_interesse":"VIA PALAGI 25"}},{"type":"Feature","geometry":{"type":"Point","coordinates":[11.314346,44.529415]},"properties":{"nome_area":"TRAGHETTO","tipologia_punto_di_interesse":"Fermate Tper","nome_punto_di_interesse":"VIA ZANARDI 328"}},{"type":"Feature","geometry":{"type":"Point","coordinates":[11.32941,44.505711]},"properties":{"nome_area":"TANARI","tipologia_punto_di_interesse":"Fermate Tper","nome_punto_di_interesse":"VIA TANARI PL 14\/A"}},{"type":"Feature","geometry":{"type":"Point","coordinates":[11.340853,44.48613]},"properties":{"nome_area":"PORTA SAN MAMOLO","tipologia_punto_di_interesse":"Fermate Tper","nome_punto_di_interesse":"VIALE PANZACCHI FR 25"}},{"type":"Feature","geometry":{"type":"Point","coordinates":[11.341894,44.482292]},"properties":{"nome_area":"SAN MICHELE IN BOSCO","tipologia_punto_di_interesse":"Fermate Tper","nome_punto_di_interesse":"SAN MICHELE IN BOSCO 5"}},{"type":"Feature","geometry":{"type":"Point","coordinates":[11.396554,44.507661]},"properties":{"nome_area":"SCALO SAN DONATO","tipologia_punto_di_interesse":"Fermate Tper","nome_punto_di_interesse":"VIA LARGA FR P.L. 100"}},{"type":"Feature","geometry":{"type":"Point","coordinates":[11.288289,44.511899]},"properties":{"nome_area":"CINTA DAZIARIA TEATRI DI","tipologia_punto_di_interesse":"Fermate Tper","nome_punto_di_interesse":"VIA EMILIA PONENTE 276"}},{"type":"Feature","geometry":{"type":"Point","coordinates":[11.352336,44.530241]},"properties":{"nome_area":"CROCE COPERTA","tipologia_punto_di_interesse":"Fermate Tper","nome_punto_di_interesse":"VIA CORTICELLA 183"}},{"type":"Feature","geometry":{"type":"Point","coordinates":[11.319031,44.491428]},"properties":{"nome_area":"XXI APRILE ZANNONI","tipologia_punto_di_interesse":"Fermate Tper","nome_punto_di_interesse":"VIA XXI APRILE 12"}},{"type":"Feature","geometry":{"type":"Point","coordinates":[11.33012,44.503968]},"properties":{"nome_area":"CASARINI","tipologia_punto_di_interesse":"Fermate Tper","nome_punto_di_interesse":"VIA CASARINI 18"}},{"type":"Feature","geometry":{"type":"Point","coordinates":[11.372163,44.495945]},"properties":{"nome_area":"STAZIONE SAN VITALE","tipologia_punto_di_interesse":"Fermate Tper","nome_punto_di_interesse":"SOTTOPASSO TRA VIA SANTE VINCENZI VIA TO"}},{"type":"Feature","geometry":{"type":"Point","coordinates":[11.348313,44.521888]},"properties":{"nome_area":"ISTITUTO ALDINI","tipologia_punto_di_interesse":"Fermate Tper","nome_punto_di_interesse":"VIA CORTICELLA 121"}},{"type":"Feature","geometry":{"type":"Point","coordinates":[11.355042,44.490889]},"properties":{"nome_area":"TORLEONE","tipologia_punto_di_interesse":"Fermate Tper","nome_punto_di_interesse":"STRADA MAGGIORE 51\/E"}},{"type":"Feature","geometry":{"type":"Point","coordinates":[11.380495,44.489605]},"properties":{"nome_area":"ETRURIA","tipologia_punto_di_interesse":"Fermate Tper","nome_punto_di_interesse":"VIALE FELSINA FR P.L. 48"}},{"type":"Feature","geometry":{"type":"Point","coordinates":[11.380321,44.489635]},"properties":{"nome_area":"ETRURIA","tipologia_punto_di_interesse":"Fermate Tper","nome_punto_di_interesse":"VIALE FELSINA P.L. 51"}},{"type":"Feature","geometry":{"type":"Point","coordinates":[11.373201,44.486507]},"properties":{"nome_area":"AZZURRA","tipologia_punto_di_interesse":"Fermate Tper","nome_punto_di_interesse":"VIA AZZURRA 56"}},{"type":"Feature","geometry":{"type":"Point","coordinates":[11.38589,44.493282]},"properties":{"nome_area":"GIAMBOLOGNA","tipologia_punto_di_interesse":"Fermate Tper","nome_punto_di_interesse":"VIA MASSARENTI 456"}},{"type":"Feature","geometry":{"type":"Point","coordinates":[11.400758,44.511093]},"properties":{"nome_area":"SIGHINOLFI","tipologia_punto_di_interesse":"Fermate Tper","nome_punto_di_interesse":"VIA SIGHINOLFI FR PL 5"}},{"type":"Feature","geometry":{"type":"Point","coordinates":[11.344686,44.507064]},"properties":{"nome_area":"CARRACCI STAZIONE AV","tipologia_punto_di_interesse":"Fermate Tper","nome_punto_di_interesse":"VIA CARRACCI FR 13A"}},{"type":"Feature","geometry":{"type":"Point","coordinates":[11.316145,44.488741]},"properties":{"nome_area":"VILLA SPADA","tipologia_punto_di_interesse":"Fermate Tper","nome_punto_di_interesse":"VIA DI CASAGLIA ANG.SARAGOZZA"}},{"type":"Feature","geometry":{"type":"Point","coordinates":[11.349547,44.499996]},"properties":{"nome_area":"IRNERIO","tipologia_punto_di_interesse":"Fermate Tper","nome_punto_di_interesse":"VIA IRNERIO 18"}},{"type":"Feature","geometry":{"type":"Point","coordinates":[11.328287,44.495534]},"properties":{"nome_area":"PORTA SANT`ISAIA","tipologia_punto_di_interesse":"Fermate Tper","nome_punto_di_interesse":"VIALE VICINI FR 6"}},{"type":"Feature","geometry":{"type":"Point","coordinates":[11.343108,44.505044]},"properties":{"nome_area":"STAZIONE CENTRALE","tipologia_punto_di_interesse":"Fermate Tper","nome_punto_di_interesse":"VIALE PIETRAMELLARA 53 (FERMATA G)"}},{"type":"Feature","geometry":{"type":"Point","coordinates":[11.327589,44.502327]},"properties":{"nome_area":"SCALO","tipologia_punto_di_interesse":"Fermate Tper","nome_punto_di_interesse":"VIA DELLO SCALO 16"}},{"type":"Feature","geometry":{"type":"Point","coordinates":[11.338054,44.48247]},"properties":{"nome_area":"BAGNI DI MARIO","tipologia_punto_di_interesse":"Fermate Tper","nome_punto_di_interesse":"VIA SAN MAMOLO 42"}},{"type":"Feature","geometry":{"type":"Point","coordinates":[11.367044,44.528893]},"properties":{"nome_area":"DOZZA","tipologia_punto_di_interesse":"Fermate Tper","nome_punto_di_interesse":"VIA STALINGRADO 101\/2"}},{"type":"Feature","geometry":{"type":"Point","coordinates":[11.393542,44.473118]},"properties":{"nome_area":"GENOVA","tipologia_punto_di_interesse":"Fermate Tper","nome_punto_di_interesse":"VIA GENOVA FR PL 19"}},{"type":"Feature","geometry":{"type":"Point","coordinates":[11.36061,44.460876]},"properties":{"nome_area":"BORGO GESSAIOLI","tipologia_punto_di_interesse":"Fermate Tper","nome_punto_di_interesse":"VIA DELL`ANGELO CUSTODE CABINA ENEL N. 0"}},{"type":"Feature","geometry":{"type":"Point","coordinates":[11.373859,44.468326]},"properties":{"nome_area":"FOSCHERARA","tipologia_punto_di_interesse":"Fermate Tper","nome_punto_di_interesse":"VIA FOSCHERARA 3\/17"}},{"type":"Feature","geometry":{"type":"Point","coordinates":[11.364654,44.494705]},"properties":{"nome_area":"CIRENAICA","tipologia_punto_di_interesse":"Fermate Tper","nome_punto_di_interesse":"VIA BENTIVOGLI FR 18"}},{"type":"Feature","geometry":{"type":"Point","coordinates":[11.37297,44.49817]},"properties":{"nome_area":"NUOVA","tipologia_punto_di_interesse":"Fermate Tper","nome_punto_di_interesse":"VIA NUOVA FR PL 7"}},{"type":"Feature","geometry":{"type":"Point","coordinates":[11.38032,44.523305]},"properties":{"nome_area":"FABBRERIA","tipologia_punto_di_interesse":"Fermate Tper","nome_punto_di_interesse":"VIA CADRIANO 28"}},{"type":"Feature","geometry":{"type":"Point","coordinates":[11.385258,44.479332]},"properties":{"nome_area":"VILLA LAURA","tipologia_punto_di_interesse":"Fermate Tper","nome_punto_di_interesse":"VIA EMILIA LEVANTE FR 158\/2"}},{"type":"Feature","geometry":{"type":"Point","coordinates":[11.327952,44.495334]},"properties":{"nome_area":"PORTA SANT`ISAIA","tipologia_punto_di_interesse":"Fermate Tper","nome_punto_di_interesse":"VIALE VICINI 6\/2"}},{"type":"Feature","geometry":{"type":"Point","coordinates":[11.372422,44.505122]},"properties":{"nome_area":"GIARDINO GINO CERVI","tipologia_punto_di_interesse":"Fermate Tper","nome_punto_di_interesse":"VIA ANDREINI PASSO CARRAIO 6038-3960"}},{"type":"Feature","geometry":{"type":"Point","coordinates":[11.290559,44.499835]},"properties":{"nome_area":"GIOTTO","tipologia_punto_di_interesse":"Fermate Tper","nome_punto_di_interesse":"VIA GIOTTO FR 22"}},{"type":"Feature","geometry":{"type":"Point","coordinates":[11.355139,44.509846]},"properties":{"nome_area":"STALINGRADO","tipologia_punto_di_interesse":"Fermate Tper","nome_punto_di_interesse":"VIA CRETI 73\/D"}},{"type":"Feature","geometry":{"type":"Point","coordinates":[11.339702,44.487216]},"properties":{"nome_area":"SAN LUIGI PORTA SAN MAMOL","tipologia_punto_di_interesse":"Fermate Tper","nome_punto_di_interesse":"VIA D`AZEGLIO 92"}},{"type":"Feature","geometry":{"type":"Point","coordinates":[11.399483,44.463478]},"properties":{"nome_area":"CROARA BIVIO","tipologia_punto_di_interesse":"Fermate Tper","nome_punto_di_interesse":"VIA CROARA 3\/5"}},{"type":"Feature","geometry":{"type":"Point","coordinates":[11.245761,44.509863]},"properties":{"nome_area":"LA PICCIONAIA@","tipologia_punto_di_interesse":"Fermate Tper","nome_punto_di_interesse":"VIA OLMETOLA FR 25\/2"}},{"type":"Feature","geometry":{"type":"Point","coordinates":[11.407746,44.513061]},"properties":{"nome_area":"FACOLTA` DI AGRARIA","tipologia_punto_di_interesse":"Fermate Tper","nome_punto_di_interesse":"VIALE GIUSEPPE FANIN FR PL 44"}},{"type":"Feature","geometry":{"type":"Point","coordinates":[11.364523,44.452558]},"properties":{"nome_area":"TOSCANA PIETRO DA ANZOLA","tipologia_punto_di_interesse":"Fermate Tper","nome_punto_di_interesse":"VIA TOSCANA 177"}},{"type":"Feature","geometry":{"type":"Point","coordinates":[11.353518,44.508025]},"properties":{"nome_area":"DOPOLAVORO FERROVIARIO","tipologia_punto_di_interesse":"Fermate Tper","nome_punto_di_interesse":"VIA SEBASTIANO SERLIO 28"}},{"type":"Feature","geometry":{"type":"Point","coordinates":[11.35181,44.538732]},"properties":{"nome_area":"CASA BUIA","tipologia_punto_di_interesse":"Fermate Tper","nome_punto_di_interesse":"VIA ARCOVEGGIO FR 114"}},{"type":"Feature","geometry":{"type":"Point","coordinates":[11.349251,44.489811]},"properties":{"nome_area":"CARTOLERIA","tipologia_punto_di_interesse":"Fermate Tper","nome_punto_di_interesse":"VIA CARTOLERIA FR 16"}},{"type":"Feature","geometry":{"type":"Point","coordinates":[11.328498,44.510618]},"properties":{"nome_area":"SOTTOPASSO ZANARDI","tipologia_punto_di_interesse":"Fermate Tper","nome_punto_di_interesse":"VIA ZANARDI P.L. 16"}},{"type":"Feature","geometry":{"type":"Point","coordinates":[11.379062,44.481883]},"properties":{"nome_area":"PONTEVECCHIO","tipologia_punto_di_interesse":"Fermate Tper","nome_punto_di_interesse":"VIA EMILIA LEVANTE 92"}},{"type":"Feature","geometry":{"type":"Point","coordinates":[11.306235,44.506623]},"properties":{"nome_area":"BERRETTA ROSSA - OPIFICIO","tipologia_punto_di_interesse":"Fermate Tper","nome_punto_di_interesse":"VIA EMILIA PONENTE PALO FILOVIARIO 246"}},{"type":"Feature","geometry":{"type":"Point","coordinates":[11.311984,44.507569]},"properties":{"nome_area":"ROTONDA GRANATIERI - AVIS","tipologia_punto_di_interesse":"Fermate Tper","nome_punto_di_interesse":"VIA DELL`OSPEDALE PL 8"}},{"type":"Feature","geometry":{"type":"Point","coordinates":[11.320325,44.499315]},"properties":{"nome_area":"VITTORIO VENETO","tipologia_punto_di_interesse":"Fermate Tper","nome_punto_di_interesse":"VIA VITTORIO VENETO 15"}},{"type":"Feature","geometry":{"type":"Point","coordinates":[11.407237,44.522993]},"properties":{"nome_area":"SAN DONATO 240-246","tipologia_punto_di_interesse":"Fermate Tper","nome_punto_di_interesse":"VIA SAN DONATO 240"}},{"type":"Feature","geometry":{"type":"Point","coordinates":[11.343865,44.504164]},"properties":{"nome_area":"PIAZZA XX SETTEMBRE","tipologia_punto_di_interesse":"Fermate Tper","nome_punto_di_interesse":"PIAZZA XX SETTEMBRE"}},{"type":"Feature","geometry":{"type":"Point","coordinates":[11.337688,44.496926]},"properties":{"nome_area":"MARCONI","tipologia_punto_di_interesse":"Fermate Tper","nome_punto_di_interesse":"VIA MARCONI 9"}},{"type":"Feature","geometry":{"type":"Point","coordinates":[11.35954,44.482361]},"properties":{"nome_area":"MURRI","tipologia_punto_di_interesse":"Fermate Tper","nome_punto_di_interesse":"VIA MURRI 27\/D"}},{"type":"Feature","geometry":{"type":"Point","coordinates":[11.288772,44.498206]},"properties":{"nome_area":"GNUDI","tipologia_punto_di_interesse":"Fermate Tper","nome_punto_di_interesse":"VIA GNUDI 4"}},{"type":"Feature","geometry":{"type":"Point","coordinates":[11.358106,44.493905]},"properties":{"nome_area":"PORTA SAN VITALE (VIA MAS","tipologia_punto_di_interesse":"Fermate Tper","nome_punto_di_interesse":"VIA MASSARENTI 10"}},{"type":"Feature","geometry":{"type":"Point","coordinates":[11.311461,44.501341]},"properties":{"nome_area":"MARZABOTTO","tipologia_punto_di_interesse":"Fermate Tper","nome_punto_di_interesse":"VIA MARZABOTTO 17"}},{"type":"Feature","geometry":{"type":"Point","coordinates":[11.293601,44.495309]},"properties":{"nome_area":"BELCANTONE","tipologia_punto_di_interesse":"Fermate Tper","nome_punto_di_interesse":"VIA BARCA 36"}},{"type":"Feature","geometry":{"type":"Point","coordinates":[11.347129,44.530942]},"properties":{"nome_area":"COOPERAZIONE","tipologia_punto_di_interesse":"Fermate Tper","nome_punto_di_interesse":"VIA ARCOVEGGIO P.L. 56"}},{"type":"Feature","geometry":{"type":"Point","coordinates":[11.349688,44.489424]},"properties":{"nome_area":"GARGANELLI","tipologia_punto_di_interesse":"Fermate Tper","nome_punto_di_interesse":"VIA RIALTO 4\/A"}},{"type":"Feature","geometry":{"type":"Point","coordinates":[11.256863,44.507078]},"properties":{"nome_area":"COLLEGIO SAN LUIGI@","tipologia_punto_di_interesse":"Fermate Tper","nome_punto_di_interesse":"VIA OLMETOLA FR P.TEL. 3"}},{"type":"Feature","geometry":{"type":"Point","coordinates":[11.339633,44.487992]},"properties":{"nome_area":"SAN LUIGI PORTA SAN MAMOL","tipologia_punto_di_interesse":"Fermate Tper","nome_punto_di_interesse":"VIA D`AZEGLIO 57"}},{"type":"Feature","geometry":{"type":"Point","coordinates":[11.336754,44.497153]},"properties":{"nome_area":"LAME","tipologia_punto_di_interesse":"Fermate Tper","nome_punto_di_interesse":"VIA LAME 25"}},{"type":"Feature","geometry":{"type":"Point","coordinates":[11.371889,44.511525]},"properties":{"nome_area":"FIERA VIALE EUROPA","tipologia_punto_di_interesse":"Fermate Tper","nome_punto_di_interesse":"VIALE EUROPA CIV 5"}},{"type":"Feature","geometry":{"type":"Point","coordinates":[11.3558687647,44.5085832568]},"properties":{"nome_area":"Piazza Unit\u00e0","tipologia_punto_di_interesse":"Pista ciclopedonale","nome_punto_di_interesse":"VIA STALINGRADO"}},{"type":"Feature","geometry":{"type":"Point","coordinates":[11.3449425124,44.5070745851]},"properties":{"nome_area":"Piazza Unit\u00e0","tipologia_punto_di_interesse":"Pista ciclopedonale","nome_punto_di_interesse":null}},{"type":"Feature","geometry":{"type":"Point","coordinates":[11.357312191,44.4920326024]},"properties":{"nome_area":"Piazza Porta Ravegnana","tipologia_punto_di_interesse":"Pista ciclopedonale","nome_punto_di_interesse":null}},{"type":"Feature","geometry":{"type":"Point","coordinates":[11.3421417942,44.493010308]},"properties":{"nome_area":"Piazza Maggiore \/ Podest\u00e0","tipologia_punto_di_interesse":"Pista ciclopedonale","nome_punto_di_interesse":null}},{"type":"Feature","geometry":{"type":"Point","coordinates":[11.3503867415,44.4820788842]},"properties":{"nome_area":"Giardini Margherita","tipologia_punto_di_interesse":"Pista ciclopedonale","nome_punto_di_interesse":"VIALE MARIO GIURINI"}},{"type":"Feature","geometry":{"type":"Point","coordinates":[11.3670269758,44.504600573]},"properties":{"nome_area":"Quartiere San Donato","tipologia_punto_di_interesse":"Pista ciclopedonale","nome_punto_di_interesse":null}},{"type":"Feature","geometry":{"type":"Point","coordinates":[11.3484530707,44.491813692]},"properties":{"nome_area":"Piazza Porta Ravegnana","tipologia_punto_di_interesse":"Pista ciclopedonale","nome_punto_di_interesse":null}},{"type":"Feature","geometry":{"type":"Point","coordinates":[11.3420267316,44.5180458215]},"properties":{"nome_area":"Piazza Unit\u00e0","tipologia_punto_di_interesse":"Pista ciclopedonale","nome_punto_di_interesse":null}},{"type":"Feature","geometry":{"type":"Point","coordinates":[11.3909419316,44.4733284574]},"properties":{"nome_area":"Quartiere Savena","tipologia_punto_di_interesse":"Pista ciclopedonale","nome_punto_di_interesse":null}},{"type":"Feature","geometry":{"type":"Point","coordinates":[11.2984665265,44.5025270373]},"properties":{"nome_area":"Quartiere Reno","tipologia_punto_di_interesse":"Pista ciclopedonale","nome_punto_di_interesse":null}},{"type":"Feature","geometry":{"type":"Point","coordinates":[11.340987,44.487392]},"properties":{"nome_area":null,"tipologia_punto_di_interesse":"Rastrelliera Bici","nome_punto_di_interesse":"Mirasole, 11"}},{"type":"Feature","geometry":{"type":"Point","coordinates":[11.34112,44.495544]},"properties":{"nome_area":null,"tipologia_punto_di_interesse":"Rastrelliera Bici","nome_punto_di_interesse":"Oleari, 4"}},{"type":"Feature","geometry":{"type":"Point","coordinates":[11.340551,44.502163]},"properties":{"nome_area":null,"tipologia_punto_di_interesse":"Rastrelliera Bici","nome_punto_di_interesse":"Piazza Martiri 1943\/45, 11"}},{"type":"Feature","geometry":{"type":"Point","coordinates":[11.3459,44.49592]},"properties":{"nome_area":null,"tipologia_punto_di_interesse":"Rastrelliera Bici","nome_punto_di_interesse":"San Simone 1\/2"}},{"type":"Feature","geometry":{"type":"Point","coordinates":[11.334833,44.498614]},"properties":{"nome_area":null,"tipologia_punto_di_interesse":"Rastrelliera Bici","nome_punto_di_interesse":"Brugnoli, 1"}},{"type":"Feature","geometry":{"type":"Point","coordinates":[11.3504,44.499626]},"properties":{"nome_area":null,"tipologia_punto_di_interesse":"Rastrelliera Bici","nome_punto_di_interesse":"Mascarella, 45 (ang. Irnerio)"}},{"type":"Feature","geometry":{"type":"Point","coordinates":[11.335584,44.492801]},"properties":{"nome_area":null,"tipologia_punto_di_interesse":"Rastrelliera Bici","nome_punto_di_interesse":"Nosadella, 7\/c"}},{"type":"Feature","geometry":{"type":"Point","coordinates":[11.327341,44.499012]},"properties":{"nome_area":null,"tipologia_punto_di_interesse":"Rastrelliera Bici","nome_punto_di_interesse":"Porta S. Felice, 3"}},{"type":"Feature","geometry":{"type":"Point","coordinates":[11.334672,44.491089]},"properties":{"nome_area":null,"tipologia_punto_di_interesse":"Rastrelliera Bici","nome_punto_di_interesse":"Nosadella, 49\/2"}},{"type":"Feature","geometry":{"type":"Point","coordinates":[11.35591,44.484508]},"properties":{"nome_area":null,"tipologia_punto_di_interesse":"Rastrelliera Bici","nome_punto_di_interesse":"Piazza di Porta Santo Stefano, 5"}},{"type":"Feature","geometry":{"type":"Point","coordinates":[11.332403,44.49839]},"properties":{"nome_area":null,"tipologia_punto_di_interesse":"Rastrelliera Bici","nome_punto_di_interesse":"Riva Reno, 13"}},{"type":"Feature","geometry":{"type":"Point","coordinates":[11.341648,44.492268]},"properties":{"nome_area":null,"tipologia_punto_di_interesse":"Rastrelliera Bici","nome_punto_di_interesse":"Celestini, 2 e 4"}},{"type":"Feature","geometry":{"type":"Point","coordinates":[11.348807,44.484983]},"properties":{"nome_area":null,"tipologia_punto_di_interesse":"Rastrelliera Bici","nome_punto_di_interesse":"Piazza Porta Castiglione"}},{"type":"Feature","geometry":{"type":"Point","coordinates":[11.345082,44.505032]},"properties":{"nome_area":null,"tipologia_punto_di_interesse":"Rastrelliera Bici","nome_punto_di_interesse":"Cortile Polfer\/Mensa Ferrovieri (300 posti bici)"}},{"type":"Feature","geometry":{"type":"Point","coordinates":[11.355212,44.495105]},"properties":{"nome_area":null,"tipologia_punto_di_interesse":"Rastrelliera Bici","nome_punto_di_interesse":"San Leonardo, 28"}},{"type":"Feature","geometry":{"type":"Point","coordinates":[11.346171,44.496639]},"properties":{"nome_area":null,"tipologia_punto_di_interesse":"Rastrelliera Bici","nome_punto_di_interesse":"San Martino, 1"}},{"type":"Feature","geometry":{"type":"Point","coordinates":[11.3423,44.5063]},"properties":{"nome_area":"Stazione \/ Piazza Medaglie D'Oro","tipologia_punto_di_interesse":"Stazione ferroviaria","nome_punto_di_interesse":"Bologna Centrale"}},{"type":"Feature","geometry":{"type":"Point","coordinates":[11.3005030796,44.5050640687]},"properties":{"nome_area":null,"tipologia_punto_di_interesse":"Zona 30","nome_punto_di_interesse":"Battindarno"}},{"type":"Feature","geometry":{"type":"Point","coordinates":[11.2834307681,44.495090554]},"properties":{"nome_area":null,"tipologia_punto_di_interesse":"Zona 30","nome_punto_di_interesse":"Treno"}},{"type":"Feature","geometry":{"type":"Point","coordinates":[11.3413693039,44.4957914943]},"properties":{"nome_area":"Piazza Maggiore \/ Podest\u00e0","tipologia_punto_di_interesse":"Zona pedonale","nome_punto_di_interesse":"VICOLO GHIRLANDA"}},{"type":"Feature","geometry":{"type":"Point","coordinates":[11.3430849398,44.4990425631]},"properties":{"nome_area":"Piazza Maggiore \/ Podest\u00e0","tipologia_punto_di_interesse":"Zona pedonale","nome_punto_di_interesse":"VIA DE' FALEGNAMI"}},{"type":"Feature","geometry":{"type":"Point","coordinates":[11.357524,44.512219]},"properties":{"nome_area":"STALINGRADO PARRI","tipologia_punto_di_interesse":"Fermate Tper","nome_punto_di_interesse":"VIA STALINGRADO"}},{"type":"Feature","geometry":{"type":"Point","coordinates":[11.393295,44.464004]},"properties":{"nome_area":"ALTURA","tipologia_punto_di_interesse":"Fermate Tper","nome_punto_di_interesse":"VIA ALTURA FR 27"}},{"type":"Feature","geometry":{"type":"Point","coordinates":[11.300218,44.508112]},"properties":{"nome_area":"BERNARDI","tipologia_punto_di_interesse":"Fermate Tper","nome_punto_di_interesse":"VIA EMILIA PONENTE 126\/A"}},{"type":"Feature","geometry":{"type":"Point","coordinates":[11.389891,44.49364]},"properties":{"nome_area":"TANGENZIALE SAN VITALE","tipologia_punto_di_interesse":"Fermate Tper","nome_punto_di_interesse":"VIA MASSARENTI 480"}},{"type":"Feature","geometry":{"type":"Point","coordinates":[11.326764,44.506881]},"properties":{"nome_area":"PARCHEGGIO TANARI","tipologia_punto_di_interesse":"Fermate Tper","nome_punto_di_interesse":"INTERNO PARCHEGGIO TANARI"}},{"type":"Feature","geometry":{"type":"Point","coordinates":[11.28546,44.49811]},"properties":{"nome_area":"VIGHI","tipologia_punto_di_interesse":"Fermate Tper","nome_punto_di_interesse":"VIA VIGHI FR 5\/I"}},{"type":"Feature","geometry":{"type":"Point","coordinates":[11.288116,44.490774]},"properties":{"nome_area":"ROTONDA MALAGUTI","tipologia_punto_di_interesse":"Fermate Tper","nome_punto_di_interesse":"ROTONDA MALAGUTI P.L. 23"}},{"type":"Feature","geometry":{"type":"Point","coordinates":[11.302718,44.468406]},"properties":{"nome_area":"MONTE ALBANO 21","tipologia_punto_di_interesse":"Fermate Tper","nome_punto_di_interesse":"VIA MONTE ALBANO FR 21"}},{"type":"Feature","geometry":{"type":"Point","coordinates":[11.36781,44.454903]},"properties":{"nome_area":"PONTE SAVENA","tipologia_punto_di_interesse":"Fermate Tper","nome_punto_di_interesse":"VIA TOSCANA 172"}},{"type":"Feature","geometry":{"type":"Point","coordinates":[11.328993,44.519241]},"properties":{"nome_area":"MARCO POLO","tipologia_punto_di_interesse":"Fermate Tper","nome_punto_di_interesse":"VIA POLO 53"}},{"type":"Feature","geometry":{"type":"Point","coordinates":[11.380465,44.481431]},"properties":{"nome_area":"PONTEVECCHIO","tipologia_punto_di_interesse":"Fermate Tper","nome_punto_di_interesse":"VIA EMILIA LEVANTE 63\/H"}},{"type":"Feature","geometry":{"type":"Point","coordinates":[11.40094,44.520127]},"properties":{"nome_area":"SAN SISTO","tipologia_punto_di_interesse":"Fermate Tper","nome_punto_di_interesse":"VIA SAN DONATO 192\/A"}},{"type":"Feature","geometry":{"type":"Point","coordinates":[11.363303,44.505473]},"properties":{"nome_area":"NOVELLI","tipologia_punto_di_interesse":"Fermate Tper","nome_punto_di_interesse":"VIA ZACCONI 14"}},{"type":"Feature","geometry":{"type":"Point","coordinates":[11.329965,44.494383]},"properties":{"nome_area":"PORTA SANT`ISAIA","tipologia_punto_di_interesse":"Fermate Tper","nome_punto_di_interesse":"VIA SANT`ISAIA 106"}},{"type":"Feature","geometry":{"type":"Point","coordinates":[11.357088,44.495465]},"properties":{"nome_area":"FILOPANTI","tipologia_punto_di_interesse":"Fermate Tper","nome_punto_di_interesse":"VIALE FILOPANTI PALO LUCE 398"}},{"type":"Feature","geometry":{"type":"Point","coordinates":[11.360316,44.499405]},"properties":{"nome_area":"CAVALCAVIA SAN DONATO","tipologia_punto_di_interesse":"Fermate Tper","nome_punto_di_interesse":"VIA BARONTINI 3"}},{"type":"Feature","geometry":{"type":"Point","coordinates":[11.315998,44.524412]},"properties":{"nome_area":"AGUCCHI","tipologia_punto_di_interesse":"Fermate Tper","nome_punto_di_interesse":"VIA AGUCCHI FR 183"}},{"type":"Feature","geometry":{"type":"Point","coordinates":[11.392355,44.495146]},"properties":{"nome_area":"LARGA","tipologia_punto_di_interesse":"Fermate Tper","nome_punto_di_interesse":"VIA LARGA 13"}},{"type":"Feature","geometry":{"type":"Point","coordinates":[11.365963,44.49132]},"properties":{"nome_area":"PALAGI","tipologia_punto_di_interesse":"Fermate Tper","nome_punto_di_interesse":"VIA PALAGI 26"}},{"type":"Feature","geometry":{"type":"Point","coordinates":[11.315928,44.499143]},"properties":{"nome_area":"WEBER","tipologia_punto_di_interesse":"Fermate Tper","nome_punto_di_interesse":"VIA PASUBIO FR P.L. 15"}},{"type":"Feature","geometry":{"type":"Point","coordinates":[11.334211,44.497208]},"properties":{"nome_area":null,"tipologia_punto_di_interesse":"Rastrelliera Bici","nome_punto_di_interesse":"Abbadia, 6"}},{"type":"Feature","geometry":{"type":"Point","coordinates":[11.341992,44.486581]},"properties":{"nome_area":null,"tipologia_punto_di_interesse":"Rastrelliera Bici","nome_punto_di_interesse":"Del Falcone 26\/a"}},{"type":"Feature","geometry":{"type":"Point","coordinates":[11.346484,44.485767]},"properties":{"nome_area":null,"tipologia_punto_di_interesse":"Rastrelliera Bici","nome_punto_di_interesse":"XII Giugno, 15\/A"}},{"type":"Feature","geometry":{"type":"Point","coordinates":[11.371789,44.540677]},"properties":{"nome_area":"CASE NUOVE","tipologia_punto_di_interesse":"Fermate Tper","nome_punto_di_interesse":"VIA FERRARESE FR 227"}},{"type":"Feature","geometry":{"type":"Point","coordinates":[11.378606,44.546405]},"properties":{"nome_area":"CASE SANT`ANNA","tipologia_punto_di_interesse":"Fermate Tper","nome_punto_di_interesse":"VIA FERRARESE FR P.L. 200"}},{"type":"Feature","geometry":{"type":"Point","coordinates":[11.363342,44.502088]},"properties":{"nome_area":"MERCATO SAN DONATO","tipologia_punto_di_interesse":"Fermate Tper","nome_punto_di_interesse":"VIA AMASEO 5"}},{"type":"Feature","geometry":{"type":"Point","coordinates":[11.358336,44.513949]},"properties":{"nome_area":"CALZONI","tipologia_punto_di_interesse":"Fermate Tper","nome_punto_di_interesse":"VIA STALINGRADO FR 45"}},{"type":"Feature","geometry":{"type":"Point","coordinates":[11.316169,44.524292]},"properties":{"nome_area":"AGUCCHI","tipologia_punto_di_interesse":"Fermate Tper","nome_punto_di_interesse":"VIA AGUCCHI 183"}},{"type":"Feature","geometry":{"type":"Point","coordinates":[11.401778,44.502537]},"properties":{"nome_area":"ELETTRICISTA","tipologia_punto_di_interesse":"Fermate Tper","nome_punto_di_interesse":"VIA CERODOLO P.L. 35"}},{"type":"Feature","geometry":{"type":"Point","coordinates":[11.314287,44.484691]},"properties":{"nome_area":"CASAGLIA 31","tipologia_punto_di_interesse":"Fermate Tper","nome_punto_di_interesse":"VIA DI CASAGLIA 31"}},{"type":"Feature","geometry":{"type":"Point","coordinates":[11.395308,44.475719]},"properties":{"nome_area":"VILLAGGIO DUE MADONNE","tipologia_punto_di_interesse":"Fermate Tper","nome_punto_di_interesse":"VIA DOZZA FR 19\/B"}},{"type":"Feature","geometry":{"type":"Point","coordinates":[11.277839,44.516556]},"properties":{"nome_area":"SCALA","tipologia_punto_di_interesse":"Fermate Tper","nome_punto_di_interesse":"VIA LEPIDO 29"}},{"type":"Feature","geometry":{"type":"Point","coordinates":[11.362908,44.487909]},"properties":{"nome_area":"ALBERTONI","tipologia_punto_di_interesse":"Fermate Tper","nome_punto_di_interesse":"VIA MAZZINI 49"}},{"type":"Feature","geometry":{"type":"Point","coordinates":[11.3605,44.510204]},"properties":{"nome_area":"PARCHEGGIO COSTITUZIONE","tipologia_punto_di_interesse":"Fermate Tper","nome_punto_di_interesse":"VIALE A.MORO FR P.L. 22"}},{"type":"Feature","geometry":{"type":"Point","coordinates":[11.345081,44.503131]},"properties":{"nome_area":"AUTOSTAZIONE","tipologia_punto_di_interesse":"Fermate Tper","nome_punto_di_interesse":"VIA INDIPENDENZA 71 R (PENSILINA R)"}},{"type":"Feature","geometry":{"type":"Point","coordinates":[11.332277,44.494021]},"properties":{"nome_area":"SANT`ISAIA","tipologia_punto_di_interesse":"Fermate Tper","nome_punto_di_interesse":"VIA SANT`ISAIA 29\/B"}},{"type":"Feature","geometry":{"type":"Point","coordinates":[11.372512,44.476654]},"properties":{"nome_area":"LUNETTA GAMBERINI","tipologia_punto_di_interesse":"Fermate Tper","nome_punto_di_interesse":"VIA ORTI FR 43"}},{"type":"Feature","geometry":{"type":"Point","coordinates":[11.274546,44.51762]},"properties":{"nome_area":"CHIESA BORGO PANIGALE","tipologia_punto_di_interesse":"Fermate Tper","nome_punto_di_interesse":"VIA LEPIDO FR 79"}},{"type":"Feature","geometry":{"type":"Point","coordinates":[11.314527,44.429059]},"properties":{"nome_area":"SABBIUNO","tipologia_punto_di_interesse":"Fermate Tper","nome_punto_di_interesse":"VIA SABBIUNO FR 11"}},{"type":"Feature","geometry":{"type":"Point","coordinates":[11.329184,44.491528]},"properties":{"nome_area":"PORTA SARAGOZZA - LICEO R","tipologia_punto_di_interesse":"Fermate Tper","nome_punto_di_interesse":"VIALE PEPOLI 20"}},{"type":"Feature","geometry":{"type":"Point","coordinates":[11.327548,44.496548]},"properties":{"nome_area":"VICINI","tipologia_punto_di_interesse":"Fermate Tper","nome_punto_di_interesse":"VIALE VICINI 28"}},{"type":"Feature","geometry":{"type":"Point","coordinates":[11.323763,44.492781]},"properties":{"nome_area":"PIAZZA VOLTA","tipologia_punto_di_interesse":"Fermate Tper","nome_punto_di_interesse":"VIA RONCATI 44"}},{"type":"Feature","geometry":{"type":"Point","coordinates":[11.395177,44.475596]},"properties":{"nome_area":"VILLAGGIO DUE MADONNE","tipologia_punto_di_interesse":"Fermate Tper","nome_punto_di_interesse":"VIA DOZZA 19\/B"}},{"type":"Feature","geometry":{"type":"Point","coordinates":[11.370266,44.460622]},"properties":{"nome_area":"ANGELO CUSTODE","tipologia_punto_di_interesse":"Fermate Tper","nome_punto_di_interesse":"VIA TOSCANA 109"}},{"type":"Feature","geometry":{"type":"Point","coordinates":[11.369717,44.457303]},"properties":{"nome_area":"SAN RUFFILLO","tipologia_punto_di_interesse":"Fermate Tper","nome_punto_di_interesse":"VIA TOSCANA 140"}},{"type":"Feature","geometry":{"type":"Point","coordinates":[11.353816,44.522612]},"properties":{"nome_area":"FERMATA SERVIZIO FERRARES","tipologia_punto_di_interesse":"Fermate Tper","nome_punto_di_interesse":"INTERNO DEPOSITO FERRARESE"}},{"type":"Feature","geometry":{"type":"Point","coordinates":[11.343674,44.494373]},"properties":{"nome_area":"Piazza Maggiore \/ Podest\u00e0","tipologia_punto_di_interesse":"Fermate Tper","nome_punto_di_interesse":"PIAZZA RE ENZO 1\/3\/B"}},{"type":"Feature","geometry":{"type":"Point","coordinates":[11.395495,44.485213]},"properties":{"nome_area":"DEPOSITO DUE MADONNE 2","tipologia_punto_di_interesse":"Fermate Tper","nome_punto_di_interesse":"VIA DUE MADONNE P.L. 36"}},{"type":"Feature","geometry":{"type":"Point","coordinates":[11.404636,44.501991]},"properties":{"nome_area":"FONDITORE","tipologia_punto_di_interesse":"Fermate Tper","nome_punto_di_interesse":"VIA DEL FRESATORE FR P.L. 30"}},{"type":"Feature","geometry":{"type":"Point","coordinates":[11.376013,44.4932]},"properties":{"nome_area":"PARCO","tipologia_punto_di_interesse":"Fermate Tper","nome_punto_di_interesse":"VIA MASSARENTI 111"}},{"type":"Feature","geometry":{"type":"Point","coordinates":[11.360821,44.508172]},"properties":{"nome_area":"SERENA","tipologia_punto_di_interesse":"Fermate Tper","nome_punto_di_interesse":"VIA CADUTI DI VIA FANI 3\/C"}},{"type":"Feature","geometry":{"type":"Point","coordinates":[11.387492,44.473074]},"properties":{"nome_area":"FAENZA","tipologia_punto_di_interesse":"Fermate Tper","nome_punto_di_interesse":"VIA ARNO FR 34"}},{"type":"Feature","geometry":{"type":"Point","coordinates":[11.376824,44.476006]},"properties":{"nome_area":"PO","tipologia_punto_di_interesse":"Fermate Tper","nome_punto_di_interesse":"VIA DEGLI ORTI FR 62\/A"}},{"type":"Feature","geometry":{"type":"Point","coordinates":[11.369932,44.479706]},"properties":{"nome_area":"LARGO LERCARO","tipologia_punto_di_interesse":"Fermate Tper","nome_punto_di_interesse":"VIA DAGNINI 27"}},{"type":"Feature","geometry":{"type":"Point","coordinates":[11.331457,44.505624]},"properties":{"nome_area":"BOVI CAMPEGGI","tipologia_punto_di_interesse":"Fermate Tper","nome_punto_di_interesse":"VIA ZANARDI 31"}},{"type":"Feature","geometry":{"type":"Point","coordinates":[11.324619,44.501037]},"properties":{"nome_area":"SAN PIO V","tipologia_punto_di_interesse":"Fermate Tper","nome_punto_di_interesse":"VIA SAN PIO 13"}},{"type":"Feature","geometry":{"type":"Point","coordinates":[11.408628,44.516454]},"properties":{"nome_area":"FICO","tipologia_punto_di_interesse":"Fermate Tper","nome_punto_di_interesse":"INTERNO FICO INGR. PEDONALE PRINCIPALE"}},{"type":"Feature","geometry":{"type":"Point","coordinates":[11.367488,44.533313]},"properties":{"nome_area":"APOSAZZA","tipologia_punto_di_interesse":"Fermate Tper","nome_punto_di_interesse":"VIA FERRARESE FR P.L. 130"}},{"type":"Feature","geometry":{"type":"Point","coordinates":[11.371934,44.495896]},"properties":{"nome_area":"STAZIONE SAN VITALE","tipologia_punto_di_interesse":"Fermate Tper","nome_punto_di_interesse":"SOTTOPASSO TRA VIA SANTE VINCENZI - VIA"}},{"type":"Feature","geometry":{"type":"Point","coordinates":[11.275627,44.492383]},"properties":{"nome_area":"VILLA RANUZZI","tipologia_punto_di_interesse":"Fermate Tper","nome_punto_di_interesse":"VIA CADUTI DI CASTELDEBOLE FR 69"}},{"type":"Feature","geometry":{"type":"Point","coordinates":[11.352078,44.541626]},"properties":{"nome_area":"ROTONDA GIARDINI","tipologia_punto_di_interesse":"Fermate Tper","nome_punto_di_interesse":"ROTONDA GIARDINI"}},{"type":"Feature","geometry":{"type":"Point","coordinates":[11.320509,44.522331]},"properties":{"nome_area":"PESCAROLA","tipologia_punto_di_interesse":"Fermate Tper","nome_punto_di_interesse":"VIA ZANARDI 185"}},{"type":"Feature","geometry":{"type":"Point","coordinates":[11.365006,44.483508]},"properties":{"nome_area":"MEZZOFANTI","tipologia_punto_di_interesse":"Fermate Tper","nome_punto_di_interesse":"VIA MEZZOFANTI 45"}},{"type":"Feature","geometry":{"type":"Point","coordinates":[11.388681,44.532979]},"properties":{"nome_area":"CENTRO LATTE GRANAROLO","tipologia_punto_di_interesse":"Fermate Tper","nome_punto_di_interesse":"VIA CADRIANO FR PL 106"}},{"type":"Feature","geometry":{"type":"Point","coordinates":[11.359362,44.505384]},"properties":{"nome_area":"LAVORO","tipologia_punto_di_interesse":"Fermate Tper","nome_punto_di_interesse":"VIA DEL LAVORO 19\/L"}},{"type":"Feature","geometry":{"type":"Point","coordinates":[11.361101,44.50858]},"properties":{"nome_area":"SERENA","tipologia_punto_di_interesse":"Fermate Tper","nome_punto_di_interesse":"VIA SERENA FR 10"}},{"type":"Feature","geometry":{"type":"Point","coordinates":[11.356518,44.497565]},"properties":{"nome_area":"PORTA SAN DONATO","tipologia_punto_di_interesse":"Fermate Tper","nome_punto_di_interesse":"VIALE FILOPANTI 1"}},{"type":"Feature","geometry":{"type":"Point","coordinates":[11.330651,44.50402]},"properties":{"nome_area":"CASARINI","tipologia_punto_di_interesse":"Fermate Tper","nome_punto_di_interesse":"VIA CASARINI 7"}},{"type":"Feature","geometry":{"type":"Point","coordinates":[11.288254,44.496217]},"properties":{"nome_area":"BUOZZI","tipologia_punto_di_interesse":"Fermate Tper","nome_punto_di_interesse":"VIA BUOZZI FR 6"}},{"type":"Feature","geometry":{"type":"Point","coordinates":[11.348286,44.484258]},"properties":{"nome_area":"PORTA CASTIGLIONE","tipologia_punto_di_interesse":"Fermate Tper","nome_punto_di_interesse":"VIA CASTIGLIONE 91\/C"}},{"type":"Feature","geometry":{"type":"Point","coordinates":[11.361998,44.492798]},"properties":{"nome_area":"OSPEDALE SANT`ORSOLA","tipologia_punto_di_interesse":"Fermate Tper","nome_punto_di_interesse":"VIA MASSARENTI 90\/2C"}},{"type":"Feature","geometry":{"type":"Point","coordinates":[11.373399,44.488906]},"properties":{"nome_area":"ARCOBALENO","tipologia_punto_di_interesse":"Fermate Tper","nome_punto_di_interesse":"VIA AZZURRA 41"}},{"type":"Feature","geometry":{"type":"Point","coordinates":[11.320469,44.501698]},"properties":{"nome_area":"SAFFI","tipologia_punto_di_interesse":"Fermate Tper","nome_punto_di_interesse":"VIA SAFFI FR 34"}},{"type":"Feature","geometry":{"type":"Point","coordinates":[11.317016,44.537391]},"properties":{"nome_area":"ZANARDI CINTURA FERROVIAR","tipologia_punto_di_interesse":"Fermate Tper","nome_punto_di_interesse":"VIA ZANARDI FR 437"}},{"type":"Feature","geometry":{"type":"Point","coordinates":[11.383518,44.476128]},"properties":{"nome_area":"SARDEGNA","tipologia_punto_di_interesse":"Fermate Tper","nome_punto_di_interesse":"VIA SARDEGNA 5\/A"}},{"type":"Feature","geometry":{"type":"Point","coordinates":[11.3249,44.500194]},"properties":{"nome_area":"SAN PIO V","tipologia_punto_di_interesse":"Fermate Tper","nome_punto_di_interesse":"VIA SAFFI 43"}},{"type":"Feature","geometry":{"type":"Point","coordinates":[11.269525,44.516955]},"properties":{"nome_area":"CAVALIERI DUCATI","tipologia_punto_di_interesse":"Fermate Tper","nome_punto_di_interesse":"VIA CAVALIERI DUCATI 1\/2"}},{"type":"Feature","geometry":{"type":"Point","coordinates":[11.370768,44.504977]},"properties":{"nome_area":"SAN DONATO","tipologia_punto_di_interesse":"Fermate Tper","nome_punto_di_interesse":"VIA SAN DONATO 98"}},{"type":"Feature","geometry":{"type":"Point","coordinates":[11.356028,44.548134]},"properties":{"nome_area":"FONTI","tipologia_punto_di_interesse":"Fermate Tper","nome_punto_di_interesse":"VIA SANT`ANNA 15 METRI DOPO CIV 1"}},{"type":"Feature","geometry":{"type":"Point","coordinates":[11.312399,44.500241]},"properties":{"nome_area":"VELODROMO","tipologia_punto_di_interesse":"Fermate Tper","nome_punto_di_interesse":"VIA PASUBIO FR 84\/C"}},{"type":"Feature","geometry":{"type":"Point","coordinates":[11.346827,44.509648]},"properties":{"nome_area":"Piazza Unit\u00e0","tipologia_punto_di_interesse":"Fermate Tper","nome_punto_di_interesse":"VIA MATTEOTTI 28\/F"}},{"type":"Feature","geometry":{"type":"Point","coordinates":[11.279889,44.505243]},"properties":{"nome_area":"LA MALFA","tipologia_punto_di_interesse":"Fermate Tper","nome_punto_di_interesse":"VIA LA MALFA 12"}},{"type":"Feature","geometry":{"type":"Point","coordinates":[11.332376,44.52488]},"properties":{"nome_area":"PELLEGRINO","tipologia_punto_di_interesse":"Fermate Tper","nome_punto_di_interesse":"VIA BEVERARA 163"}},{"type":"Feature","geometry":{"type":"Point","coordinates":[11.388347,44.507554]},"properties":{"nome_area":"PILASTRO VECCHIO","tipologia_punto_di_interesse":"Fermate Tper","nome_punto_di_interesse":"VIA GIAN LUIGI PROTCHE P.L. 102"}},{"type":"Feature","geometry":{"type":"Point","coordinates":[11.340348,44.50871]},"properties":{"nome_area":"FIORAVANTI PIAZZA LIBER P","tipologia_punto_di_interesse":"Fermate Tper","nome_punto_di_interesse":"VIA FIORAVANTI FR 23"}},{"type":"Feature","geometry":{"type":"Point","coordinates":[11.256276,44.524132]},"properties":{"nome_area":"PALLAVICINI","tipologia_punto_di_interesse":"Fermate Tper","nome_punto_di_interesse":"VIA LEPIDO 203\/15"}},{"type":"Feature","geometry":{"type":"Point","coordinates":[11.315759,44.49488]},"properties":{"nome_area":"MARTINI","tipologia_punto_di_interesse":"Fermate Tper","nome_punto_di_interesse":"VIA COSTA A. 152"}},{"type":"Feature","geometry":{"type":"Point","coordinates":[11.34379,44.478454]},"properties":{"nome_area":"VILLA REVEDIN","tipologia_punto_di_interesse":"Fermate Tper","nome_punto_di_interesse":"VIA BACCHELLI"}},{"type":"Feature","geometry":{"type":"Point","coordinates":[11.359521,44.499043]},"properties":{"nome_area":"SANT`EGIDIO","tipologia_punto_di_interesse":"Fermate Tper","nome_punto_di_interesse":"VIA BERLINGUER PL6"}},{"type":"Feature","geometry":{"type":"Point","coordinates":[11.36589,44.494797]},"properties":{"nome_area":"LIBIA","tipologia_punto_di_interesse":"Fermate Tper","nome_punto_di_interesse":"VIA LIBIA FR 20\/3"}},{"type":"Feature","geometry":{"type":"Point","coordinates":[11.355145,44.509999]},"properties":{"nome_area":"STALINGRADO","tipologia_punto_di_interesse":"Fermate Tper","nome_punto_di_interesse":"VIA CRETI 36"}},{"type":"Feature","geometry":{"type":"Point","coordinates":[11.344103,44.490646]},"properties":{"nome_area":"PIAZZA CAVOUR","tipologia_punto_di_interesse":"Fermate Tper","nome_punto_di_interesse":"PIAZZA CAVOUR 4"}},{"type":"Feature","geometry":{"type":"Point","coordinates":[11.377182,44.486064]},"properties":{"nome_area":"FOSSOLO","tipologia_punto_di_interesse":"Fermate Tper","nome_punto_di_interesse":"VIALE FELSINA 27"}},{"type":"Feature","geometry":{"type":"Point","coordinates":[11.3716,44.48952]},"properties":{"nome_area":"MENGOLI","tipologia_punto_di_interesse":"Fermate Tper","nome_punto_di_interesse":"VIA MENGOLI 30\/A"}},{"type":"Feature","geometry":{"type":"Point","coordinates":[11.246177,44.527239]},"properties":{"nome_area":"PIOPPA","tipologia_punto_di_interesse":"Fermate Tper","nome_punto_di_interesse":"VIA LEPIDO FR 219"}},{"type":"Feature","geometry":{"type":"Point","coordinates":[11.357828,44.483566]},"properties":{"nome_area":"PORTA SANTO STEFANO","tipologia_punto_di_interesse":"Fermate Tper","nome_punto_di_interesse":"VIA MURRI 5-7"}},{"type":"Feature","geometry":{"type":"Point","coordinates":[11.317515,44.513488]},"properties":{"nome_area":"ROTONDA REGGIMENTO PISTOI","tipologia_punto_di_interesse":"Fermate Tper","nome_punto_di_interesse":"ROTONDA 35^ REGG. FANTERIA PISTOIA"}},{"type":"Feature","geometry":{"type":"Point","coordinates":[11.372796,44.494203]},"properties":{"nome_area":"RIMESSE","tipologia_punto_di_interesse":"Fermate Tper","nome_punto_di_interesse":"VIA RIMESSE 4\/A"}},{"type":"Feature","geometry":{"type":"Point","coordinates":[11.342865,44.508713]},"properties":{"nome_area":"TIARINI","tipologia_punto_di_interesse":"Fermate Tper","nome_punto_di_interesse":"VIA TIARINI 29"}},{"type":"Feature","geometry":{"type":"Point","coordinates":[11.357915,44.488228]},"properties":{"nome_area":"CARDUCCI","tipologia_punto_di_interesse":"Fermate Tper","nome_punto_di_interesse":"VIALE CARDUCCI 30"}},{"type":"Feature","geometry":{"type":"Point","coordinates":[11.363509,44.50402]},"properties":{"nome_area":"REPUBBLICA","tipologia_punto_di_interesse":"Fermate Tper","nome_punto_di_interesse":"VIALE REPUBBLICA FR 14"}},{"type":"Feature","geometry":{"type":"Point","coordinates":[11.349231,44.48179]},"properties":{"nome_area":"DELLE ROSE","tipologia_punto_di_interesse":"Fermate Tper","nome_punto_di_interesse":"VIA CASTIGLIONE FR 107\/2"}},{"type":"Feature","geometry":{"type":"Point","coordinates":[11.364309,44.495829]},"properties":{"nome_area":"CIRENAICA","tipologia_punto_di_interesse":"Fermate Tper","nome_punto_di_interesse":"VIA BENTIVOGLI 36"}},{"type":"Feature","geometry":{"type":"Point","coordinates":[11.373379,44.506075]},"properties":{"nome_area":"SIRENELLA","tipologia_punto_di_interesse":"Fermate Tper","nome_punto_di_interesse":"VIA SAN DONATO 124\/B"}},{"type":"Feature","geometry":{"type":"Point","coordinates":[11.347816,44.507945]},"properties":{"nome_area":"JACOPO DELLA QUERCIA","tipologia_punto_di_interesse":"Fermate Tper","nome_punto_di_interesse":"VIA JACOPO DELLA QUERCIA 1-3"}},{"type":"Feature","geometry":{"type":"Point","coordinates":[11.329532,44.517295]},"properties":{"nome_area":"GAGARIN","tipologia_punto_di_interesse":"Fermate Tper","nome_punto_di_interesse":"VIA GAGARIN FR 5"}},{"type":"Feature","geometry":{"type":"Point","coordinates":[11.313678,44.493472]},"properties":{"nome_area":"IRMA BANDIERA","tipologia_punto_di_interesse":"Fermate Tper","nome_punto_di_interesse":"VIA BANDIERA 6"}},{"type":"Feature","geometry":{"type":"Point","coordinates":[11.335879,44.502959]},"properties":{"nome_area":"DON MINZONI - MAMBO","tipologia_punto_di_interesse":"Fermate Tper","nome_punto_di_interesse":"VIA DON MINZONI FR 17"}},{"type":"Feature","geometry":{"type":"Point","coordinates":[11.359143,44.514913]},"properties":{"nome_area":"CALZONI","tipologia_punto_di_interesse":"Fermate Tper","nome_punto_di_interesse":"VIA STALINGRADO 47"}},{"type":"Feature","geometry":{"type":"Point","coordinates":[11.3450258658,44.4931861609]},"properties":{"nome_area":"Museo Archeologico","tipologia_punto_di_interesse":"Pista ciclopedonale","nome_punto_di_interesse":null}},{"type":"Feature","geometry":{"type":"Point","coordinates":[11.3547794043,44.4857565864]},"properties":{"nome_area":"Giardini Margherita","tipologia_punto_di_interesse":"Pista ciclopedonale","nome_punto_di_interesse":"VIA S.STEFANO"}},{"type":"Feature","geometry":{"type":"Point","coordinates":[11.3416158741,44.4956128481]},"properties":{"nome_area":"Piazza Maggiore \/ Podest\u00e0","tipologia_punto_di_interesse":"Pista ciclopedonale","nome_punto_di_interesse":null}},{"type":"Feature","geometry":{"type":"Point","coordinates":[11.342703,44.493252]},"properties":{"nome_area":null,"tipologia_punto_di_interesse":"Rastrelliera Bici","nome_punto_di_interesse":"Pignattari, 3"}},{"type":"Feature","geometry":{"type":"Point","coordinates":[11.338052,44.496407]},"properties":{"nome_area":null,"tipologia_punto_di_interesse":"Rastrelliera Bici","nome_punto_di_interesse":"Belvedere, 6"}},{"type":"Feature","geometry":{"type":"Point","coordinates":[11.356905,44.487801]},"properties":{"nome_area":null,"tipologia_punto_di_interesse":"Rastrelliera Bici","nome_punto_di_interesse":"Carducci, 1"}},{"type":"Feature","geometry":{"type":"Point","coordinates":[11.335279,44.503296]},"properties":{"nome_area":null,"tipologia_punto_di_interesse":"Rastrelliera Bici","nome_punto_di_interesse":"Don Minzoni, 17 (ang. Viale Pietramellara)"}},{"type":"Feature","geometry":{"type":"Point","coordinates":[11.346908,44.500236]},"properties":{"nome_area":null,"tipologia_punto_di_interesse":"Rastrelliera Bici","nome_punto_di_interesse":"Maroncelli, 8\/a"}},{"type":"Feature","geometry":{"type":"Point","coordinates":[11.340541,44.493114]},"properties":{"nome_area":null,"tipologia_punto_di_interesse":"Rastrelliera Bici","nome_punto_di_interesse":"Piazza Galilei, 6"}},{"type":"Feature","geometry":{"type":"Point","coordinates":[11.347603,44.504645]},"properties":{"nome_area":null,"tipologia_punto_di_interesse":"Rastrelliera Bici","nome_punto_di_interesse":"Barozzi, 8  (50 posti bici)"}},{"type":"Feature","geometry":{"type":"Point","coordinates":[11.357433,44.494596]},"properties":{"nome_area":null,"tipologia_punto_di_interesse":"Rastrelliera Bici","nome_punto_di_interesse":"Zanolini, 2"}},{"type":"Feature","geometry":{"type":"Point","coordinates":[11.3423,44.5063]},"properties":{"nome_area":"Velostazione","tipologia_punto_di_interesse":"Stazione ferroviaria","nome_punto_di_interesse":"Bologna Centrale"}},{"type":"Feature","geometry":{"type":"Point","coordinates":[11.3378381108,44.5122621207]},"properties":{"nome_area":null,"tipologia_punto_di_interesse":"Zona 30","nome_punto_di_interesse":"Ex Mercato Ortofrutticolo"}},{"type":"Feature","geometry":{"type":"Point","coordinates":[11.396686437,44.477554611]},"properties":{"nome_area":null,"tipologia_punto_di_interesse":"Zona 30","nome_punto_di_interesse":"Scuole Savio"}},{"type":"Feature","geometry":{"type":"Point","coordinates":[11.3443782051,44.492539911]},"properties":{"nome_area":"Piazza Maggiore \/ Podest\u00e0","tipologia_punto_di_interesse":"Zona pedonale","nome_punto_di_interesse":"VIA DE' FOSCHERARI"}},{"type":"Feature","geometry":{"type":"Point","coordinates":[11.3419741668,44.4989499762]},"properties":{"nome_area":"Piazza Porta Ravegnana","tipologia_punto_di_interesse":"Zona pedonale","nome_punto_di_interesse":"VIA AVESELLA"}},{"type":"Feature","geometry":{"type":"Point","coordinates":[11.39078,44.470755]},"properties":{"nome_area":"ROMA","tipologia_punto_di_interesse":"Fermate Tper","nome_punto_di_interesse":"VIALE ROMA 12"}},{"type":"Feature","geometry":{"type":"Point","coordinates":[11.35454,44.516224]},"properties":{"nome_area":"PASSAROTTI","tipologia_punto_di_interesse":"Fermate Tper","nome_punto_di_interesse":"VIA FERRARESE FR 60"}},{"type":"Feature","geometry":{"type":"Point","coordinates":[11.332144,44.517178]},"properties":{"nome_area":"NAVILE","tipologia_punto_di_interesse":"Fermate Tper","nome_punto_di_interesse":"VIA GAGARIN FR P.L. 23"}},{"type":"Feature","geometry":{"type":"Point","coordinates":[11.357636,44.490961]},"properties":{"nome_area":"PORTA MAGGIORE","tipologia_punto_di_interesse":"Fermate Tper","nome_punto_di_interesse":"VIALE ERCOLANI 6"}},{"type":"Feature","geometry":{"type":"Point","coordinates":[11.421549,44.513687]},"properties":{"nome_area":"FIORINI","tipologia_punto_di_interesse":"Fermate Tper","nome_punto_di_interesse":"VIA S.CATERINA DI QUARTO 30M PRIMA V.FIO"}},{"type":"Feature","geometry":{"type":"Point","coordinates":[11.333607,44.488574]},"properties":{"nome_area":"ALDINI","tipologia_punto_di_interesse":"Fermate Tper","nome_punto_di_interesse":"VIALE ALDINI 190"}},{"type":"Feature","geometry":{"type":"Point","coordinates":[11.348097,44.521533]},"properties":{"nome_area":"ISTITUTO ALDINI","tipologia_punto_di_interesse":"Fermate Tper","nome_punto_di_interesse":"VIA CORTICELLA FR 121\/A"}},{"type":"Feature","geometry":{"type":"Point","coordinates":[11.335239,44.50552]},"properties":{"nome_area":"BOVI CAMPEGGI QUESTURA","tipologia_punto_di_interesse":"Fermate Tper","nome_punto_di_interesse":"VIA BOVI CAMPEGGI FR 15"}},{"type":"Feature","geometry":{"type":"Point","coordinates":[11.335926,44.479263]},"properties":{"nome_area":"VILLA GHIGI","tipologia_punto_di_interesse":"Fermate Tper","nome_punto_di_interesse":"VIA SAN MAMOLO 97"}},{"type":"Feature","geometry":{"type":"Point","coordinates":[11.32595,44.49496]},"properties":{"nome_area":"ANDREA COSTA","tipologia_punto_di_interesse":"Fermate Tper","nome_punto_di_interesse":"VIA COSTA A. 24\/A"}},{"type":"Feature","geometry":{"type":"Point","coordinates":[11.394478,44.472964]},"properties":{"nome_area":"GENOVA","tipologia_punto_di_interesse":"Fermate Tper","nome_punto_di_interesse":"VIA GENOVA FR P.L. 20"}},{"type":"Feature","geometry":{"type":"Point","coordinates":[11.357326,44.549088]},"properties":{"nome_area":"BENTINI","tipologia_punto_di_interesse":"Fermate Tper","nome_punto_di_interesse":"VIA BENTINI 73"}},{"type":"Feature","geometry":{"type":"Point","coordinates":[11.359318,44.505232]},"properties":{"nome_area":"LAVORO","tipologia_punto_di_interesse":"Fermate Tper","nome_punto_di_interesse":"VIA DEL LAVORO FR 17"}},{"type":"Feature","geometry":{"type":"Point","coordinates":[11.362813,44.508599]},"properties":{"nome_area":"FIERA ALDO MORO","tipologia_punto_di_interesse":"Fermate Tper","nome_punto_di_interesse":"VIALE ALDO MORO PL 41"}},{"type":"Feature","geometry":{"type":"Point","coordinates":[11.377415,44.472303]},"properties":{"nome_area":"TORINO","tipologia_punto_di_interesse":"Fermate Tper","nome_punto_di_interesse":"VIA TORINO FR P.L. 25"}},{"type":"Feature","geometry":{"type":"Point","coordinates":[11.362517,44.476979]},"properties":{"nome_area":"ISTITUTO ARCANGELI","tipologia_punto_di_interesse":"Fermate Tper","nome_punto_di_interesse":"VIA MARCHETTI 22"}},{"type":"Feature","geometry":{"type":"Point","coordinates":[11.397649,44.51872]},"properties":{"nome_area":"MENARINI","tipologia_punto_di_interesse":"Fermate Tper","nome_punto_di_interesse":"VIA SAN DONATO 195"}},{"type":"Feature","geometry":{"type":"Point","coordinates":[11.398634,44.515747]},"properties":{"nome_area":"CARNACINI","tipologia_punto_di_interesse":"Fermate Tper","nome_punto_di_interesse":"VIA TITO CARNACINI"}},{"type":"Feature","geometry":{"type":"Point","coordinates":[11.401782,44.517652]},"properties":{"nome_area":"COMMERCIO ASSOCIATO","tipologia_punto_di_interesse":"Fermate Tper","nome_punto_di_interesse":"VIA DEL COMMERCIO ASSOCIATO FR PL 16"}},{"type":"Feature","geometry":{"type":"Point","coordinates":[11.279114,44.516017]},"properties":{"nome_area":"SCALA","tipologia_punto_di_interesse":"Fermate Tper","nome_punto_di_interesse":"VIA LEPIDO 8\/A"}},{"type":"Feature","geometry":{"type":"Point","coordinates":[11.315471,44.428167]},"properties":{"nome_area":"CALANCHI","tipologia_punto_di_interesse":"Fermate Tper","nome_punto_di_interesse":"VIA SABBIUNO 32"}},{"type":"Feature","geometry":{"type":"Point","coordinates":[11.378494,44.546444]},"properties":{"nome_area":"CASE SANT`ANNA","tipologia_punto_di_interesse":"Fermate Tper","nome_punto_di_interesse":"VIA FERRARESE P.L. 200"}},{"type":"Feature","geometry":{"type":"Point","coordinates":[11.385219,44.468206]},"properties":{"nome_area":"LONGO CAVAZZONI","tipologia_punto_di_interesse":"Fermate Tper","nome_punto_di_interesse":"VIA LONGO FR INTERSEZIONE VIA BEZZECCA"}},{"type":"Feature","geometry":{"type":"Point","coordinates":[11.3711,44.469103]},"properties":{"nome_area":"VILLA MAZZACORATI","tipologia_punto_di_interesse":"Fermate Tper","nome_punto_di_interesse":"VIA TOSCANA 28"}},{"type":"Feature","geometry":{"type":"Point","coordinates":[11.359371,44.4972]},"properties":{"nome_area":"ZANOLINI","tipologia_punto_di_interesse":"Fermate Tper","nome_punto_di_interesse":"VIA ZANOLINI 40"}},{"type":"Feature","geometry":{"type":"Point","coordinates":[11.294481,44.495615]},"properties":{"nome_area":"BELCANTONE","tipologia_punto_di_interesse":"Fermate Tper","nome_punto_di_interesse":"VIA BATTINDARNO 376"}},{"type":"Feature","geometry":{"type":"Point","coordinates":[11.346494,44.508548]},"properties":{"nome_area":"SACRO CUORE","tipologia_punto_di_interesse":"Fermate Tper","nome_punto_di_interesse":"VIA MATTEOTTI 18"}},{"type":"Feature","geometry":{"type":"Point","coordinates":[11.346034,44.507126]},"properties":{"nome_area":"MATTEOTTI ALTA VELOCITA`","tipologia_punto_di_interesse":"Fermate Tper","nome_punto_di_interesse":"VIA MATTEOTTI CIV 6"}},{"type":"Feature","geometry":{"type":"Point","coordinates":[11.385769,44.485381]},"properties":{"nome_area":"MARX","tipologia_punto_di_interesse":"Fermate Tper","nome_punto_di_interesse":"VIA LENIN FR P.L. 42"}},{"type":"Feature","geometry":{"type":"Point","coordinates":[11.376544,44.482746]},"properties":{"nome_area":"MAZZINI STAZIONE","tipologia_punto_di_interesse":"Fermate Tper","nome_punto_di_interesse":"VIA EMILIA LEVANTE FR 22\/B"}},{"type":"Feature","geometry":{"type":"Point","coordinates":[11.375964,44.483019]},"properties":{"nome_area":"MAZZINI STAZIONE","tipologia_punto_di_interesse":"Fermate Tper","nome_punto_di_interesse":"VIA EMILIA LEVANTE FR 21\/A"}},{"type":"Feature","geometry":{"type":"Point","coordinates":[11.373551,44.493278]},"properties":{"nome_area":"RIMESSE STAZIONE","tipologia_punto_di_interesse":"Fermate Tper","nome_punto_di_interesse":null}},{"type":"Feature","geometry":{"type":"Point","coordinates":[11.315145,44.503823]},"properties":{"nome_area":"OSPEDALE MAGGIORE","tipologia_punto_di_interesse":"Fermate Tper","nome_punto_di_interesse":"LARGO NIGRISOLI FR P.L. 21-22"}},{"type":"Feature","geometry":{"type":"Point","coordinates":[11.237423,44.510936]},"properties":{"nome_area":"RIGOSA CHIESA","tipologia_punto_di_interesse":"Fermate Tper","nome_punto_di_interesse":"VIA RIGOSA 13"}},{"type":"Feature","geometry":{"type":"Point","coordinates":[11.314886,44.529062]},"properties":{"nome_area":"TRAGHETTO","tipologia_punto_di_interesse":"Fermate Tper","nome_punto_di_interesse":"VIA ZANARDI P.L. 133\/99"}},{"type":"Feature","geometry":{"type":"Point","coordinates":[11.390123,44.476845]},"properties":{"nome_area":"ARNO","tipologia_punto_di_interesse":"Fermate Tper","nome_punto_di_interesse":"VIA ARNO 1\/N"}},{"type":"Feature","geometry":{"type":"Point","coordinates":[11.393233,44.496919]},"properties":{"nome_area":"LARGA STAZIONE","tipologia_punto_di_interesse":"Fermate Tper","nome_punto_di_interesse":"VIA LARGA"}},{"type":"Feature","geometry":{"type":"Point","coordinates":[11.28549,44.498244]},"properties":{"nome_area":"VIGHI","tipologia_punto_di_interesse":"Fermate Tper","nome_punto_di_interesse":"VIA VIGHI 5\/H"}},{"type":"Feature","geometry":{"type":"Point","coordinates":[11.328257,44.490358]},"properties":{"nome_area":"PORTA SARAGOZZA - RISORGI","tipologia_punto_di_interesse":"Fermate Tper","nome_punto_di_interesse":"VIA SARAGOZZA 112\/I"}},{"type":"Feature","geometry":{"type":"Point","coordinates":[11.371999,44.502133]},"properties":{"nome_area":"RISTORI","tipologia_punto_di_interesse":"Fermate Tper","nome_punto_di_interesse":"VIA RISTORI 19"}},{"type":"Feature","geometry":{"type":"Point","coordinates":[11.35278,44.550947]},"properties":{"nome_area":"COLOMBO","tipologia_punto_di_interesse":"Fermate Tper","nome_punto_di_interesse":"VIA COLOMBO 155"}},{"type":"Feature","geometry":{"type":"Point","coordinates":[11.360436,44.546305]},"properties":{"nome_area":"BYRON","tipologia_punto_di_interesse":"Fermate Tper","nome_punto_di_interesse":"VIA BYRON 26"}},{"type":"Feature","geometry":{"type":"Point","coordinates":[11.298891,44.489081]},"properties":{"nome_area":"DON STURZO","tipologia_punto_di_interesse":"Fermate Tper","nome_punto_di_interesse":"VIA DON STURZO 24"}},{"type":"Feature","geometry":{"type":"Point","coordinates":[11.345431,44.491465]},"properties":{"nome_area":"PIAZZA MINGHETTI","tipologia_punto_di_interesse":"Fermate Tper","nome_punto_di_interesse":"VIA FARINI 13"}},{"type":"Feature","geometry":{"type":"Point","coordinates":[11.316906,44.526995]},"properties":{"nome_area":"BORRE","tipologia_punto_di_interesse":"Fermate Tper","nome_punto_di_interesse":"VIA ZANARDI 311"}},{"type":"Feature","geometry":{"type":"Point","coordinates":[11.386329,44.489249]},"properties":{"nome_area":"ISTITUTO MANFREDI TANARI","tipologia_punto_di_interesse":"Fermate Tper","nome_punto_di_interesse":"VIALE FELSINA P.L. 5"}},{"type":"Feature","geometry":{"type":"Point","coordinates":[11.303553,44.506857]},"properties":{"nome_area":"SANTA VIOLA","tipologia_punto_di_interesse":"Fermate Tper","nome_punto_di_interesse":"VIA BATTINDARNO 7\/2"}},{"type":"Feature","geometry":{"type":"Point","coordinates":[11.341077,44.511504]},"properties":{"nome_area":"FIORAVANTI TIBALDI","tipologia_punto_di_interesse":"Fermate Tper","nome_punto_di_interesse":"VIA FIORAVANTI FR 43\/A"}},{"type":"Feature","geometry":{"type":"Point","coordinates":[11.241485,44.510235]},"properties":{"nome_area":"OLMETOLA@","tipologia_punto_di_interesse":"Fermate Tper","nome_punto_di_interesse":"VIA OLMETOLA FR 31"}},{"type":"Feature","geometry":{"type":"Point","coordinates":[11.314929,44.492016]},"properties":{"nome_area":"XXI APRILE MARTINI","tipologia_punto_di_interesse":"Fermate Tper","nome_punto_di_interesse":"VIA XXI APRILE FR 25\/B"}},{"type":"Feature","geometry":{"type":"Point","coordinates":[11.328704,44.48104]},"properties":{"nome_area":"VILLA ALDINI","tipologia_punto_di_interesse":"Fermate Tper","nome_punto_di_interesse":"VIA OSSERVANZA FR 35"}},{"type":"Feature","geometry":{"type":"Point","coordinates":[11.351309,44.54942]},"properties":{"nome_area":"VILLAGGIO RURALE","tipologia_punto_di_interesse":"Fermate Tper","nome_punto_di_interesse":"VIA COLOMBO P.L. 63"}},{"type":"Feature","geometry":{"type":"Point","coordinates":[11.348163,44.518768]},"properties":{"nome_area":"IPPODROMO","tipologia_punto_di_interesse":"Fermate Tper","nome_punto_di_interesse":"VIA CORTICELLA FR P.L. 14"}},{"type":"Feature","geometry":{"type":"Point","coordinates":[11.355106,44.507164]},"properties":{"nome_area":"CAVALCAVIA MASCARELLA","tipologia_punto_di_interesse":"Fermate Tper","nome_punto_di_interesse":"VIA STALINGRADO P.L. 48"}},{"type":"Feature","geometry":{"type":"Point","coordinates":[11.34368,44.49359]},"properties":{"nome_area":"Piazza Maggiore \/ Podest\u00e0","tipologia_punto_di_interesse":"Fermate Tper","nome_punto_di_interesse":"PIAZZA MAGGIORE 3\/E"}},{"type":"Feature","geometry":{"type":"Point","coordinates":[11.345724,44.491567]},"properties":{"nome_area":"PIAZZA MINGHETTI","tipologia_punto_di_interesse":"Fermate Tper","nome_punto_di_interesse":"VIA FARINI FR 13\/B"}},{"type":"Feature","geometry":{"type":"Point","coordinates":[11.395669,44.485155]},"properties":{"nome_area":"DEPOSITO DUE MADONNE 2","tipologia_punto_di_interesse":"Fermate Tper","nome_punto_di_interesse":"VIA DUE MADONNE P.L. 37"}},{"type":"Feature","geometry":{"type":"Point","coordinates":[11.390059,44.514351]},"properties":{"nome_area":"SALGARI","tipologia_punto_di_interesse":"Fermate Tper","nome_punto_di_interesse":"VIA SALGARI FR 25"}},{"type":"Feature","geometry":{"type":"Point","coordinates":[11.339505,44.500841]},"properties":{"nome_area":"PIAZZA DEI MARTIRI","tipologia_punto_di_interesse":"Fermate Tper","nome_punto_di_interesse":"VIA MARCONI 69\/E"}},{"type":"Feature","geometry":{"type":"Point","coordinates":[11.382736,44.472057]},"properties":{"nome_area":"CHIESA SAN LORENZO","tipologia_punto_di_interesse":"Fermate Tper","nome_punto_di_interesse":"VIA MAZZONI P.L. 12"}},{"type":"Feature","geometry":{"type":"Point","coordinates":[11.385303,44.471481]},"properties":{"nome_area":"MAZZONI","tipologia_punto_di_interesse":"Fermate Tper","nome_punto_di_interesse":"VIA MAZZONI 2"}},{"type":"Feature","geometry":{"type":"Point","coordinates":[11.385751,44.47077]},"properties":{"nome_area":"FIRENZE","tipologia_punto_di_interesse":"Fermate Tper","nome_punto_di_interesse":"VIA FIRENZE 7"}},{"type":"Feature","geometry":{"type":"Point","coordinates":[11.33342,44.503432]},"properties":{"nome_area":"PARMEGGIANI","tipologia_punto_di_interesse":"Fermate Tper","nome_punto_di_interesse":"VIA PARMEGGIANI 3"}},{"type":"Feature","geometry":{"type":"Point","coordinates":[11.327873,44.502501]},"properties":{"nome_area":"SCALO","tipologia_punto_di_interesse":"Fermate Tper","nome_punto_di_interesse":"VIA DELLO SCALO 21-23"}},{"type":"Feature","geometry":{"type":"Point","coordinates":[11.362512,44.520758]},"properties":{"nome_area":"TANGENZIALE FIERA","tipologia_punto_di_interesse":"Fermate Tper","nome_punto_di_interesse":"VIA STALINGRADO FR 86-96"}},{"type":"Feature","geometry":{"type":"Point","coordinates":[11.272311,44.515792]},"properties":{"nome_area":"BORGO PANIGALE CIMITERO","tipologia_punto_di_interesse":"Fermate Tper","nome_punto_di_interesse":"VIA CAV. DUCATI LATO NORD PARCH. CIMITER"}},{"type":"Feature","geometry":{"type":"Point","coordinates":[11.344225,44.480516]},"properties":{"nome_area":"PIAZZALE BACCHELLI","tipologia_punto_di_interesse":"Fermate Tper","nome_punto_di_interesse":"PIAZZALE BACCHELLI"}},{"type":"Feature","geometry":{"type":"Point","coordinates":[11.323445,44.44899]},"properties":{"nome_area":"LASTRE","tipologia_punto_di_interesse":"Fermate Tper","nome_punto_di_interesse":"VIA DELLE LASTRE 650 M DALL`INTERSEZIONE"}},{"type":"Feature","geometry":{"type":"Point","coordinates":[11.297077,44.50245]},"properties":{"nome_area":"DEPOSITO BATTINDARNO","tipologia_punto_di_interesse":"Fermate Tper","nome_punto_di_interesse":"CORSELLO ESTERNO DEBOSITO BATTINDARNO"}},{"type":"Feature","geometry":{"type":"Point","coordinates":[11.347684,44.517202]},"properties":{"nome_area":"LOMBARDI","tipologia_punto_di_interesse":"Fermate Tper","nome_punto_di_interesse":"VIA CORTICELLA FR 61"}},{"type":"Feature","geometry":{"type":"Point","coordinates":[11.356268,44.518187]},"properties":{"nome_area":"CASONI","tipologia_punto_di_interesse":"Fermate Tper","nome_punto_di_interesse":"VIA FERRARESE FR 104"}},{"type":"Feature","geometry":{"type":"Point","coordinates":[11.356381,44.540654]},"properties":{"nome_area":"LIPPARINI","tipologia_punto_di_interesse":"Fermate Tper","nome_punto_di_interesse":"VIA CORTICELLA 253"}},{"type":"Feature","geometry":{"type":"Point","coordinates":[11.357764,44.486665]},"properties":{"nome_area":"CARDUCCI","tipologia_punto_di_interesse":"Fermate Tper","nome_punto_di_interesse":"VIALE CARDUCCI 9"}},{"type":"Feature","geometry":{"type":"Point","coordinates":[11.344246,44.487942]},"properties":{"nome_area":"TRIBUNALE","tipologia_punto_di_interesse":"Fermate Tper","nome_punto_di_interesse":"VIALE XII GIUGNO 2"}},{"type":"Feature","geometry":{"type":"Point","coordinates":[11.332151,44.525245]},"properties":{"nome_area":"PELLEGRINO","tipologia_punto_di_interesse":"Fermate Tper","nome_punto_di_interesse":"VIA BEVERARA 234"}},{"type":"Feature","geometry":{"type":"Point","coordinates":[11.315107,44.486664]},"properties":{"nome_area":"CASAGLIA","tipologia_punto_di_interesse":"Fermate Tper","nome_punto_di_interesse":"VIA CASAGLIA FR 26"}},{"type":"Feature","geometry":{"type":"Point","coordinates":[11.336541,44.497481]},"properties":{"nome_area":"LAME","tipologia_punto_di_interesse":"Fermate Tper","nome_punto_di_interesse":"VIA LAME 31"}},{"type":"Feature","geometry":{"type":"Point","coordinates":[11.381402,44.470482]},"properties":{"nome_area":"CHERUBINI","tipologia_punto_di_interesse":"Fermate Tper","nome_punto_di_interesse":"VIA CAVAZZONI FR 2\/G"}},{"type":"Feature","geometry":{"type":"Point","coordinates":[11.363381,44.475961]},"properties":{"nome_area":"BORGHI MAMO","tipologia_punto_di_interesse":"Fermate Tper","nome_punto_di_interesse":"VIA BORGHI MAMO FR 21"}},{"type":"Feature","geometry":{"type":"Point","coordinates":[11.37948,44.462465]},"properties":{"nome_area":"ROTONDA MEZZINI","tipologia_punto_di_interesse":"Fermate Tper","nome_punto_di_interesse":"VIA ALBERTO MARIO"}},{"type":"Feature","geometry":{"type":"Point","coordinates":[11.379127,44.460582]},"properties":{"nome_area":"ALBERTO MARIO","tipologia_punto_di_interesse":"Fermate Tper","nome_punto_di_interesse":"VIA A.MARIO FR 64"}},{"type":"Feature","geometry":{"type":"Point","coordinates":[11.411146,44.524414]},"properties":{"nome_area":"PICCOLO COW BOY","tipologia_punto_di_interesse":"Fermate Tper","nome_punto_di_interesse":"VIA SAN DONATO 213"}},{"type":"Feature","geometry":{"type":"Point","coordinates":[11.310521,44.498569]},"properties":{"nome_area":"CERTOSA GANDHI","tipologia_punto_di_interesse":"Fermate Tper","nome_punto_di_interesse":"VIALE GANDHI 5 M DOPO PL07325"}},{"type":"Feature","geometry":{"type":"Point","coordinates":[11.366105,44.526202]},"properties":{"nome_area":"PARCO NORD","tipologia_punto_di_interesse":"Fermate Tper","nome_punto_di_interesse":"VIA STALINGRADO FR P.L. 197"}},{"type":"Feature","geometry":{"type":"Point","coordinates":[11.299351,44.456626]},"properties":{"nome_area":"CASAGLIA 64","tipologia_punto_di_interesse":"Fermate Tper","nome_punto_di_interesse":"VIA CASAGLIA FR 64"}},{"type":"Feature","geometry":{"type":"Point","coordinates":[11.346698,44.49703]},"properties":{"nome_area":"PIAZZA SAN MARTINO","tipologia_punto_di_interesse":"Fermate Tper","nome_punto_di_interesse":"VIA MARSALA 27"}},{"type":"Feature","geometry":{"type":"Point","coordinates":[11.371645,44.470154]},"properties":{"nome_area":"VILLA MAZZACORATI","tipologia_punto_di_interesse":"Fermate Tper","nome_punto_di_interesse":"VIA MASCAGNI 4"}},{"type":"Feature","geometry":{"type":"Point","coordinates":[11.357966,44.520978]},"properties":{"nome_area":"DEPOSITO FERRARESE","tipologia_punto_di_interesse":"Fermate Tper","nome_punto_di_interesse":"VIA FERRARESE 30MT PRIMA FRONTE INGR.DEP"}},{"type":"Feature","geometry":{"type":"Point","coordinates":[11.359739,44.535607]},"properties":{"nome_area":"BRINI","tipologia_punto_di_interesse":"Fermate Tper","nome_punto_di_interesse":"VIA TUSCOLANO 15\/2"}},{"type":"Feature","geometry":{"type":"Point","coordinates":[11.325005,44.516433]},"properties":{"nome_area":"OCA","tipologia_punto_di_interesse":"Fermate Tper","nome_punto_di_interesse":"VIA ZANARDI 83\/D"}},{"type":"Feature","geometry":{"type":"Point","coordinates":[11.371582,44.490925]},"properties":{"nome_area":"VERMIGLIA","tipologia_punto_di_interesse":"Fermate Tper","nome_punto_di_interesse":"VIA VENTUROLI 57"}},{"type":"Feature","geometry":{"type":"Point","coordinates":[11.395304,44.508182]},"properties":{"nome_area":"SVEVO","tipologia_punto_di_interesse":"Fermate Tper","nome_punto_di_interesse":"VIA PILASTRO (Scalo)"}},{"type":"Feature","geometry":{"type":"Point","coordinates":[11.329336,44.492182]},"properties":{"nome_area":"PORTA SARAGOZZA - LICEO R","tipologia_punto_di_interesse":"Fermate Tper","nome_punto_di_interesse":"VIALE PEPOLI FR 56"}},{"type":"Feature","geometry":{"type":"Point","coordinates":[11.35788,44.512302]},"properties":{"nome_area":"STALINGRADO PARRI","tipologia_punto_di_interesse":"Fermate Tper","nome_punto_di_interesse":"VIA STALINGRADO FR P.L. 75"}},{"type":"Feature","geometry":{"type":"Point","coordinates":[11.238197,44.530483]},"properties":{"nome_area":"LAVINO DI MEZZO CHIESA","tipologia_punto_di_interesse":"Fermate Tper","nome_punto_di_interesse":"VIA LEPIDO CIV. 235"}},{"type":"Feature","geometry":{"type":"Point","coordinates":[11.367779,44.533352]},"properties":{"nome_area":"APOSAZZA","tipologia_punto_di_interesse":"Fermate Tper","nome_punto_di_interesse":"VIA FERRARESE P.L. 131"}},{"type":"Feature","geometry":{"type":"Point","coordinates":[11.36666,44.459716]},"properties":{"nome_area":"PICCHIO","tipologia_punto_di_interesse":"Fermate Tper","nome_punto_di_interesse":"VIA DELL`ANGELO CUSTODE ANGOLO VIA DEL P"}},{"type":"Feature","geometry":{"type":"Point","coordinates":[11.373507,44.500544]},"properties":{"nome_area":"ANDREINI","tipologia_punto_di_interesse":"Fermate Tper","nome_punto_di_interesse":"VIA ANDREINI 32\/D"}},{"type":"Feature","geometry":{"type":"Point","coordinates":[11.296157,44.500164]},"properties":{"nome_area":"BATTINDARNO DE CAROLIS","tipologia_punto_di_interesse":"Fermate Tper","nome_punto_di_interesse":"VIA BATTINDARNO 322"}},{"type":"Feature","geometry":{"type":"Point","coordinates":[11.356029,44.509153]},"properties":{"nome_area":"STALINGRADO","tipologia_punto_di_interesse":"Fermate Tper","nome_punto_di_interesse":"VIA STALINGRADO 24"}},{"type":"Feature","geometry":{"type":"Point","coordinates":[11.350552,44.510922]},"properties":{"nome_area":"FRANCESCHINI","tipologia_punto_di_interesse":"Fermate Tper","nome_punto_di_interesse":"VIA FRANCESCHINI FR 22"}},{"type":"Feature","geometry":{"type":"Point","coordinates":[11.279764,44.503976]},"properties":{"nome_area":"LE TORRI","tipologia_punto_di_interesse":"Fermate Tper","nome_punto_di_interesse":"VIALE SALVEMINI FR P.L. 40"}},{"type":"Feature","geometry":{"type":"Point","coordinates":[11.352206,44.530451]},"properties":{"nome_area":"CROCE COPERTA","tipologia_punto_di_interesse":"Fermate Tper","nome_punto_di_interesse":"VIA CORTICELLA 180\/45"}},{"type":"Feature","geometry":{"type":"Point","coordinates":[11.342873,44.491328]},"properties":{"nome_area":"FARINI","tipologia_punto_di_interesse":"Fermate Tper","nome_punto_di_interesse":"VIA FARINI 3\/I"}},{"type":"Feature","geometry":{"type":"Point","coordinates":[11.399968,44.46426]},"properties":{"nome_area":"CROARA BIVIO","tipologia_punto_di_interesse":"Fermate Tper","nome_punto_di_interesse":"VIA ALTURA 13"}},{"type":"Feature","geometry":{"type":"Point","coordinates":[11.33031,44.506206]},"properties":{"nome_area":"TANARI","tipologia_punto_di_interesse":"Fermate Tper","nome_punto_di_interesse":"VIA TANARI 1\/2"}},{"type":"Feature","geometry":{"type":"Point","coordinates":[11.320682,44.489621]},"properties":{"nome_area":"ORSONI","tipologia_punto_di_interesse":"Fermate Tper","nome_punto_di_interesse":"VIA SARAGOZZA 157\/2"}},{"type":"Feature","geometry":{"type":"Point","coordinates":[11.336872,44.496952]},"properties":{"nome_area":"LAME","tipologia_punto_di_interesse":"Fermate Tper","nome_punto_di_interesse":"VIA LAME 15"}},{"type":"Feature","geometry":{"type":"Point","coordinates":[11.327975,44.49906]},"properties":{"nome_area":"PORTA SAN FELICE","tipologia_punto_di_interesse":"Fermate Tper","nome_punto_di_interesse":"VIA SAN FELICE 161"}},{"type":"Feature","geometry":{"type":"Point","coordinates":[11.3430990057,44.4917556872]},"properties":{"nome_area":"Piazza Galvani \/ Archiginnasio","tipologia_punto_di_interesse":"Pista ciclopedonale","nome_punto_di_interesse":null}},{"type":"Feature","geometry":{"type":"Point","coordinates":[11.3374953484,44.5023487752]},"properties":{"nome_area":"Mambo","tipologia_punto_di_interesse":"Pista ciclopedonale","nome_punto_di_interesse":null}},{"type":"Feature","geometry":{"type":"Point","coordinates":[11.3321122937,44.495510272]},"properties":{"nome_area":"Piazza Maggiore \/ Podest\u00e0","tipologia_punto_di_interesse":"Pista ciclopedonale","nome_punto_di_interesse":null}},{"type":"Feature","geometry":{"type":"Point","coordinates":[11.349874091,44.4965611695]},"properties":{"nome_area":"Piazza Maggiore \/ Podest\u00e0","tipologia_punto_di_interesse":"Pista ciclopedonale","nome_punto_di_interesse":null}},{"type":"Feature","geometry":{"type":"Point","coordinates":[11.3267969888,44.5042826396]},"properties":{"nome_area":"Dumbo","tipologia_punto_di_interesse":"Pista ciclopedonale","nome_punto_di_interesse":null}},{"type":"Feature","geometry":{"type":"Point","coordinates":[11.3409278948,44.4988431817]},"properties":{"nome_area":"Piazza Maggiore \/ Podest\u00e0","tipologia_punto_di_interesse":"Pista ciclopedonale","nome_punto_di_interesse":null}},{"type":"Feature","geometry":{"type":"Point","coordinates":[11.3574233988,44.4853870115]},"properties":{"nome_area":"Giardini Margherita","tipologia_punto_di_interesse":"Pista ciclopedonale","nome_punto_di_interesse":"VIALE GIOSUE' CARDUCCI"}},{"type":"Feature","geometry":{"type":"Point","coordinates":[11.341145996,44.5075826622]},"properties":{"nome_area":"Piazza Unit\u00e0","tipologia_punto_di_interesse":"Pista ciclopedonale","nome_punto_di_interesse":"VIA DE' CARRACCI"}},{"type":"Feature","geometry":{"type":"Point","coordinates":[11.3536975934,44.4804764814]},"properties":{"nome_area":"Giardini Margherita","tipologia_punto_di_interesse":"Pista ciclopedonale","nome_punto_di_interesse":null}},{"type":"Feature","geometry":{"type":"Point","coordinates":[11.3417244897,44.4919605945]},"properties":{"nome_area":"Piazza Maggiore \/ Podest\u00e0","tipologia_punto_di_interesse":"Pista ciclopedonale","nome_punto_di_interesse":null}},{"type":"Feature","geometry":{"type":"Point","coordinates":[11.3440647786,44.4953557404]},"properties":{"nome_area":"Piazza Porta Ravegnana","tipologia_punto_di_interesse":"Pista ciclopedonale","nome_punto_di_interesse":null}},{"type":"Feature","geometry":{"type":"Point","coordinates":[11.3516828676,44.4926285257]},"properties":{"nome_area":"Museo della Musica","tipologia_punto_di_interesse":"Pista ciclopedonale","nome_punto_di_interesse":null}},{"type":"Feature","geometry":{"type":"Point","coordinates":[11.352211261,44.4848951435]},"properties":{"nome_area":"Piazza Maggiore \/ Podest\u00e0","tipologia_punto_di_interesse":"Pista ciclopedonale","nome_punto_di_interesse":null}},{"type":"Feature","geometry":{"type":"Point","coordinates":[11.3470169375,44.4857602311]},"properties":{"nome_area":"Giardini Margherita","tipologia_punto_di_interesse":"Pista ciclopedonale","nome_punto_di_interesse":"VIALE DODICI GIUGNO"}},{"type":"Feature","geometry":{"type":"Point","coordinates":[11.338481,44.5051]},"properties":{"nome_area":null,"tipologia_punto_di_interesse":"Rastrelliera Bici","nome_punto_di_interesse":"Boldrini, 13 (ang. Viale Pietramellara)"}},{"type":"Feature","geometry":{"type":"Point","coordinates":[11.343813,44.496308]},"properties":{"nome_area":null,"tipologia_punto_di_interesse":"Rastrelliera Bici","nome_punto_di_interesse":"Del Monte, 6"}},{"type":"Feature","geometry":{"type":"Point","coordinates":[11.334168,44.49662]},"properties":{"nome_area":null,"tipologia_punto_di_interesse":"Rastrelliera Bici","nome_punto_di_interesse":"San Felice, 26"}},{"type":"Feature","geometry":{"type":"Point","coordinates":[11.352316,44.49712]},"properties":{"nome_area":null,"tipologia_punto_di_interesse":"Rastrelliera Bici","nome_punto_di_interesse":"Scaravilli, 2"}},{"type":"Feature","geometry":{"type":"Point","coordinates":[11.337727,44.496471]},"properties":{"nome_area":null,"tipologia_punto_di_interesse":"Rastrelliera Bici","nome_punto_di_interesse":"Belvedere, 15\/c"}},{"type":"Feature","geometry":{"type":"Point","coordinates":[11.346004,44.496849]},"properties":{"nome_area":null,"tipologia_punto_di_interesse":"Rastrelliera Bici","nome_punto_di_interesse":"Oberdan, 24\/h"}},{"type":"Feature","geometry":{"type":"Point","coordinates":[11.338867,44.499031]},"properties":{"nome_area":null,"tipologia_punto_di_interesse":"Rastrelliera Bici","nome_punto_di_interesse":"Riva di Reno, 80\/b"}},{"type":"Feature","geometry":{"type":"Point","coordinates":[11.337816,44.492082]},"properties":{"nome_area":null,"tipologia_punto_di_interesse":"Rastrelliera Bici","nome_punto_di_interesse":"Barberia, 18"}},{"type":"Feature","geometry":{"type":"Point","coordinates":[11.328768,44.494785]},"properties":{"nome_area":null,"tipologia_punto_di_interesse":"Rastrelliera Bici","nome_punto_di_interesse":"Calari, 4"}},{"type":"Feature","geometry":{"type":"Point","coordinates":[11.343223,44.497101]},"properties":{"nome_area":null,"tipologia_punto_di_interesse":"Rastrelliera Bici","nome_punto_di_interesse":"Goito, 2"}},{"type":"Feature","geometry":{"type":"Point","coordinates":[11.34921,44.48863]},"properties":{"nome_area":null,"tipologia_punto_di_interesse":"Rastrelliera Bici","nome_punto_di_interesse":"Rialto, 17\/a"}},{"type":"Feature","geometry":{"type":"Point","coordinates":[11.335745,44.498482]},"properties":{"nome_area":null,"tipologia_punto_di_interesse":"Rastrelliera Bici","nome_punto_di_interesse":"Lame, 50 (ang. Riva di Reno)"}},{"type":"Feature","geometry":{"type":"Point","coordinates":[11.343177,44.492126]},"properties":{"nome_area":null,"tipologia_punto_di_interesse":"Rastrelliera Bici","nome_punto_di_interesse":"Piazza Galvani, 5"}},{"type":"Feature","geometry":{"type":"Point","coordinates":[11.343239,44.48705]},"properties":{"nome_area":null,"tipologia_punto_di_interesse":"Rastrelliera Bici","nome_punto_di_interesse":"Savenella, 9\/a"}},{"type":"Feature","geometry":{"type":"Point","coordinates":[11.345224,44.487731]},"properties":{"nome_area":null,"tipologia_punto_di_interesse":"Rastrelliera Bici","nome_punto_di_interesse":"Arienti (ang. Via Rubbiani)"}},{"type":"Feature","geometry":{"type":"Point","coordinates":[11.354274,44.487076]},"properties":{"nome_area":null,"tipologia_punto_di_interesse":"Rastrelliera Bici","nome_punto_di_interesse":"Dante, 2\/2"}},{"type":"Feature","geometry":{"type":"Point","coordinates":[11.34421,44.492638]},"properties":{"nome_area":null,"tipologia_punto_di_interesse":"Rastrelliera Bici","nome_punto_di_interesse":"Foscherari, 2"}},{"type":"Feature","geometry":{"type":"Point","coordinates":[11.336732,44.502796]},"properties":{"nome_area":null,"tipologia_punto_di_interesse":"Rastrelliera Bici","nome_punto_di_interesse":"Don Minzoni, 14 (MamBO)"}},{"type":"Feature","geometry":{"type":"Point","coordinates":[11.332961,44.498821]},"properties":{"nome_area":null,"tipologia_punto_di_interesse":"Rastrelliera Bici","nome_punto_di_interesse":"Azzarita, 7\/g"}},{"type":"Feature","geometry":{"type":"Point","coordinates":[11.349682,44.500846]},"properties":{"nome_area":null,"tipologia_punto_di_interesse":"Rastrelliera Bici","nome_punto_di_interesse":"Borgo di San Pietro, 83\/b"}},{"type":"Feature","geometry":{"type":"Point","coordinates":[11.344129,44.501326]},"properties":{"nome_area":null,"tipologia_punto_di_interesse":"Rastrelliera Bici","nome_punto_di_interesse":"Dei Mille, 3"}},{"type":"Feature","geometry":{"type":"Point","coordinates":[11.370423,44.499908]},"properties":{"nome_area":null,"tipologia_punto_di_interesse":"Rastrelliera Bici","nome_punto_di_interesse":"Riccio, 2"}},{"type":"Feature","geometry":{"type":"Point","coordinates":[11.354618,44.485813]},"properties":{"nome_area":null,"tipologia_punto_di_interesse":"Rastrelliera Bici","nome_punto_di_interesse":"Santo Stefano, 119 e 119\/2"}},{"type":"Feature","geometry":{"type":"Point","coordinates":[11.337086,44.50285]},"properties":{"nome_area":null,"tipologia_punto_di_interesse":"Rastrelliera Bici","nome_punto_di_interesse":"Don Minzoni, 15 (Ipsia Fioravanti)"}},{"type":"Feature","geometry":{"type":"Point","coordinates":[11.33001,44.491932]},"properties":{"nome_area":null,"tipologia_punto_di_interesse":"Rastrelliera Bici","nome_punto_di_interesse":"Foscolo, 7"}},{"type":"Feature","geometry":{"type":"Point","coordinates":[11.346179,44.494297]},"properties":{"nome_area":null,"tipologia_punto_di_interesse":"Rastrelliera Bici","nome_punto_di_interesse":"Rizzoli, 38"}},{"type":"Feature","geometry":{"type":"Point","coordinates":[11.347954,44.487715]},"properties":{"nome_area":null,"tipologia_punto_di_interesse":"Rastrelliera Bici","nome_punto_di_interesse":"Castiglione 49\/b"}},{"type":"Feature","geometry":{"type":"Point","coordinates":[11.3595,44.4976]},"properties":{"nome_area":"Poliambulatorio Zanolini","tipologia_punto_di_interesse":"Stazione ferroviaria","nome_punto_di_interesse":"Bologna San Vitale"}},{"type":"Feature","geometry":{"type":"Point","coordinates":[11.2828292815,44.5103306645]},"properties":{"nome_area":null,"tipologia_punto_di_interesse":"Zona 30","nome_punto_di_interesse":"Faggiolo"}},{"type":"Feature","geometry":{"type":"Point","coordinates":[11.343572003,44.4949251069]},"properties":{"nome_area":null,"tipologia_punto_di_interesse":"Zona 30","nome_punto_di_interesse":"Centro Storico"}},{"type":"Feature","geometry":{"type":"Point","coordinates":[11.3480533187,44.5045965694]},"properties":{"nome_area":null,"tipologia_punto_di_interesse":"Zona 30","nome_punto_di_interesse":"Barozzi"}},{"type":"Feature","geometry":{"type":"Point","coordinates":[11.3650475011,44.5065029735]},"properties":{"nome_area":null,"tipologia_punto_di_interesse":"Zona 30","nome_punto_di_interesse":"Garavaglia"}},{"type":"Feature","geometry":{"type":"Point","coordinates":[11.3481047397,44.4920837846]},"properties":{"nome_area":"Piazza Porta Ravegnana","tipologia_punto_di_interesse":"Zona pedonale","nome_punto_di_interesse":"CORTE ISOLANI"}},{"type":"Feature","geometry":{"type":"Point","coordinates":[11.3371497626,44.4943196189]},"properties":{"nome_area":"Piazza Maggiore \/ Podest\u00e0","tipologia_punto_di_interesse":"Zona pedonale","nome_punto_di_interesse":"VIA PORTANOVA"}},{"type":"Feature","geometry":{"type":"Point","coordinates":[11.3441800141,44.4950030871]},"properties":{"nome_area":"Piazza Maggiore \/ Podest\u00e0","tipologia_punto_di_interesse":"Zona pedonale","nome_punto_di_interesse":"VIA CADUTI DI CEFALONIA"}},{"type":"Feature","geometry":{"type":"Point","coordinates":[11.3448109742,44.5040636005]},"properties":{"nome_area":"Piazza Unit\u00e0","tipologia_punto_di_interesse":"Zona pedonale","nome_punto_di_interesse":"PIAZZA XX SETTEMBRE"}},{"type":"Feature","geometry":{"type":"Point","coordinates":[11.3461806821,44.4958371649]},"properties":{"nome_area":"Piazza Porta Ravegnana","tipologia_punto_di_interesse":"Zona pedonale","nome_punto_di_interesse":"VICOLO MANDRIA"}},{"type":"Feature","geometry":{"type":"Point","coordinates":[11.275443,44.500912]},"properties":{"nome_area":"SALVEMINI","tipologia_punto_di_interesse":"Fermate Tper","nome_punto_di_interesse":"VIALE SALVEMINI FR P.L. 73"}},{"type":"Feature","geometry":{"type":"Point","coordinates":[11.381594,44.481074]},"properties":{"nome_area":"VILLA PARADISO","tipologia_punto_di_interesse":"Fermate Tper","nome_punto_di_interesse":"VIA EMILIA LEVANTE FR 81\/G"}},{"type":"Feature","geometry":{"type":"Point","coordinates":[11.385673,44.493215]},"properties":{"nome_area":"GIAMBOLOGNA","tipologia_punto_di_interesse":"Fermate Tper","nome_punto_di_interesse":null}},{"type":"Feature","geometry":{"type":"Point","coordinates":[11.339006,44.507855]},"properties":{"nome_area":"CASA DELLA SALUTE UFF COM","tipologia_punto_di_interesse":"Fermate Tper","nome_punto_di_interesse":"VIA CARRACCI FR 69\/M"}},{"type":"Feature","geometry":{"type":"Point","coordinates":[11.345139,44.503309]},"properties":{"nome_area":"AUTOSTAZIONE","tipologia_punto_di_interesse":"Fermate Tper","nome_punto_di_interesse":"VIA INDIPENDENZA 71 V (PENSILINA Q)"}},{"type":"Feature","geometry":{"type":"Point","coordinates":[11.349358,44.480572]},"properties":{"nome_area":"CASTIGLIONE","tipologia_punto_di_interesse":"Fermate Tper","nome_punto_di_interesse":"VIA CASTIGLIONE CIV. 144\/3"}},{"type":"Feature","geometry":{"type":"Point","coordinates":[11.300727,44.480761]},"properties":{"nome_area":"SAN LUCA 35","tipologia_punto_di_interesse":"Fermate Tper","nome_punto_di_interesse":"VIA SAN LUCA FR 35"}},{"type":"Feature","geometry":{"type":"Point","coordinates":[11.35026,44.492707]},"properties":{"nome_area":"STRADA MAGGIORE","tipologia_punto_di_interesse":"Fermate Tper","nome_punto_di_interesse":"STRADA MAGGIORE 29"}},{"type":"Feature","geometry":{"type":"Point","coordinates":[11.34578,44.486362]},"properties":{"nome_area":"XII GIUGNO","tipologia_punto_di_interesse":"Fermate Tper","nome_punto_di_interesse":"VIALE XII GIUGNO 16"}},{"type":"Feature","geometry":{"type":"Point","coordinates":[11.385559,44.493181]},"properties":{"nome_area":"GIAMBOLOGNA","tipologia_punto_di_interesse":"Fermate Tper","nome_punto_di_interesse":"VIA MASSARENTI 203"}},{"type":"Feature","geometry":{"type":"Point","coordinates":[11.394522,44.508442]},"properties":{"nome_area":"SVEVO","tipologia_punto_di_interesse":"Fermate Tper","nome_punto_di_interesse":"VIA PANZINI FR P.L. 13"}},{"type":"Feature","geometry":{"type":"Point","coordinates":[11.391258,44.504306]},"properties":{"nome_area":"CARPENTIERE","tipologia_punto_di_interesse":"Fermate Tper","nome_punto_di_interesse":"VIA DELL`INDUSTRIA FR 2"}},{"type":"Feature","geometry":{"type":"Point","coordinates":[11.349012,44.485117]},"properties":{"nome_area":"PORTA CASTIGLIONE","tipologia_punto_di_interesse":"Fermate Tper","nome_punto_di_interesse":"PORTA CASTIGLIONE 14"}},{"type":"Feature","geometry":{"type":"Point","coordinates":[11.359908,44.523585]},"properties":{"nome_area":"MANIFATTURA","tipologia_punto_di_interesse":"Fermate Tper","nome_punto_di_interesse":"VIA FERRARESE P.L. 85"}},{"type":"Feature","geometry":{"type":"Point","coordinates":[11.334071,44.530463]},"properties":{"nome_area":"FORNACE","tipologia_punto_di_interesse":"Fermate Tper","nome_punto_di_interesse":"VIA COLOMBO PL 39612"}},{"type":"Feature","geometry":{"type":"Point","coordinates":[11.245998,44.516358]},"properties":{"nome_area":"CA` NUOVA@","tipologia_punto_di_interesse":"Fermate Tper","nome_punto_di_interesse":"VIA DUCATI FR 124"}},{"type":"Feature","geometry":{"type":"Point","coordinates":[11.325973,44.493331]},"properties":{"nome_area":"RONCATI","tipologia_punto_di_interesse":"Fermate Tper","nome_punto_di_interesse":"VIA RONCATI 7"}},{"type":"Feature","geometry":{"type":"Point","coordinates":[11.331213,44.49037]},"properties":{"nome_area":"PORTA SARAGOZZA - FRASSIN","tipologia_punto_di_interesse":"Fermate Tper","nome_punto_di_interesse":"VIA SARAGOZZA 71\/D"}},{"type":"Feature","geometry":{"type":"Point","coordinates":[11.336653,44.480149]},"properties":{"nome_area":"VILLA GHIGI","tipologia_punto_di_interesse":"Fermate Tper","nome_punto_di_interesse":"VIA SAN MAMOLO 116\/A"}},{"type":"Feature","geometry":{"type":"Point","coordinates":[11.377525,44.487074]},"properties":{"nome_area":"VETULONIA","tipologia_punto_di_interesse":"Fermate Tper","nome_punto_di_interesse":"VIALE FELSINA 31"}},{"type":"Feature","geometry":{"type":"Point","coordinates":[11.357372,44.492857]},"properties":{"nome_area":"PORTA SAN VITALE","tipologia_punto_di_interesse":"Fermate Tper","nome_punto_di_interesse":"VIALE ERCOLANI FR 3"}},{"type":"Feature","geometry":{"type":"Point","coordinates":[11.395389,44.542777]},"properties":{"nome_area":"CADRIANO DI VITTORIO","tipologia_punto_di_interesse":"Fermate Tper","nome_punto_di_interesse":"VIA CADRIANO FR 5"}},{"type":"Feature","geometry":{"type":"Point","coordinates":[11.335197,44.493448]},"properties":{"nome_area":"SANT`ISAIA PIAZZA MALPIGH","tipologia_punto_di_interesse":"Fermate Tper","nome_punto_di_interesse":"VIA SANT`ISAIA 1"}},{"type":"Feature","geometry":{"type":"Point","coordinates":[11.334445,44.498541]},"properties":{"nome_area":"RIVA RENO","tipologia_punto_di_interesse":"Fermate Tper","nome_punto_di_interesse":"VIA RIVA RENO 58\/A"}},{"type":"Feature","geometry":{"type":"Point","coordinates":[11.363416,44.480264]},"properties":{"nome_area":"STERLINO","tipologia_punto_di_interesse":"Fermate Tper","nome_punto_di_interesse":"VIA MURRI 83"}},{"type":"Feature","geometry":{"type":"Point","coordinates":[11.291472,44.490724]},"properties":{"nome_area":"FILANDA","tipologia_punto_di_interesse":"Fermate Tper","nome_punto_di_interesse":"VIA VITALE DA BOLOGNA 1"}},{"type":"Feature","geometry":{"type":"Point","coordinates":[11.343793,44.480714]},"properties":{"nome_area":"PIAZZALE BACCHELLI","tipologia_punto_di_interesse":"Fermate Tper","nome_punto_di_interesse":"SALITA SAN BENEDETTO P.L. 1"}},{"type":"Feature","geometry":{"type":"Point","coordinates":[11.358406,44.462641]},"properties":{"nome_area":"SCUOLE MERLANI","tipologia_punto_di_interesse":"Fermate Tper","nome_punto_di_interesse":"VIA SIEPELUNGA P.L. 99"}},{"type":"Feature","geometry":{"type":"Point","coordinates":[11.310552,44.505059]},"properties":{"nome_area":"PRATI DI CAPRARA","tipologia_punto_di_interesse":"Fermate Tper","nome_punto_di_interesse":"VIA EMILIA PONENTE 36"}},{"type":"Feature","geometry":{"type":"Point","coordinates":[11.308823,44.499206]},"properties":{"nome_area":"CHIESA CERTOSA","tipologia_punto_di_interesse":"Fermate Tper","nome_punto_di_interesse":"VIALE GANDHI FR P.L. 31"}},{"type":"Feature","geometry":{"type":"Point","coordinates":[11.372615,44.499024]},"properties":{"nome_area":"MONDO","tipologia_punto_di_interesse":"Fermate Tper","nome_punto_di_interesse":"VIA MONDO FR 53"}},{"type":"Feature","geometry":{"type":"Point","coordinates":[11.337411,44.517044]},"properties":{"nome_area":"ROTONDA GOBETTI","tipologia_punto_di_interesse":"Fermate Tper","nome_punto_di_interesse":"VIA BARBIERI 131"}},{"type":"Feature","geometry":{"type":"Point","coordinates":[11.380851,44.483818]},"properties":{"nome_area":"FELSINA","tipologia_punto_di_interesse":"Fermate Tper","nome_punto_di_interesse":"VIALE FELSINA P.L. 58"}},{"type":"Feature","geometry":{"type":"Point","coordinates":[11.397235,44.494521]},"properties":{"nome_area":"PIAZZA DEI COLORI","tipologia_punto_di_interesse":"Fermate Tper","nome_punto_di_interesse":"VIA MATTEI 10"}},{"type":"Feature","geometry":{"type":"Point","coordinates":[11.323158,44.52568]},"properties":{"nome_area":"SELVA DI PESCAROLA BENAZZ","tipologia_punto_di_interesse":"Fermate Tper","nome_punto_di_interesse":"VIA SELVA DI PESCAROLA 33"}},{"type":"Feature","geometry":{"type":"Point","coordinates":[11.336819,44.490273]},"properties":{"nome_area":"COLLEGIO DI SPAGNA","tipologia_punto_di_interesse":"Fermate Tper","nome_punto_di_interesse":"VIA SARAGOZZA 6"}},{"type":"Feature","geometry":{"type":"Point","coordinates":[11.385371,44.472848]},"properties":{"nome_area":"CRICCA","tipologia_punto_di_interesse":"Fermate Tper","nome_punto_di_interesse":"VIA ORTOLANI 34"}},{"type":"Feature","geometry":{"type":"Point","coordinates":[11.324943,44.490192]},"properties":{"nome_area":"SAN GIUSEPPE","tipologia_punto_di_interesse":"Fermate Tper","nome_punto_di_interesse":"VIA SARAGOZZA 132"}},{"type":"Feature","geometry":{"type":"Point","coordinates":[11.354939,44.485526]},"properties":{"nome_area":"BARACCANO","tipologia_punto_di_interesse":"Fermate Tper","nome_punto_di_interesse":"VIA SANTO STEFANO FR 158"}},{"type":"Feature","geometry":{"type":"Point","coordinates":[11.357996,44.506772]},"properties":{"nome_area":"VESTRI","tipologia_punto_di_interesse":"Fermate Tper","nome_punto_di_interesse":"VIA DEL LAVORO 31"}},{"type":"Feature","geometry":{"type":"Point","coordinates":[11.3408267893,44.5101854965]},"properties":{"nome_area":"Comune \/ Piazza Liber Paradisus","tipologia_punto_di_interesse":"Pista ciclopedonale","nome_punto_di_interesse":null}},{"type":"Feature","geometry":{"type":"Point","coordinates":[11.3603390047,44.4820905852]},"properties":{"nome_area":"Giardini Margherita","tipologia_punto_di_interesse":"Pista ciclopedonale","nome_punto_di_interesse":"VIA AUGUSTO MURRI"}},{"type":"Feature","geometry":{"type":"Point","coordinates":[11.3472239053,44.5108032119]},"properties":{"nome_area":"Piazza Unit\u00e0","tipologia_punto_di_interesse":"Pista ciclopedonale","nome_punto_di_interesse":"VIA GIACOMO MATTEOTTI"}},{"type":"Feature","geometry":{"type":"Point","coordinates":[11.344391908,44.4952931538]},"properties":{"nome_area":"Piazza Maggiore \/ Podest\u00e0","tipologia_punto_di_interesse":"Pista ciclopedonale","nome_punto_di_interesse":null}},{"type":"Feature","geometry":{"type":"Point","coordinates":[11.332723056,44.4933943533]},"properties":{"nome_area":"Piazza Maggiore \/ Podest\u00e0","tipologia_punto_di_interesse":"Pista ciclopedonale","nome_punto_di_interesse":null}},{"type":"Feature","geometry":{"type":"Point","coordinates":[11.3528694932,44.4817994167]},"properties":{"nome_area":"Giardini Margherita","tipologia_punto_di_interesse":"Pista ciclopedonale","nome_punto_di_interesse":null}},{"type":"Feature","geometry":{"type":"Point","coordinates":[11.3349227159,44.4934640094]},"properties":{"nome_area":"Piazza Maggiore \/ Podest\u00e0","tipologia_punto_di_interesse":"Pista ciclopedonale","nome_punto_di_interesse":null}},{"type":"Feature","geometry":{"type":"Point","coordinates":[11.335856699,44.4982584829]},"properties":{"nome_area":"Piazza Maggiore \/ Podest\u00e0","tipologia_punto_di_interesse":"Pista ciclopedonale","nome_punto_di_interesse":null}},{"type":"Feature","geometry":{"type":"Point","coordinates":[11.3432338508,44.4935044942]},"properties":{"nome_area":"Piazza Maggiore \/ Podest\u00e0","tipologia_punto_di_interesse":"Pista ciclopedonale","nome_punto_di_interesse":null}},{"type":"Feature","geometry":{"type":"Point","coordinates":[11.3335214777,44.4937342988]},"properties":{"nome_area":"Piazza Maggiore \/ Podest\u00e0","tipologia_punto_di_interesse":"Pista ciclopedonale","nome_punto_di_interesse":null}},{"type":"Feature","geometry":{"type":"Point","coordinates":[11.3450258658,44.4931861609]},"properties":{"nome_area":"Piazza Maggiore \/ Podest\u00e0","tipologia_punto_di_interesse":"Pista ciclopedonale","nome_punto_di_interesse":null}},{"type":"Feature","geometry":{"type":"Point","coordinates":[11.34053,44.503637]},"properties":{"nome_area":null,"tipologia_punto_di_interesse":"Rastrelliera Bici","nome_punto_di_interesse":"Amendola, 6\/c"}},{"type":"Feature","geometry":{"type":"Point","coordinates":[11.346334,44.5049]},"properties":{"nome_area":null,"tipologia_punto_di_interesse":"Rastrelliera Bici","nome_punto_di_interesse":"Barozzi  (14 posti bici)"}},{"type":"Feature","geometry":{"type":"Point","coordinates":[11.347887,44.488289]},"properties":{"nome_area":null,"tipologia_punto_di_interesse":"Rastrelliera Bici","nome_punto_di_interesse":"Castiglione, 40"}},{"type":"Feature","geometry":{"type":"Point","coordinates":[11.341254,44.494781]},"properties":{"nome_area":null,"tipologia_punto_di_interesse":"Rastrelliera Bici","nome_punto_di_interesse":"Palazzo d'Accursio"}},{"type":"Feature","geometry":{"type":"Point","coordinates":[11.351495,44.496505]},"properties":{"nome_area":null,"tipologia_punto_di_interesse":"Rastrelliera Bici","nome_punto_di_interesse":"Trombetti, 1"}},{"type":"Feature","geometry":{"type":"Point","coordinates":[11.335294,44.496459]},"properties":{"nome_area":null,"tipologia_punto_di_interesse":"Rastrelliera Bici","nome_punto_di_interesse":"San Felice, 21\/b"}},{"type":"Feature","geometry":{"type":"Point","coordinates":[11.33288,44.493777]},"properties":{"nome_area":null,"tipologia_punto_di_interesse":"Rastrelliera Bici","nome_punto_di_interesse":"Sant'Isaia, 30\/b"}},{"type":"Feature","geometry":{"type":"Point","coordinates":[11.340854,44.49319]},"properties":{"nome_area":null,"tipologia_punto_di_interesse":"Rastrelliera Bici","nome_punto_di_interesse":"Piazza Galilei, 4\/3"}},{"type":"Feature","geometry":{"type":"Point","coordinates":[11.341796,44.4949]},"properties":{"nome_area":null,"tipologia_punto_di_interesse":"Rastrelliera Bici","nome_punto_di_interesse":"Ugo Bassi, 2, 10"}},{"type":"Feature","geometry":{"type":"Point","coordinates":[11.339865,44.490126]},"properties":{"nome_area":null,"tipologia_punto_di_interesse":"Rastrelliera Bici","nome_punto_di_interesse":"Urbana, 5\/f"}},{"type":"Feature","geometry":{"type":"Point","coordinates":[11.343663,44.498917]},"properties":{"nome_area":null,"tipologia_punto_di_interesse":"Rastrelliera Bici","nome_punto_di_interesse":"Indipendenza, 40"}},{"type":"Feature","geometry":{"type":"Point","coordinates":[11.339674,44.495023]},"properties":{"nome_area":null,"tipologia_punto_di_interesse":"Rastrelliera Bici","nome_punto_di_interesse":"Livraghi, 2\/a"}},{"type":"Feature","geometry":{"type":"Point","coordinates":[11.341753,44.491653]},"properties":{"nome_area":null,"tipologia_punto_di_interesse":"Rastrelliera Bici","nome_punto_di_interesse":"D'Azeglio, 19"}},{"type":"Feature","geometry":{"type":"Point","coordinates":[11.353313,44.499586]},"properties":{"nome_area":null,"tipologia_punto_di_interesse":"Rastrelliera Bici","nome_punto_di_interesse":"Irnerio, 42"}},{"type":"Feature","geometry":{"type":"Point","coordinates":[11.336217,44.489449]},"properties":{"nome_area":null,"tipologia_punto_di_interesse":"Rastrelliera Bici","nome_punto_di_interesse":"Capramozza, 15"}},{"type":"Feature","geometry":{"type":"Point","coordinates":[11.338829,44.492235]},"properties":{"nome_area":null,"tipologia_punto_di_interesse":"Rastrelliera Bici","nome_punto_di_interesse":"D\u00e8 Griffoni, 5\/2a"}},{"type":"Feature","geometry":{"type":"Point","coordinates":[11.346946,44.494175]},"properties":{"nome_area":null,"tipologia_punto_di_interesse":"Rastrelliera Bici","nome_punto_di_interesse":"Porta Ravegnana (fianco chiesa)"}},{"type":"Feature","geometry":{"type":"Point","coordinates":[11.33981,44.486614]},"properties":{"nome_area":null,"tipologia_punto_di_interesse":"Rastrelliera Bici","nome_punto_di_interesse":"Porta S. Mamolo, 1"}},{"type":"Feature","geometry":{"type":"Point","coordinates":[11.336936,44.490383]},"properties":{"nome_area":null,"tipologia_punto_di_interesse":"Rastrelliera Bici","nome_punto_di_interesse":"Saragozza, 7"}},{"type":"Feature","geometry":{"type":"Point","coordinates":[11.354338,44.496237]},"properties":{"nome_area":null,"tipologia_punto_di_interesse":"Rastrelliera Bici","nome_punto_di_interesse":"Selmi, 3"}},{"type":"Feature","geometry":{"type":"Point","coordinates":[11.349183,44.493639]},"properties":{"nome_area":null,"tipologia_punto_di_interesse":"Rastrelliera Bici","nome_punto_di_interesse":"Vicolo Broglio, 1\/2"}},{"type":"Feature","geometry":{"type":"Point","coordinates":[11.337413,44.502757]},"properties":{"nome_area":null,"tipologia_punto_di_interesse":"Rastrelliera Bici","nome_punto_di_interesse":"Don Minzoni, 11\/c"}},{"type":"Feature","geometry":{"type":"Point","coordinates":[11.346176,44.497463]},"properties":{"nome_area":null,"tipologia_punto_di_interesse":"Rastrelliera Bici","nome_punto_di_interesse":"Oberdan, 7 e 9"}},{"type":"Feature","geometry":{"type":"Point","coordinates":[11.354789,44.488768]},"properties":{"nome_area":null,"tipologia_punto_di_interesse":"Rastrelliera Bici","nome_punto_di_interesse":"Piazzetta Morandi"}},{"type":"Feature","geometry":{"type":"Point","coordinates":[11.352868,44.496811]},"properties":{"nome_area":null,"tipologia_punto_di_interesse":"Rastrelliera Bici","nome_punto_di_interesse":"Zamboni, 35"}},{"type":"Feature","geometry":{"type":"Point","coordinates":[11.347568,44.497932]},"properties":{"nome_area":null,"tipologia_punto_di_interesse":"Rastrelliera Bici","nome_punto_di_interesse":"Mentana, 10"}},{"type":"Feature","geometry":{"type":"Point","coordinates":[11.346399,44.498407]},"properties":{"nome_area":null,"tipologia_punto_di_interesse":"Rastrelliera Bici","nome_punto_di_interesse":"Oberdan, 45\/a"}},{"type":"Feature","geometry":{"type":"Point","coordinates":[11.330075,44.490417]},"properties":{"nome_area":null,"tipologia_punto_di_interesse":"Rastrelliera Bici","nome_punto_di_interesse":"Piazza di Porta Saragozza, 3"}},{"type":"Feature","geometry":{"type":"Point","coordinates":[11.340573,44.494606]},"properties":{"nome_area":null,"tipologia_punto_di_interesse":"Rastrelliera Bici","nome_punto_di_interesse":"Terribilia, 1"}},{"type":"Feature","geometry":{"type":"Point","coordinates":[11.3733,44.4939]},"properties":{"nome_area":"Rimesse","tipologia_punto_di_interesse":"Stazione ferroviaria","nome_punto_di_interesse":"Bologna Rimesse"}},{"type":"Feature","geometry":{"type":"Point","coordinates":[11.3981406727,44.4921803533]},"properties":{"nome_area":null,"tipologia_punto_di_interesse":"Zona 30","nome_punto_di_interesse":"Mattei Martelli"}},{"type":"Feature","geometry":{"type":"Point","coordinates":[11.3164942133,44.4921137817]},"properties":{"nome_area":null,"tipologia_punto_di_interesse":"Zona 30","nome_punto_di_interesse":"XXI Aprile"}},{"type":"Feature","geometry":{"type":"Point","coordinates":[11.3983517483,44.5123075171]},"properties":{"nome_area":null,"tipologia_punto_di_interesse":"Zona 30","nome_punto_di_interesse":"Pilastro"}},{"type":"Feature","geometry":{"type":"Point","coordinates":[11.3006849043,44.5094224175]},"properties":{"nome_area":null,"tipologia_punto_di_interesse":"Zona 30","nome_punto_di_interesse":"Giorgione"}},{"type":"Feature","geometry":{"type":"Point","coordinates":[11.3795922488,44.466169433]},"properties":{"nome_area":null,"tipologia_punto_di_interesse":"Zona 30","nome_punto_di_interesse":"Alberto Mario"}},{"type":"Feature","geometry":{"type":"Point","coordinates":[11.3917700502,44.4826796866]},"properties":{"nome_area":null,"tipologia_punto_di_interesse":"Zona 30","nome_punto_di_interesse":"Lincoln"}},{"type":"Feature","geometry":{"type":"Point","coordinates":[11.3413693039,44.4957914943]},"properties":{"nome_area":"Piazza Porta Ravegnana","tipologia_punto_di_interesse":"Zona pedonale","nome_punto_di_interesse":"VICOLO GHIRLANDA"}},{"type":"Feature","geometry":{"type":"Point","coordinates":[11.3443524991,44.50338264]},"properties":{"nome_area":"Piazza Unit\u00e0","tipologia_punto_di_interesse":"Zona pedonale","nome_punto_di_interesse":"VIA GALLIERA"}},{"type":"Feature","geometry":{"type":"Point","coordinates":[11.3431496372,44.5000290726]},"properties":{"nome_area":"Piazza Porta Ravegnana","tipologia_punto_di_interesse":"Zona pedonale","nome_punto_di_interesse":"VIA SAN GIUSEPPE"}},{"type":"Feature","geometry":{"type":"Point","coordinates":[11.349242,44.480493]},"properties":{"nome_area":"CASTIGLIONE","tipologia_punto_di_interesse":"Fermate Tper","nome_punto_di_interesse":"VIA CASTIGLIONE 115"}},{"type":"Feature","geometry":{"type":"Point","coordinates":[11.320463,44.545252]},"properties":{"nome_area":"CAVE","tipologia_punto_di_interesse":"Fermate Tper","nome_punto_di_interesse":"VIA ZANARDI INCROCIO CON VIA CONTI"}},{"type":"Feature","geometry":{"type":"Point","coordinates":[11.297363,44.502048]},"properties":{"nome_area":"DEPOSITO BATTINDARNO","tipologia_punto_di_interesse":"Fermate Tper","nome_punto_di_interesse":"VIA BATTINDARNO 121"}},{"type":"Feature","geometry":{"type":"Point","coordinates":[11.337747,44.521988]},"properties":{"nome_area":"ROTONDA C.N.R.","tipologia_punto_di_interesse":"Fermate Tper","nome_punto_di_interesse":"Rotonda C.N.R. P.L. IV"}},{"type":"Feature","geometry":{"type":"Point","coordinates":[11.316955,44.526634]},"properties":{"nome_area":"BORRE","tipologia_punto_di_interesse":"Fermate Tper","nome_punto_di_interesse":"VIA ZANARDI 244"}},{"type":"Feature","geometry":{"type":"Point","coordinates":[11.317406,44.502795]},"properties":{"nome_area":"TIMAVO","tipologia_punto_di_interesse":"Fermate Tper","nome_punto_di_interesse":"VIA EMILIA PONENTE FR 8"}},{"type":"Feature","geometry":{"type":"Point","coordinates":[11.291997,44.491596]},"properties":{"nome_area":"LORENZETTI","tipologia_punto_di_interesse":"Fermate Tper","nome_punto_di_interesse":"VIA LORENZETTI 5"}},{"type":"Feature","geometry":{"type":"Point","coordinates":[11.297952,44.453647]},"properties":{"nome_area":"MONTE PRADONE 66","tipologia_punto_di_interesse":"Fermate Tper","nome_punto_di_interesse":"VIA CASAGLIA 66"}},{"type":"Feature","geometry":{"type":"Point","coordinates":[11.311761,44.500335]},"properties":{"nome_area":"VELODROMO","tipologia_punto_di_interesse":"Fermate Tper","nome_punto_di_interesse":"VIA PASUBIO 92\/C"}},{"type":"Feature","geometry":{"type":"Point","coordinates":[11.350065,44.509744]},"properties":{"nome_area":"CRETI","tipologia_punto_di_interesse":"Fermate Tper","nome_punto_di_interesse":"VIA FRANCESCHINI FR 12"}},{"type":"Feature","geometry":{"type":"Point","coordinates":[11.36425,44.492175]},"properties":{"nome_area":"OSPEDALE SANT`ORSOLA ALBE","tipologia_punto_di_interesse":"Fermate Tper","nome_punto_di_interesse":"VIA MASSARENTI PL 33"}},{"type":"Feature","geometry":{"type":"Point","coordinates":[11.400332,44.492763]},"properties":{"nome_area":"MARTELLI","tipologia_punto_di_interesse":"Fermate Tper","nome_punto_di_interesse":"VIA MARTELLI 11"}},{"type":"Feature","geometry":{"type":"Point","coordinates":[11.389808,44.51468]},"properties":{"nome_area":"VIRGOLONE","tipologia_punto_di_interesse":"Fermate Tper","nome_punto_di_interesse":"VIA SAN DONATO P.L. 111"}},{"type":"Feature","geometry":{"type":"Point","coordinates":[11.25456,44.515541]},"properties":{"nome_area":"VILLA BELLOMBRA","tipologia_punto_di_interesse":"Fermate Tper","nome_punto_di_interesse":"VIA DUCATI FR 118\/2"}},{"type":"Feature","geometry":{"type":"Point","coordinates":[11.248207,44.49659]},"properties":{"nome_area":"Z.I. ZOLA PREDOSA CURIEL","tipologia_punto_di_interesse":"Fermate Tper","nome_punto_di_interesse":"VIA ROMA 35"}},{"type":"Feature","geometry":{"type":"Point","coordinates":[11.284785,44.494991]},"properties":{"nome_area":"TRENO","tipologia_punto_di_interesse":"Fermate Tper","nome_punto_di_interesse":"PIAZZA GIOVANNI XXIII 14"}},{"type":"Feature","geometry":{"type":"Point","coordinates":[11.369357,44.457112]},"properties":{"nome_area":"SAN RUFFILLO","tipologia_punto_di_interesse":"Fermate Tper","nome_punto_di_interesse":"VIA TOSCANA 119\/C"}},{"type":"Feature","geometry":{"type":"Point","coordinates":[11.373207,44.467115]},"properties":{"nome_area":"PONCHIELLI","tipologia_punto_di_interesse":"Fermate Tper","nome_punto_di_interesse":"VIA GHIRARDINI 36"}},{"type":"Feature","geometry":{"type":"Point","coordinates":[11.349724,44.525992]},"properties":{"nome_area":"CASERME ROSSE","tipologia_punto_di_interesse":"Fermate Tper","nome_punto_di_interesse":"VIA CORTICELLA 180"}},{"type":"Feature","geometry":{"type":"Point","coordinates":[11.28686,44.511397]},"properties":{"nome_area":"PIETRA","tipologia_punto_di_interesse":"Fermate Tper","nome_punto_di_interesse":"VIA DELLA PIETRA FR 11"}},{"type":"Feature","geometry":{"type":"Point","coordinates":[11.284498,44.508905]},"properties":{"nome_area":"FAGGIOLO","tipologia_punto_di_interesse":"Fermate Tper","nome_punto_di_interesse":"VIA DELLA PIETRA FR 29\/B"}},{"type":"Feature","geometry":{"type":"Point","coordinates":[11.34327,44.492149]},"properties":{"nome_area":"PIAZZA GALVANI","tipologia_punto_di_interesse":"Fermate Tper","nome_punto_di_interesse":"PIAZZA GALVANI 5"}},{"type":"Feature","geometry":{"type":"Point","coordinates":[11.343892,44.486023]},"properties":{"nome_area":"PARCHEGGIO STAVECO","tipologia_punto_di_interesse":"Fermate Tper","nome_punto_di_interesse":"VIALE PANZACCHI 9"}},{"type":"Feature","geometry":{"type":"Point","coordinates":[11.373779,44.49331]},"properties":{"nome_area":"RIMESSE STAZIONE","tipologia_punto_di_interesse":"Fermate Tper","nome_punto_di_interesse":"VIA MASSARENTI 97"}},{"type":"Feature","geometry":{"type":"Point","coordinates":[11.373518,44.493396]},"properties":{"nome_area":"RIMESSE STAZIONE","tipologia_punto_di_interesse":"Fermate Tper","nome_punto_di_interesse":null}},{"type":"Feature","geometry":{"type":"Point","coordinates":[11.35118,44.502762]},"properties":{"nome_area":"BORGO","tipologia_punto_di_interesse":"Fermate Tper","nome_punto_di_interesse":"VIALE MASINI 5\/3"}},{"type":"Feature","geometry":{"type":"Point","coordinates":[11.346732,44.500693]},"properties":{"nome_area":"SFERISTERIO","tipologia_punto_di_interesse":"Fermate Tper","nome_punto_di_interesse":"VIA IRNERIO FR 5\/E"}},{"type":"Feature","geometry":{"type":"Point","coordinates":[11.33384,44.490001]},"properties":{"nome_area":"NOSADELLA","tipologia_punto_di_interesse":"Fermate Tper","nome_punto_di_interesse":"VIA SARAGOZZA 34"}},{"type":"Feature","geometry":{"type":"Point","coordinates":[11.34337,44.505002]},"properties":{"nome_area":"STAZIONE CENTRALE","tipologia_punto_di_interesse":"Fermate Tper","nome_punto_di_interesse":"VIALE PIETRAMELLARA 59 (FERMATA J)"}},{"type":"Feature","geometry":{"type":"Point","coordinates":[11.338991,44.500258]},"properties":{"nome_area":"PIAZZA DEI MARTIRI","tipologia_punto_di_interesse":"Fermate Tper","nome_punto_di_interesse":"VIA MARCONI 34"}},{"type":"Feature","geometry":{"type":"Point","coordinates":[11.34301,44.496637]},"properties":{"nome_area":"INDIPENDENZA","tipologia_punto_di_interesse":"Fermate Tper","nome_punto_di_interesse":"VIA INDIPENDENZA 12\/C"}},{"type":"Feature","geometry":{"type":"Point","coordinates":[11.391468,44.504518]},"properties":{"nome_area":"CARPENTIERE","tipologia_punto_di_interesse":"Fermate Tper","nome_punto_di_interesse":"VIA DELL`INDUSTRIA 2"}},{"type":"Feature","geometry":{"type":"Point","coordinates":[11.395029,44.499933]},"properties":{"nome_area":"INNOCENTI","tipologia_punto_di_interesse":"Fermate Tper","nome_punto_di_interesse":"VIA LARGA P.L. 29-30"}},{"type":"Feature","geometry":{"type":"Point","coordinates":[11.286819,44.529322]},"properties":{"nome_area":"CASERMA R.R.A.E.@","tipologia_punto_di_interesse":"Fermate Tper","nome_punto_di_interesse":"VIA DELL`AEROPORTO 32"}},{"type":"Feature","geometry":{"type":"Point","coordinates":[11.268465,44.519803]},"properties":{"nome_area":"DUCATI","tipologia_punto_di_interesse":"Fermate Tper","nome_punto_di_interesse":"VIA LEPIDO 177"}},{"type":"Feature","geometry":{"type":"Point","coordinates":[11.339907,44.484466]},"properties":{"nome_area":"CODIVILLA","tipologia_punto_di_interesse":"Fermate Tper","nome_punto_di_interesse":"VIA CODIVILLA 4"}},{"type":"Feature","geometry":{"type":"Point","coordinates":[11.366559,44.49174]},"properties":{"nome_area":"PALAGI","tipologia_punto_di_interesse":"Fermate Tper","nome_punto_di_interesse":"VIA VIZZANI 8\/12"}},{"type":"Feature","geometry":{"type":"Point","coordinates":[11.334892,44.50848]},"properties":{"nome_area":"CASE FERROVIERI","tipologia_punto_di_interesse":"Fermate Tper","nome_punto_di_interesse":"VIA CARRACCI 71\/14"}},{"type":"Feature","geometry":{"type":"Point","coordinates":[11.384283,44.469594]},"properties":{"nome_area":"CENTRO GALLIA","tipologia_punto_di_interesse":"Fermate Tper","nome_punto_di_interesse":"VIA CAVAZZONI 3"}},{"type":"Feature","geometry":{"type":"Point","coordinates":[11.377218,44.467446]},"properties":{"nome_area":"BENEDETTO MARCELLO","tipologia_punto_di_interesse":"Fermate Tper","nome_punto_di_interesse":"VIA CARISSIMI 3"}},{"type":"Feature","geometry":{"type":"Point","coordinates":[11.346431,44.467479]},"properties":{"nome_area":"VILLA GUASTAVILLANI","tipologia_punto_di_interesse":"Fermate Tper","nome_punto_di_interesse":"VIA SCALINI 23"}},{"type":"Feature","geometry":{"type":"Point","coordinates":[11.299815,44.460758]},"properties":{"nome_area":"CASAGLIA 63","tipologia_punto_di_interesse":"Fermate Tper","nome_punto_di_interesse":"VIA CASAGLIA 63"}},{"type":"Feature","geometry":{"type":"Point","coordinates":[11.296084,44.502794]},"properties":{"nome_area":"DEPOSITO BATTINDARNO","tipologia_punto_di_interesse":"Fermate Tper","nome_punto_di_interesse":"INTERNO DEPOSITO BATTINDARNO"}},{"type":"Feature","geometry":{"type":"Point","coordinates":[11.359658,44.517702]},"properties":{"nome_area":"BONVICINI","tipologia_punto_di_interesse":"Fermate Tper","nome_punto_di_interesse":"VIA CASONI P.L. 11"}},{"type":"Feature","geometry":{"type":"Point","coordinates":[11.307,44.490916]},"properties":{"nome_area":"DELLO SPORT","tipologia_punto_di_interesse":"Fermate Tper","nome_punto_di_interesse":"VIA PORRETTANA 64\/2\/A"}},{"type":"Feature","geometry":{"type":"Point","coordinates":[11.40175,44.502474]},"properties":{"nome_area":"ELETTRICISTA","tipologia_punto_di_interesse":"Fermate Tper","nome_punto_di_interesse":"VIA CERODOLO P.L. 27"}},{"type":"Feature","geometry":{"type":"Point","coordinates":[11.369591,44.486177]},"properties":{"nome_area":"AGNESI","tipologia_punto_di_interesse":"Fermate Tper","nome_punto_di_interesse":"VIA MENGOLI 1\/2"}},{"type":"Feature","geometry":{"type":"Point","coordinates":[11.265023,44.537786]},"properties":{"nome_area":"ZONA ARTIGIANALE COMMENDA","tipologia_punto_di_interesse":"Fermate Tper","nome_punto_di_interesse":"VIA PERSICETANA 30\/4"}},{"type":"Feature","geometry":{"type":"Point","coordinates":[11.342743,44.505357]},"properties":{"nome_area":"STAZIONE CENTRALE","tipologia_punto_di_interesse":"Fermate Tper","nome_punto_di_interesse":"PIAZZA MEDAGLIE D`ORO (PENSILINA E)"}},{"type":"Feature","geometry":{"type":"Point","coordinates":[11.342757,44.495661]},"properties":{"nome_area":"SAN PIETRO","tipologia_punto_di_interesse":"Fermate Tper","nome_punto_di_interesse":"VIA INDIPENDENZA 8\/A"}},{"type":"Feature","geometry":{"type":"Point","coordinates":[11.379332,44.474928]},"properties":{"nome_area":"PO","tipologia_punto_di_interesse":"Fermate Tper","nome_punto_di_interesse":"VIA ORTOLANI 7"}},{"type":"Feature","geometry":{"type":"Point","coordinates":[11.355946,44.477745]},"properties":{"nome_area":"SANTA BARBARA","tipologia_punto_di_interesse":"Fermate Tper","nome_punto_di_interesse":"VIA BELLACOSTA FR 44"}},{"type":"Feature","geometry":{"type":"Point","coordinates":[11.365916,44.472722]},"properties":{"nome_area":"MOLINELLI","tipologia_punto_di_interesse":"Fermate Tper","nome_punto_di_interesse":"VIA MOLINELLI 3"}},{"type":"Feature","geometry":{"type":"Point","coordinates":[11.288323,44.497026]},"properties":{"nome_area":"TOLSTOI","tipologia_punto_di_interesse":"Fermate Tper","nome_punto_di_interesse":"VIA TOLSTOI P.L. 4"}},{"type":"Feature","geometry":{"type":"Point","coordinates":[11.33611,44.494011]},"properties":{"nome_area":null,"tipologia_punto_di_interesse":"Rastrelliera Bici","nome_punto_di_interesse":"Malpighi, 17, 19"}},{"type":"Feature","geometry":{"type":"Point","coordinates":[11.341324,44.494087]},"properties":{"nome_area":null,"tipologia_punto_di_interesse":"Rastrelliera Bici","nome_punto_di_interesse":"Palazzo d'Accursio (cortile interno)"}},{"type":"Feature","geometry":{"type":"Point","coordinates":[11.341876,44.495537]},"properties":{"nome_area":null,"tipologia_punto_di_interesse":"Rastrelliera Bici","nome_punto_di_interesse":"Monte Grappa, 3"}},{"type":"Feature","geometry":{"type":"Point","coordinates":[11.356178,44.484675]},"properties":{"nome_area":null,"tipologia_punto_di_interesse":"Rastrelliera Bici","nome_punto_di_interesse":"Porta S. Stefano, 4"}},{"type":"Feature","geometry":{"type":"Point","coordinates":[11.345546,44.49879]},"properties":{"nome_area":null,"tipologia_punto_di_interesse":"Rastrelliera Bici","nome_punto_di_interesse":"Righi, 13\/b"}},{"type":"Feature","geometry":{"type":"Point","coordinates":[11.334779,44.490126]},"properties":{"nome_area":null,"tipologia_punto_di_interesse":"Rastrelliera Bici","nome_punto_di_interesse":"Saragozza, 33"}},{"type":"Feature","geometry":{"type":"Point","coordinates":[11.3832,44.4956]},"properties":{"nome_area":"Pubblica Assistenza Citta' di Bologna","tipologia_punto_di_interesse":"Stazione ferroviaria","nome_punto_di_interesse":"Bologna Santa Rita"}},{"type":"Feature","geometry":{"type":"Point","coordinates":[11.3689906169,44.4639199617]},"properties":{"nome_area":null,"tipologia_punto_di_interesse":"Zona 30","nome_punto_di_interesse":"Novaro-Pacinotti"}},{"type":"Feature","geometry":{"type":"Point","coordinates":[11.3247646198,44.4928466938]},"properties":{"nome_area":null,"tipologia_punto_di_interesse":"Zona 30","nome_punto_di_interesse":"Turati"}},{"type":"Feature","geometry":{"type":"Point","coordinates":[11.3430987479,44.4939274944]},"properties":{"nome_area":"Piazza Porta Ravegnana","tipologia_punto_di_interesse":"Zona pedonale","nome_punto_di_interesse":"PIAZZA MAGGIORE"}},{"type":"Feature","geometry":{"type":"Point","coordinates":[11.3431374637,44.4919141423]},"properties":{"nome_area":"Piazza Porta Ravegnana","tipologia_punto_di_interesse":"Zona pedonale","nome_punto_di_interesse":"VIA DELL'ARCHIGINNASIO"}},{"type":"Feature","geometry":{"type":"Point","coordinates":[11.322862,44.518862]},"properties":{"nome_area":"ZANARDI","tipologia_punto_di_interesse":"Fermate Tper","nome_punto_di_interesse":"VIA ZANARDI 108"}},{"type":"Feature","geometry":{"type":"Point","coordinates":[11.343941,44.521753]},"properties":{"nome_area":"VILLA ERBOSA","tipologia_punto_di_interesse":"Fermate Tper","nome_punto_di_interesse":"VIA ARCOVEGGIO FR 52"}},{"type":"Feature","geometry":{"type":"Point","coordinates":[11.372541,44.491625]},"properties":{"nome_area":"VERMIGLIA","tipologia_punto_di_interesse":"Fermate Tper","nome_punto_di_interesse":"VIA VERMIGLIA 7"}},{"type":"Feature","geometry":{"type":"Point","coordinates":[11.3959,44.51043]},"properties":{"nome_area":"PILASTRO","tipologia_punto_di_interesse":"Fermate Tper","nome_punto_di_interesse":"PIAZZA LIPPARINI FR P.L. 2"}},{"type":"Feature","geometry":{"type":"Point","coordinates":[11.360688,44.504897]},"properties":{"nome_area":"RUGGERI","tipologia_punto_di_interesse":"Fermate Tper","nome_punto_di_interesse":"VIA RUGGERI 6"}},{"type":"Feature","geometry":{"type":"Point","coordinates":[11.255731,44.524043]},"properties":{"nome_area":"PALLAVICINI","tipologia_punto_di_interesse":"Fermate Tper","nome_punto_di_interesse":"VIA LEPIDO 196"}},{"type":"Feature","geometry":{"type":"Point","coordinates":[11.334828,44.499947]},"properties":{"nome_area":"RONDONE","tipologia_punto_di_interesse":"Fermate Tper","nome_punto_di_interesse":"VIA LAME 73"}},{"type":"Feature","geometry":{"type":"Point","coordinates":[11.368078,44.477377]},"properties":{"nome_area":"DAGNINI","tipologia_punto_di_interesse":"Fermate Tper","nome_punto_di_interesse":"VIA DAGNINI 5"}},{"type":"Feature","geometry":{"type":"Point","coordinates":[11.370819,44.477068]},"properties":{"nome_area":"ORTI","tipologia_punto_di_interesse":"Fermate Tper","nome_punto_di_interesse":"VIA ORTI FR 42"}},{"type":"Feature","geometry":{"type":"Point","coordinates":[11.36926,44.501299]},"properties":{"nome_area":"DUSE","tipologia_punto_di_interesse":"Fermate Tper","nome_punto_di_interesse":"VIA BEROALDO 51"}},{"type":"Feature","geometry":{"type":"Point","coordinates":[11.284692,44.506786]},"properties":{"nome_area":"TOGLIATTI PIETRA","tipologia_punto_di_interesse":"Fermate Tper","nome_punto_di_interesse":"VIALE TOGLIATTI"}},{"type":"Feature","geometry":{"type":"Point","coordinates":[11.381291,44.493693]},"properties":{"nome_area":"MASSARENTI SOTTOVIA","tipologia_punto_di_interesse":"Fermate Tper","nome_punto_di_interesse":"VIA MASSARENTI FR PL 103"}},{"type":"Feature","geometry":{"type":"Point","coordinates":[11.345369,44.504331]},"properties":{"nome_area":"AUTOSTAZIONE","tipologia_punto_di_interesse":"Fermate Tper","nome_punto_di_interesse":"PIAZZA XX SETTEMBRE (PENSILINA O)"}},{"type":"Feature","geometry":{"type":"Point","coordinates":[11.346827,44.503986]},"properties":{"nome_area":"BOLOGNA AUTOSTAZIONE","tipologia_punto_di_interesse":"Fermate Tper","nome_punto_di_interesse":"VIALE MASINI 3"}},{"type":"Feature","geometry":{"type":"Point","coordinates":[11.366341,44.47734]},"properties":{"nome_area":"VARTHEMA","tipologia_punto_di_interesse":"Fermate Tper","nome_punto_di_interesse":"VIA MURRI 114\/A"}},{"type":"Feature","geometry":{"type":"Point","coordinates":[11.362089,44.509676]},"properties":{"nome_area":"FIERA ALDO MORO","tipologia_punto_di_interesse":"Fermate Tper","nome_punto_di_interesse":"VIALE ALDO MORO 10 MT DOPO PASSO CARRAIO"}},{"type":"Feature","geometry":{"type":"Point","coordinates":[11.286029,44.496901]},"properties":{"nome_area":"TOMMASEO","tipologia_punto_di_interesse":"Fermate Tper","nome_punto_di_interesse":"VIA TOMMASEO 8"}},{"type":"Feature","geometry":{"type":"Point","coordinates":[11.360427,44.47225]},"properties":{"nome_area":"VILLA GETSEMANI","tipologia_punto_di_interesse":"Fermate Tper","nome_punto_di_interesse":"VIA SIEPELUNGA 67"}},{"type":"Feature","geometry":{"type":"Point","coordinates":[11.359859,44.465015]},"properties":{"nome_area":"VILLA BELCOLLE","tipologia_punto_di_interesse":"Fermate Tper","nome_punto_di_interesse":"VIA SIEPELUNGA 77\/2"}},{"type":"Feature","geometry":{"type":"Point","coordinates":[11.355376,44.548507]},"properties":{"nome_area":"FONTI","tipologia_punto_di_interesse":"Fermate Tper","nome_punto_di_interesse":"VIA SANT`ANNA P.L. 2"}},{"type":"Feature","geometry":{"type":"Point","coordinates":[11.407629,44.501045]},"properties":{"nome_area":"FRESATORE","tipologia_punto_di_interesse":"Fermate Tper","nome_punto_di_interesse":"VIA DEL FRESATORE FR P.L. 12"}},{"type":"Feature","geometry":{"type":"Point","coordinates":[11.384107,44.512171]},"properties":{"nome_area":"CADRIANO BIVIO","tipologia_punto_di_interesse":"Fermate Tper","nome_punto_di_interesse":"VIA CADRIANO FR PL 3"}},{"type":"Feature","geometry":{"type":"Point","coordinates":[11.317104,44.537371]},"properties":{"nome_area":"ZANARDI CINTURA FERROVIAR","tipologia_punto_di_interesse":"Fermate Tper","nome_punto_di_interesse":"VIA ZANARDI 437"}},{"type":"Feature","geometry":{"type":"Point","coordinates":[11.392022,44.494981]},"properties":{"nome_area":"LARGA","tipologia_punto_di_interesse":"Fermate Tper","nome_punto_di_interesse":"VIA LARGA 2\/A"}},{"type":"Feature","geometry":{"type":"Point","coordinates":[11.344194,44.49104]},"properties":{"nome_area":"PIAZZA CAVOUR","tipologia_punto_di_interesse":"Fermate Tper","nome_punto_di_interesse":"PIAZZA CAVOUR 2"}},{"type":"Feature","geometry":{"type":"Point","coordinates":[11.382495,44.474466]},"properties":{"nome_area":"CALABRIA","tipologia_punto_di_interesse":"Fermate Tper","nome_punto_di_interesse":"VIA CALABRIA 49"}},{"type":"Feature","geometry":{"type":"Point","coordinates":[11.342585,44.481323]},"properties":{"nome_area":"ISTITUTO ORTOPEDICO RIZZO","tipologia_punto_di_interesse":"Fermate Tper","nome_punto_di_interesse":"SALITA SAN BENEDETTO 1"}},{"type":"Feature","geometry":{"type":"Point","coordinates":[11.371731,44.469171]},"properties":{"nome_area":"VILLA MAZZACORATI","tipologia_punto_di_interesse":"Fermate Tper","nome_punto_di_interesse":"VIA FOSCHERARA 1\/2"}},{"type":"Feature","geometry":{"type":"Point","coordinates":[11.346658,44.508572]},"properties":{"nome_area":"SACRO CUORE","tipologia_punto_di_interesse":"Fermate Tper","nome_punto_di_interesse":"VIA MATTEOTTI 31"}},{"type":"Feature","geometry":{"type":"Point","coordinates":[11.355789,44.510679]},"properties":{"nome_area":"STALINGRADO","tipologia_punto_di_interesse":"Fermate Tper","nome_punto_di_interesse":"VIA DELLA LIBERAZIONE FR 1\/G"}},{"type":"Feature","geometry":{"type":"Point","coordinates":[11.333467,44.528261]},"properties":{"nome_area":"TANGENZIALE LAME","tipologia_punto_di_interesse":"Fermate Tper","nome_punto_di_interesse":"VIA COLOMBO 5"}},{"type":"Feature","geometry":{"type":"Point","coordinates":[11.343288,44.501385]},"properties":{"nome_area":"MILLE","tipologia_punto_di_interesse":"Fermate Tper","nome_punto_di_interesse":"VIA DEI MILLE 8\/C"}},{"type":"Feature","geometry":{"type":"Point","coordinates":[11.333019,44.503153]},"properties":{"nome_area":"PORTA LAME","tipologia_punto_di_interesse":"Fermate Tper","nome_punto_di_interesse":"VIA ZANARDI 3"}},{"type":"Feature","geometry":{"type":"Point","coordinates":[11.296408,44.479336]},"properties":{"nome_area":"BASILICA DI SAN LUCA","tipologia_punto_di_interesse":"Fermate Tper","nome_punto_di_interesse":"VIA SAN LUCA 36"}},{"type":"Feature","geometry":{"type":"Point","coordinates":[11.364694,44.49321]},"properties":{"nome_area":"BENTIVOGLI","tipologia_punto_di_interesse":"Fermate Tper","nome_punto_di_interesse":"VIA BENTIVOGLI FR 13\/A"}},{"type":"Feature","geometry":{"type":"Point","coordinates":[11.343033,44.510717]},"properties":{"nome_area":"ARCA","tipologia_punto_di_interesse":"Fermate Tper","nome_punto_di_interesse":"VIA DALL`ARCA 25"}},{"type":"Feature","geometry":{"type":"Point","coordinates":[11.281367,44.505088]},"properties":{"nome_area":"EINAUDI","tipologia_punto_di_interesse":"Fermate Tper","nome_punto_di_interesse":"VIALE SALVEMINI FR PL 22"}},{"type":"Feature","geometry":{"type":"Point","coordinates":[11.356226,44.545861]},"properties":{"nome_area":"CORTICELLA","tipologia_punto_di_interesse":"Fermate Tper","nome_punto_di_interesse":"VIA BENTINI 18\/B"}},{"type":"Feature","geometry":{"type":"Point","coordinates":[11.331193,44.521717]},"properties":{"nome_area":"BEVERARA","tipologia_punto_di_interesse":"Fermate Tper","nome_punto_di_interesse":"VIA BEVERARA 182"}},{"type":"Feature","geometry":{"type":"Point","coordinates":[11.358712,44.48741]},"properties":{"nome_area":"DANTE","tipologia_punto_di_interesse":"Fermate Tper","nome_punto_di_interesse":"VIA DANTE 13"}},{"type":"Feature","geometry":{"type":"Point","coordinates":[11.315283,44.506692]},"properties":{"nome_area":"OSPEDALE MAGGIORE - MATER","tipologia_punto_di_interesse":"Fermate Tper","nome_punto_di_interesse":"VIA DELL`OSPEDALE PL 6"}},{"type":"Feature","geometry":{"type":"Point","coordinates":[11.389764,44.511765]},"properties":{"nome_area":"PIRANDELLO","tipologia_punto_di_interesse":"Fermate Tper","nome_punto_di_interesse":"VIA PIRANDELLO P.L. 25"}},{"type":"Feature","geometry":{"type":"Point","coordinates":[11.362549,44.505804]},"properties":{"nome_area":"NOVELLI","tipologia_punto_di_interesse":"Fermate Tper","nome_punto_di_interesse":"VIA NOVELLI FR 1"}},{"type":"Feature","geometry":{"type":"Point","coordinates":[11.381885,44.478341]},"properties":{"nome_area":"VENEZIA GIULIA","tipologia_punto_di_interesse":"Fermate Tper","nome_punto_di_interesse":"VIA FRIULI-VENEZIA GIULIA 8"}},{"type":"Feature","geometry":{"type":"Point","coordinates":[11.37699,44.499284]},"properties":{"nome_area":"TERRAPIENO MONDO","tipologia_punto_di_interesse":"Fermate Tper","nome_punto_di_interesse":"VIA DEL TERRAPIENO FR PL 13"}},{"type":"Feature","geometry":{"type":"Point","coordinates":[11.33588,44.483459]},"properties":{"nome_area":"VILLA BARUZZIANA","tipologia_punto_di_interesse":"Fermate Tper","nome_punto_di_interesse":"VIA OSSERVANZA FR 19"}},{"type":"Feature","geometry":{"type":"Point","coordinates":[11.349755,44.47419]},"properties":{"nome_area":"BELLA RIPA","tipologia_punto_di_interesse":"Fermate Tper","nome_punto_di_interesse":"VIA DEGLI SCALINI FR 13"}},{"type":"Feature","geometry":{"type":"Point","coordinates":[11.312973,44.483908]},"properties":{"nome_area":"CASAGLIA 32-34","tipologia_punto_di_interesse":"Fermate Tper","nome_punto_di_interesse":"VIA CASAGLIA 34\/5"}},{"type":"Feature","geometry":{"type":"Point","coordinates":[11.337466,44.515269]},"properties":{"nome_area":"BATTIFERRO","tipologia_punto_di_interesse":"Fermate Tper","nome_punto_di_interesse":"VIA GOBETTI 45\/C"}},{"type":"Feature","geometry":{"type":"Point","coordinates":[11.291214,44.511742]},"properties":{"nome_area":"TRIUMVIRATO","tipologia_punto_di_interesse":"Fermate Tper","nome_punto_di_interesse":"VIA TRIUMVIRATO 1\/6"}},{"type":"Feature","geometry":{"type":"Point","coordinates":[11.342272,44.491395]},"properties":{"nome_area":"FARINI","tipologia_punto_di_interesse":"Fermate Tper","nome_punto_di_interesse":"VIA FARINI 2\/F"}},{"type":"Feature","geometry":{"type":"Point","coordinates":[11.390905,44.46427]},"properties":{"nome_area":"OSPEDALE BELLARIA","tipologia_punto_di_interesse":"Fermate Tper","nome_punto_di_interesse":"VIA ALTURA 3"}},{"type":"Feature","geometry":{"type":"Point","coordinates":[11.315987,44.504139]},"properties":{"nome_area":"OSPEDALE MAGGIORE","tipologia_punto_di_interesse":"Fermate Tper","nome_punto_di_interesse":"LARGO NIGRISOLI"}},{"type":"Feature","geometry":{"type":"Point","coordinates":[11.389429,44.507873]},"properties":{"nome_area":"PILASTRO VECCHIO","tipologia_punto_di_interesse":"Fermate Tper","nome_punto_di_interesse":"VIA PILASTRO FR 14\/B"}},{"type":"Feature","geometry":{"type":"Point","coordinates":[11.315991,44.495019]},"properties":{"nome_area":"MARTINI","tipologia_punto_di_interesse":"Fermate Tper","nome_punto_di_interesse":"VIA COSTA A. 133\/D"}},{"type":"Feature","geometry":{"type":"Point","coordinates":[11.358036,44.480924]},"properties":{"nome_area":"GANDINO","tipologia_punto_di_interesse":"Fermate Tper","nome_punto_di_interesse":"VIA GANDINO 13"}},{"type":"Feature","geometry":{"type":"Point","coordinates":[11.333702,44.502941]},"properties":{"nome_area":"PORTA LAME","tipologia_punto_di_interesse":"Fermate Tper","nome_punto_di_interesse":"VIALE PIETRAMELLARA 2"}},{"type":"Feature","geometry":{"type":"Point","coordinates":[11.332806,44.503175]},"properties":{"nome_area":"PORTA LAME","tipologia_punto_di_interesse":"Fermate Tper","nome_punto_di_interesse":"VIA ZANARDI 4\/A"}},{"type":"Feature","geometry":{"type":"Point","coordinates":[11.286939,44.494119]},"properties":{"nome_area":"RIGOLA","tipologia_punto_di_interesse":"Fermate Tper","nome_punto_di_interesse":"VIA RIGOLA FR 27"}},{"type":"Feature","geometry":{"type":"Point","coordinates":[11.285656,44.527589]},"properties":{"nome_area":"VILLA SALTARELLI@","tipologia_punto_di_interesse":"Fermate Tper","nome_punto_di_interesse":"VIA DELL`AEROPORTO FR 14-30\/3"}},{"type":"Feature","geometry":{"type":"Point","coordinates":[11.348848,44.482599]},"properties":{"nome_area":"DELLE ROSE","tipologia_punto_di_interesse":"Fermate Tper","nome_punto_di_interesse":"VIA CASTIGLIONE 105"}},{"type":"Feature","geometry":{"type":"Point","coordinates":[11.319391,44.45578]},"properties":{"nome_area":"CASA CANTINELLA","tipologia_punto_di_interesse":"Fermate Tper","nome_punto_di_interesse":"VIA COLLI 28"}},{"type":"Feature","geometry":{"type":"Point","coordinates":[11.308847,44.439554]},"properties":{"nome_area":"CA` BRUCIATA","tipologia_punto_di_interesse":"Fermate Tper","nome_punto_di_interesse":"VIA SABBIUNO 7"}},{"type":"Feature","geometry":{"type":"Point","coordinates":[11.314729,44.421457]},"properties":{"nome_area":"CIPPO SABBIUNO","tipologia_punto_di_interesse":"Fermate Tper","nome_punto_di_interesse":"VIA DI SABBIUNO (FR. CIPPO DI SABBIUNO)"}},{"type":"Feature","geometry":{"type":"Point","coordinates":[11.344601,44.498981]},"properties":{"nome_area":"RIGHI","tipologia_punto_di_interesse":"Fermate Tper","nome_punto_di_interesse":"VIA AUGUSTO RIGHI 3\/A"}},{"type":"Feature","geometry":{"type":"Point","coordinates":[11.29514,44.497988]},"properties":{"nome_area":"BATTINDARNO VERONESE","tipologia_punto_di_interesse":"Fermate Tper","nome_punto_di_interesse":"VIA BATTINDARNO 155"}},{"type":"Feature","geometry":{"type":"Point","coordinates":[11.336438,44.518513]},"properties":{"nome_area":"GOBETTI","tipologia_punto_di_interesse":"Fermate Tper","nome_punto_di_interesse":"VIA GOBETTI FR 52"}},{"type":"Feature","geometry":{"type":"Point","coordinates":[11.347271,44.510675]},"properties":{"nome_area":"Piazza Unit\u00e0","tipologia_punto_di_interesse":"Fermate Tper","nome_punto_di_interesse":"VIA MATTEOTTI 39"}},{"type":"Feature","geometry":{"type":"Point","coordinates":[11.29107,44.511915]},"properties":{"nome_area":"TRIUMVIRATO","tipologia_punto_di_interesse":"Fermate Tper","nome_punto_di_interesse":"VIA TRIUMVIRATO FR P.L. 6"}},{"type":"Feature","geometry":{"type":"Point","coordinates":[11.35439,44.534052]},"properties":{"nome_area":"PINARDI","tipologia_punto_di_interesse":"Fermate Tper","nome_punto_di_interesse":"VIA CORTICELLA FR 201\/2\/A"}},{"type":"Feature","geometry":{"type":"Point","coordinates":[11.302193,44.491814]},"properties":{"nome_area":"FUNIVIA","tipologia_punto_di_interesse":"Fermate Tper","nome_punto_di_interesse":"VIA ANDREA COSTA FR 203\/C"}},{"type":"Feature","geometry":{"type":"Point","coordinates":[11.322228,44.521891]},"properties":{"nome_area":"SELVA DI PESCAROLA ZANARD","tipologia_punto_di_interesse":"Fermate Tper","nome_punto_di_interesse":"VIA SELVA DI PESCAROLA 3"}},{"type":"Feature","geometry":{"type":"Point","coordinates":[11.331047,44.52028]},"properties":{"nome_area":"BOTTEGO","tipologia_punto_di_interesse":"Fermate Tper","nome_punto_di_interesse":"VIA BEVERARA P.L. 33"}},{"type":"Feature","geometry":{"type":"Point","coordinates":[11.34056,44.491358]},"properties":{"nome_area":"CARBONESI","tipologia_punto_di_interesse":"Fermate Tper","nome_punto_di_interesse":"VIA DE` CARBONESI 9"}},{"type":"Feature","geometry":{"type":"Point","coordinates":[11.359691,44.487669]},"properties":{"nome_area":"DANTE","tipologia_punto_di_interesse":"Fermate Tper","nome_punto_di_interesse":"VIA DANTE 32"}},{"type":"Feature","geometry":{"type":"Point","coordinates":[11.393302,44.509359]},"properties":{"nome_area":"PANZINI","tipologia_punto_di_interesse":"Fermate Tper","nome_punto_di_interesse":"VIA PANZINI FR P.L. 7"}},{"type":"Feature","geometry":{"type":"Point","coordinates":[11.312087,44.49012]},"properties":{"nome_area":"MELONCELLO","tipologia_punto_di_interesse":"Fermate Tper","nome_punto_di_interesse":"VIA SARAGOZZA 225\/D"}},{"type":"Feature","geometry":{"type":"Point","coordinates":[11.332665,44.493347]},"properties":{"nome_area":"SANT`ISAIA","tipologia_punto_di_interesse":"Fermate Tper","nome_punto_di_interesse":"VIA FRASSINAGO 5"}},{"type":"Feature","geometry":{"type":"Point","coordinates":[11.337379,44.490451]},"properties":{"nome_area":"COLLEGIO DI SPAGNA","tipologia_punto_di_interesse":"Fermate Tper","nome_punto_di_interesse":"VIA SARAGOZZA 1"}},{"type":"Feature","geometry":{"type":"Point","coordinates":[11.341309,44.501921]},"properties":{"nome_area":"MILLE","tipologia_punto_di_interesse":"Fermate Tper","nome_punto_di_interesse":"VIA DEI MILLE 19"}},{"type":"Feature","geometry":{"type":"Point","coordinates":[11.381713,44.469477]},"properties":{"nome_area":"GUBELLINI","tipologia_punto_di_interesse":"Fermate Tper","nome_punto_di_interesse":"VIA BATTAGLIA 5"}},{"type":"Feature","geometry":{"type":"Point","coordinates":[11.338328,44.472669]},"properties":{"nome_area":"FONTANINA","tipologia_punto_di_interesse":"Fermate Tper","nome_punto_di_interesse":"VIA RONCRIO 10\/4"}},{"type":"Feature","geometry":{"type":"Point","coordinates":[11.34413,44.480662]},"properties":{"nome_area":"PIAZZALE BACCHELLI","tipologia_punto_di_interesse":"Fermate Tper","nome_punto_di_interesse":"VIA CODIVILLA P.L. 1"}},{"type":"Feature","geometry":{"type":"Point","coordinates":[11.293343,44.471061]},"properties":{"nome_area":"MONTE ALBANO 15","tipologia_punto_di_interesse":"Fermate Tper","nome_punto_di_interesse":"VIA MONTE ALBANO 15"}},{"type":"Feature","geometry":{"type":"Point","coordinates":[11.36288,44.498748]},"properties":{"nome_area":"ROSSI","tipologia_punto_di_interesse":"Fermate Tper","nome_punto_di_interesse":"VIA ROSSI 6"}},{"type":"Feature","geometry":{"type":"Point","coordinates":[11.373567,44.501416]},"properties":{"nome_area":"ANDREINI","tipologia_punto_di_interesse":"Fermate Tper","nome_punto_di_interesse":"VIA ANDREINI FR 30\/E"}},{"type":"Feature","geometry":{"type":"Point","coordinates":[11.355257,44.484673]},"properties":{"nome_area":"PORTA SANTO STEFANO","tipologia_punto_di_interesse":"Fermate Tper","nome_punto_di_interesse":"VIALE GOZZADINI 1"}},{"type":"Feature","geometry":{"type":"Point","coordinates":[11.390109,44.480797]},"properties":{"nome_area":"POMPONAZZI","tipologia_punto_di_interesse":"Fermate Tper","nome_punto_di_interesse":"VIA BOMBICCI FR 11"}},{"type":"Feature","geometry":{"type":"Point","coordinates":[11.393307,44.463986]},"properties":{"nome_area":"ALTURA","tipologia_punto_di_interesse":"Fermate Tper","nome_punto_di_interesse":"VIA ALTURA FR 27"}},{"type":"Feature","geometry":{"type":"Point","coordinates":[11.41736,44.497887]},"properties":{"nome_area":"RESTO DEL CARLINO","tipologia_punto_di_interesse":"Fermate Tper","nome_punto_di_interesse":"VIA MATTEI 106"}},{"type":"Feature","geometry":{"type":"Point","coordinates":[11.370018,44.488337]},"properties":{"nome_area":"MENGOLI","tipologia_punto_di_interesse":"Fermate Tper","nome_punto_di_interesse":"VIA SCHIASSI 30\/4"}},{"type":"Feature","geometry":{"type":"Point","coordinates":[11.380423,44.523366]},"properties":{"nome_area":"FABBRERIA","tipologia_punto_di_interesse":"Fermate Tper","nome_punto_di_interesse":"VIA CADRIANO FR 28"}},{"type":"Feature","geometry":{"type":"Point","coordinates":[11.391685,44.507961]},"properties":{"nome_area":"C.S. RECORD","tipologia_punto_di_interesse":"Fermate Tper","nome_punto_di_interesse":"VIA PILASTRO 15"}},{"type":"Feature","geometry":{"type":"Point","coordinates":[11.314603,44.53176]},"properties":{"nome_area":"CENTRO PROVE AUTOVEICOLI","tipologia_punto_di_interesse":"Fermate Tper","nome_punto_di_interesse":"VIA ZANARDI 379"}},{"type":"Feature","geometry":{"type":"Point","coordinates":[11.330385,44.490099]},"properties":{"nome_area":"PORTA SARAGOZZA - VILLA C","tipologia_punto_di_interesse":"Fermate Tper","nome_punto_di_interesse":"VIALE ALDINI FR 228"}},{"type":"Feature","geometry":{"type":"Point","coordinates":[11.34462,44.504787]},"properties":{"nome_area":"STAZIONE CENTRALE","tipologia_punto_di_interesse":"Fermate Tper","nome_punto_di_interesse":"VIALE PIETRAMELLARA (PENSILINA L)"}},{"type":"Feature","geometry":{"type":"Point","coordinates":[11.34176,44.50626]},"properties":{"nome_area":"BOLOGNA CENTRALE","tipologia_punto_di_interesse":"Fermate Tper","nome_punto_di_interesse":"PIAZZA DELLE MEDAGLIE D`ORO"}},{"type":"Feature","geometry":{"type":"Point","coordinates":[11.289514,44.489548]},"properties":{"nome_area":"CROCEFISSI","tipologia_punto_di_interesse":"Fermate Tper","nome_punto_di_interesse":"VIA CROCEFISSI FR P.L. 10"}},{"type":"Feature","geometry":{"type":"Point","coordinates":[11.296609,44.494078]},"properties":{"nome_area":"BARCA","tipologia_punto_di_interesse":"Fermate Tper","nome_punto_di_interesse":"VIA BARCA 21\/2"}},{"type":"Feature","geometry":{"type":"Point","coordinates":[11.337345,44.482034]},"properties":{"nome_area":"BAGNI DI MARIO","tipologia_punto_di_interesse":"Fermate Tper","nome_punto_di_interesse":"VIA SAN MAMOLO 53"}},{"type":"Feature","geometry":{"type":"Point","coordinates":[11.370622,44.533005]},"properties":{"nome_area":"GOMITO","tipologia_punto_di_interesse":"Fermate Tper","nome_punto_di_interesse":"VIA DEL GOMITO FR 14"}},{"type":"Feature","geometry":{"type":"Point","coordinates":[11.299567,44.456685]},"properties":{"nome_area":"CASAGLIA 64","tipologia_punto_di_interesse":"Fermate Tper","nome_punto_di_interesse":"VIA CASAGLIA 64"}},{"type":"Feature","geometry":{"type":"Point","coordinates":[11.347843,44.49453]},"properties":{"nome_area":"DUE TORRI","tipologia_punto_di_interesse":"Fermate Tper","nome_punto_di_interesse":"VIA SAN VITALE 20"}},{"type":"Feature","geometry":{"type":"Point","coordinates":[11.368544,44.472433]},"properties":{"nome_area":"ARANZIO","tipologia_punto_di_interesse":"Fermate Tper","nome_punto_di_interesse":"VIA TAGLIACOZZI 10"}},{"type":"Feature","geometry":{"type":"Point","coordinates":[11.356656,44.49912]},"properties":{"nome_area":"PORTA SAN DONATO","tipologia_punto_di_interesse":"Fermate Tper","nome_punto_di_interesse":"VIALE BERTI PICHAT 30"}},{"type":"Feature","geometry":{"type":"Point","coordinates":[11.277527,44.503049]},"properties":{"nome_area":"GALEAZZA","tipologia_punto_di_interesse":"Fermate Tper","nome_punto_di_interesse":"VIA GALEAZZA P.L. 2"}},{"type":"Feature","geometry":{"type":"Point","coordinates":[11.348165,44.534162]},"properties":{"nome_area":"DON BEDETTI","tipologia_punto_di_interesse":"Fermate Tper","nome_punto_di_interesse":"VIA ARCOVEGGIO FR P.L. 71"}},{"type":"Feature","geometry":{"type":"Point","coordinates":[11.36123,44.481543]},"properties":{"nome_area":"STERLINO","tipologia_punto_di_interesse":"Fermate Tper","nome_punto_di_interesse":"VIA MURRI 58"}},{"type":"Feature","geometry":{"type":"Point","coordinates":[11.404719,44.501872]},"properties":{"nome_area":"FONDITORE","tipologia_punto_di_interesse":"Fermate Tper","nome_punto_di_interesse":"VIA DEL FRESATORE P.L. 30"}},{"type":"Feature","geometry":{"type":"Point","coordinates":[11.260335,44.54383]},"properties":{"nome_area":"CALDERARA BIVIO","tipologia_punto_di_interesse":"Fermate Tper","nome_punto_di_interesse":"VIA PERSICETANA FR 14"}},{"type":"Feature","geometry":{"type":"Point","coordinates":[11.315315,44.489388]},"properties":{"nome_area":"VILLA SPADA","tipologia_punto_di_interesse":"Fermate Tper","nome_punto_di_interesse":"VIA SARAGOZZA FR 201"}},{"type":"Feature","geometry":{"type":"Point","coordinates":[11.351265,44.503003]},"properties":{"nome_area":"BORGO","tipologia_punto_di_interesse":"Fermate Tper","nome_punto_di_interesse":"VIALE MASINI 58"}},{"type":"Feature","geometry":{"type":"Point","coordinates":[11.355335,44.494115]},"properties":{"nome_area":"PORTA SAN VITALE","tipologia_punto_di_interesse":"Fermate Tper","nome_punto_di_interesse":"VIA SAN VITALE 108"}},{"type":"Feature","geometry":{"type":"Point","coordinates":[11.342654,44.46419]},"properties":{"nome_area":"BIVIO SAN VITTORE","tipologia_punto_di_interesse":"Fermate Tper","nome_punto_di_interesse":"VIA BARBIANO FR 34"}},{"type":"Feature","geometry":{"type":"Point","coordinates":[11.366175,44.528244]},"properties":{"nome_area":"DOZZA","tipologia_punto_di_interesse":"Fermate Tper","nome_punto_di_interesse":"VIA FERRARESE 158"}},{"type":"Feature","geometry":{"type":"Point","coordinates":[11.347375,44.51358]},"properties":{"nome_area":"CA` DEI FIORI","tipologia_punto_di_interesse":"Fermate Tper","nome_punto_di_interesse":"VIA CORTICELLA 23"}},{"type":"Feature","geometry":{"type":"Point","coordinates":[11.352082,44.512673]},"properties":{"nome_area":"CIGNANI","tipologia_punto_di_interesse":"Fermate Tper","nome_punto_di_interesse":"VIA FERRARESE 113\/A"}},{"type":"Feature","geometry":{"type":"Point","coordinates":[11.306369,44.493413]},"properties":{"nome_area":"LINO","tipologia_punto_di_interesse":"Fermate Tper","nome_punto_di_interesse":"VIA COSTA A. 183"}},{"type":"Feature","geometry":{"type":"Point","coordinates":[11.343355,44.492057]},"properties":{"nome_area":"PIAZZA GALVANI","tipologia_punto_di_interesse":"Fermate Tper","nome_punto_di_interesse":"PIAZZA GALVANI FR5"}},{"type":"Feature","geometry":{"type":"Point","coordinates":[11.348706,44.487509]},"properties":{"nome_area":"RIALTO","tipologia_punto_di_interesse":"Fermate Tper","nome_punto_di_interesse":"VIA RIALTO 46"}},{"type":"Feature","geometry":{"type":"Point","coordinates":[11.399501,44.502243]},"properties":{"nome_area":"CERODOLO","tipologia_punto_di_interesse":"Fermate Tper","nome_punto_di_interesse":"VIA CEREDOLO FR 2\/3"}},{"type":"Feature","geometry":{"type":"Point","coordinates":[11.411518,44.496831]},"properties":{"nome_area":"ROVERI","tipologia_punto_di_interesse":"Fermate Tper","nome_punto_di_interesse":null}},{"type":"Feature","geometry":{"type":"Point","coordinates":[11.250217,44.51614]},"properties":{"nome_area":"VILLAGGIO SPERANZA","tipologia_punto_di_interesse":"Fermate Tper","nome_punto_di_interesse":"VIA DUCATI 198\/11"}},{"type":"Feature","geometry":{"type":"Point","coordinates":[11.384784,44.478199]},"properties":{"nome_area":"BITONE","tipologia_punto_di_interesse":"Fermate Tper","nome_punto_di_interesse":"VIA BELLARIA 17"}},{"type":"Feature","geometry":{"type":"Point","coordinates":[11.360487,44.47748]},"properties":{"nome_area":"SIEPELUNGA","tipologia_punto_di_interesse":"Fermate Tper","nome_punto_di_interesse":"VIA BORGHI MAMO 6"}},{"type":"Feature","geometry":{"type":"Point","coordinates":[11.367505,44.483105]},"properties":{"nome_area":"LAURA BASSI","tipologia_punto_di_interesse":"Fermate Tper","nome_punto_di_interesse":"VIA BASSI L. 20"}},{"type":"Feature","geometry":{"type":"Point","coordinates":[11.377906,44.470762]},"properties":{"nome_area":"CAVAZZONI","tipologia_punto_di_interesse":"Fermate Tper","nome_punto_di_interesse":"VIA CAVAZZONI 6\/A"}},{"type":"Feature","geometry":{"type":"Point","coordinates":[11.28289,44.49222]},"properties":{"nome_area":"NALDI","tipologia_punto_di_interesse":"Fermate Tper","nome_punto_di_interesse":"VIA NALDI FR 6"}},{"type":"Feature","geometry":{"type":"Point","coordinates":[11.294436,44.529394]},"properties":{"nome_area":"AEROPORTO","tipologia_punto_di_interesse":"Fermate Tper","nome_punto_di_interesse":"PIAZZALE SERVIZI IN TESTA ALLO STALLO BU"}},{"type":"Feature","geometry":{"type":"Point","coordinates":[11.335724,44.477674]},"properties":{"nome_area":"SAN MAMOLO","tipologia_punto_di_interesse":"Fermate Tper","nome_punto_di_interesse":"VIA SAN MAMOLO 127\/D"}},{"type":"Feature","geometry":{"type":"Point","coordinates":[11.302278,44.485682]},"properties":{"nome_area":"SAN LUCA 15","tipologia_punto_di_interesse":"Fermate Tper","nome_punto_di_interesse":"VIA SAN LUCA FR 15"}},{"type":"Feature","geometry":{"type":"Point","coordinates":[11.35262,44.551022]},"properties":{"nome_area":"COLOMBO","tipologia_punto_di_interesse":"Fermate Tper","nome_punto_di_interesse":"VIA COLOMBO FR 155"}},{"type":"Feature","geometry":{"type":"Point","coordinates":[11.36877,44.458745]},"properties":{"nome_area":"ANGELO CUSTODE NOVARO","tipologia_punto_di_interesse":"Fermate Tper","nome_punto_di_interesse":"VIA DELL`ANGELO CUSTODE 4"}},{"type":"Feature","geometry":{"type":"Point","coordinates":[11.355909,44.518032]},"properties":{"nome_area":"CASONI","tipologia_punto_di_interesse":"Fermate Tper","nome_punto_di_interesse":"VIA FERRARESE 104"}},{"type":"Feature","geometry":{"type":"Point","coordinates":[11.286055,44.510756]},"properties":{"nome_area":"PIETRA","tipologia_punto_di_interesse":"Fermate Tper","nome_punto_di_interesse":"VIA DELLA PIETRA 17"}},{"type":"Feature","geometry":{"type":"Point","coordinates":[11.354292,44.551915]},"properties":{"nome_area":"CORTICELLA STAZIONE","tipologia_punto_di_interesse":"Fermate Tper","nome_punto_di_interesse":"VIA CORTICELLA 311"}},{"type":"Feature","geometry":{"type":"Point","coordinates":[11.341353,44.490441]},"properties":{"nome_area":"D`AZEGLIO","tipologia_punto_di_interesse":"Fermate Tper","nome_punto_di_interesse":"VIA D`AZEGLIO 44"}},{"type":"Feature","geometry":{"type":"Point","coordinates":[11.324988,44.52107]},"properties":{"nome_area":"PANE","tipologia_punto_di_interesse":"Fermate Tper","nome_punto_di_interesse":"VIA DE GAMA 15"}},{"type":"Feature","geometry":{"type":"Point","coordinates":[11.390116,44.48068]},"properties":{"nome_area":"POMPONAZZI","tipologia_punto_di_interesse":"Fermate Tper","nome_punto_di_interesse":"VIA BOMBICCI 11"}},{"type":"Feature","geometry":{"type":"Point","coordinates":[11.394244,44.483205]},"properties":{"nome_area":"DEPOSITO DUE MADONNE 1","tipologia_punto_di_interesse":"Fermate Tper","nome_punto_di_interesse":"VIA DUE MADONNE FR. P.L. 21221"}},{"type":"Feature","geometry":{"type":"Point","coordinates":[11.368748,44.48524]},"properties":{"nome_area":"LAURA BASSI","tipologia_punto_di_interesse":"Fermate Tper","nome_punto_di_interesse":"VIA BASSI L. 1\/D"}},{"type":"Feature","geometry":{"type":"Point","coordinates":[11.373021,44.486402]},"properties":{"nome_area":"AZZURRA","tipologia_punto_di_interesse":"Fermate Tper","nome_punto_di_interesse":"VIA AZZURRA 67"}},{"type":"Feature","geometry":{"type":"Point","coordinates":[11.362885,44.502907]},"properties":{"nome_area":"MERCATO SAN DONATO","tipologia_punto_di_interesse":"Fermate Tper","nome_punto_di_interesse":"VIA SAN DONATO 66\/3"}},{"type":"Feature","geometry":{"type":"Point","coordinates":[11.252532,44.553977]},"properties":{"nome_area":"LE PIASTRE","tipologia_punto_di_interesse":"Fermate Tper","nome_punto_di_interesse":"VIA PERSICETANA FR 26"}},{"type":"Feature","geometry":{"type":"Point","coordinates":[11.322823,44.495384]},"properties":{"nome_area":"SAN PAOLO RAVONE","tipologia_punto_di_interesse":"Fermate Tper","nome_punto_di_interesse":"VIA COSTA A. 71\/D"}},{"type":"Feature","geometry":{"type":"Point","coordinates":[11.407602,44.522994]},"properties":{"nome_area":"SAN DONATO 240-246","tipologia_punto_di_interesse":"Fermate Tper","nome_punto_di_interesse":"VIA SAN DONATO FR 246"}},{"type":"Feature","geometry":{"type":"Point","coordinates":[11.297226,44.488646]},"properties":{"nome_area":"TREVES","tipologia_punto_di_interesse":"Fermate Tper","nome_punto_di_interesse":"VIA DON STURZO 37\/B"}},{"type":"Feature","geometry":{"type":"Point","coordinates":[11.340712,44.475357]},"properties":{"nome_area":"IST. RIZZOLI - CENTRO RIC","tipologia_punto_di_interesse":"Fermate Tper","nome_punto_di_interesse":"VIA DI BARBIANO 1\/10 (STRADA INTERNA IST"}},{"type":"Feature","geometry":{"type":"Point","coordinates":[11.367331,44.521991]},"properties":{"nome_area":"Parcheggio PArco Nord","tipologia_punto_di_interesse":"Fermate Tper","nome_punto_di_interesse":null}},{"type":"Feature","geometry":{"type":"Point","coordinates":[11.366704,44.528882]},"properties":{"nome_area":"DOZZA CAPOLINEA","tipologia_punto_di_interesse":"Fermate Tper","nome_punto_di_interesse":"VIA FERRARESE FR 160"}},{"type":"Feature","geometry":{"type":"Point","coordinates":[11.326417,44.495005]},"properties":{"nome_area":"ANDREA COSTA","tipologia_punto_di_interesse":"Fermate Tper","nome_punto_di_interesse":"VIA COSTA A. 35\/C"}},{"type":"Feature","geometry":{"type":"Point","coordinates":[11.370852,44.466408]},"properties":{"nome_area":"CROCE DI CAMALDOLI","tipologia_punto_di_interesse":"Fermate Tper","nome_punto_di_interesse":"VIA TOSCANA 40"}},{"type":"Feature","geometry":{"type":"Point","coordinates":[11.333612,44.530292]},"properties":{"nome_area":"FORNACE","tipologia_punto_di_interesse":"Fermate Tper","nome_punto_di_interesse":"VIA COLOMBO PL 39638"}},{"type":"Feature","geometry":{"type":"Point","coordinates":[11.296352,44.508983]},"properties":{"nome_area":"PONTELUNGO","tipologia_punto_di_interesse":"Fermate Tper","nome_punto_di_interesse":"VIA EMILIA PONENTE 247"}},{"type":"Feature","geometry":{"type":"Point","coordinates":[11.318485,44.489072]},"properties":{"nome_area":"VILLA BENNI","tipologia_punto_di_interesse":"Fermate Tper","nome_punto_di_interesse":"VIA SARAGOZZA FR VILLA BENNI"}},{"type":"Feature","geometry":{"type":"Point","coordinates":[11.356886,44.494515]},"properties":{"nome_area":"PORTA SAN VITALE","tipologia_punto_di_interesse":"Fermate Tper","nome_punto_di_interesse":"VIALE FILOPANTI 11"}},{"type":"Feature","geometry":{"type":"Point","coordinates":[11.410502,44.496609]},"properties":{"nome_area":"ROVERI","tipologia_punto_di_interesse":"Fermate Tper","nome_punto_di_interesse":"VIA MATTEI FR 80\/C"}},{"type":"Feature","geometry":{"type":"Point","coordinates":[11.284826,44.494774]},"properties":{"nome_area":"TRENO","tipologia_punto_di_interesse":"Fermate Tper","nome_punto_di_interesse":"PIAZZA GIOVANNI XXIII FR 12"}},{"type":"Feature","geometry":{"type":"Point","coordinates":[11.321671,44.458452]},"properties":{"nome_area":"CA` DI SAVINI","tipologia_punto_di_interesse":"Fermate Tper","nome_punto_di_interesse":"VIA DEI COLLI 29\/2"}},{"type":"Feature","geometry":{"type":"Point","coordinates":[11.325389,44.490345]},"properties":{"nome_area":"SAN GIUSEPPE","tipologia_punto_di_interesse":"Fermate Tper","nome_punto_di_interesse":"VIA SARAGOZZA 105\/C"}},{"type":"Feature","geometry":{"type":"Point","coordinates":[11.367786,44.454939]},"properties":{"nome_area":"PONTE SAVENA","tipologia_punto_di_interesse":"Fermate Tper","nome_punto_di_interesse":"VIA TOSCANA 127\/C"}},{"type":"Feature","geometry":{"type":"Point","coordinates":[11.364364,44.496557]},"properties":{"nome_area":"MASIA","tipologia_punto_di_interesse":"Fermate Tper","nome_punto_di_interesse":"VIA BENTIVOGLI 89\/A"}},{"type":"Feature","geometry":{"type":"Point","coordinates":[11.291087,44.495972]},"properties":{"nome_area":"DE AMBRIS","tipologia_punto_di_interesse":"Fermate Tper","nome_punto_di_interesse":"VIA DELLA BARCA FR 74"}},{"type":"Feature","geometry":{"type":"Point","coordinates":[11.353094,44.514687]},"properties":{"nome_area":"CASARALTA","tipologia_punto_di_interesse":"Fermate Tper","nome_punto_di_interesse":"VIA FERRARESE 153\/F"}},{"type":"Feature","geometry":{"type":"Point","coordinates":[11.3442,44.49086]},"properties":{"nome_area":"PIAZZA CAVOUR","tipologia_punto_di_interesse":"Fermate Tper","nome_punto_di_interesse":"PIAZZA CAVOUR 2"}},{"type":"Feature","geometry":{"type":"Point","coordinates":[11.379587,44.47747]},"properties":{"nome_area":"ADIGE","tipologia_punto_di_interesse":"Fermate Tper","nome_punto_di_interesse":"VIA PO FR P.L. 22"}},{"type":"Feature","geometry":{"type":"Point","coordinates":[11.402206,44.463042]},"properties":{"nome_area":"PONTEBUCO BIVIO","tipologia_punto_di_interesse":"Fermate Tper","nome_punto_di_interesse":"VIA ALTURA INTERSEZ. CON VIA MARTIRI DI"}},{"type":"Feature","geometry":{"type":"Point","coordinates":[11.36424,44.479788]},"properties":{"nome_area":"RAGNO","tipologia_punto_di_interesse":"Fermate Tper","nome_punto_di_interesse":"VIA MURRI 80"}},{"type":"Feature","geometry":{"type":"Point","coordinates":[11.373823,44.493471]},"properties":{"nome_area":"RIMESSE STAZIONE","tipologia_punto_di_interesse":"Fermate Tper","nome_punto_di_interesse":"VIA MASSARENTI 242"}},{"type":"Feature","geometry":{"type":"Point","coordinates":[11.325514,44.502982]},"properties":{"nome_area":"MALVASIA","tipologia_punto_di_interesse":"Fermate Tper","nome_punto_di_interesse":"VIA CASARINI 25"}},{"type":"Feature","geometry":{"type":"Point","coordinates":[11.344648,44.504868]},"properties":{"nome_area":"STAZIONE CENTRALE","tipologia_punto_di_interesse":"Fermate Tper","nome_punto_di_interesse":"VIALE PIETRAMELLARA (PENSILINA M)"}},{"type":"Feature","geometry":{"type":"Point","coordinates":[11.366837,44.476241]},"properties":{"nome_area":"VARTHEMA","tipologia_punto_di_interesse":"Fermate Tper","nome_punto_di_interesse":"VIA MURRI 151-153"}},{"type":"Feature","geometry":{"type":"Point","coordinates":[11.392818,44.497233]},"properties":{"nome_area":"PIANETA","tipologia_punto_di_interesse":"Fermate Tper","nome_punto_di_interesse":"VIA SCANDELLARA"}},{"type":"Feature","geometry":{"type":"Point","coordinates":[11.361607,44.511756]},"properties":{"nome_area":"FIERA PALAZZO CONGRESSI","tipologia_punto_di_interesse":"Fermate Tper","nome_punto_di_interesse":"PIAZZA COSTITUZIONE (PENSILINA B)"}},{"type":"Feature","geometry":{"type":"Point","coordinates":[11.3471205728,44.494841698]},"properties":{"nome_area":"Piazza Porta Ravegnana","tipologia_punto_di_interesse":"Pista ciclopedonale","nome_punto_di_interesse":null}},{"type":"Feature","geometry":{"type":"Point","coordinates":[11.3447179648,44.4952490024]},"properties":{"nome_area":"Piazza Maggiore \/ Podest\u00e0","tipologia_punto_di_interesse":"Pista ciclopedonale","nome_punto_di_interesse":null}},{"type":"Feature","geometry":{"type":"Point","coordinates":[11.3483292409,44.4855391077]},"properties":{"nome_area":"Piazza Maggiore \/ Podest\u00e0","tipologia_punto_di_interesse":"Pista ciclopedonale","nome_punto_di_interesse":null}},{"type":"Feature","geometry":{"type":"Point","coordinates":[11.3441092831,44.4858691585]},"properties":{"nome_area":"Piazza Porta Ravegnana","tipologia_punto_di_interesse":"Pista ciclopedonale","nome_punto_di_interesse":null}},{"type":"Feature","geometry":{"type":"Point","coordinates":[11.3618596482,44.5022873188]},"properties":{"nome_area":"Mercato San Donato","tipologia_punto_di_interesse":"Pista ciclopedonale","nome_punto_di_interesse":null}},{"type":"Feature","geometry":{"type":"Point","coordinates":[11.3321122937,44.495510272]},"properties":{"nome_area":"Sede del Quartiere Saragozza","tipologia_punto_di_interesse":"Pista ciclopedonale","nome_punto_di_interesse":null}},{"type":"Feature","geometry":{"type":"Point","coordinates":[11.3435646525,44.4929648669]},"properties":{"nome_area":"Piazza Maggiore \/ Podest\u00e0","tipologia_punto_di_interesse":"Pista ciclopedonale","nome_punto_di_interesse":null}},{"type":"Feature","geometry":{"type":"Point","coordinates":[11.3361881607,44.4951376141]},"properties":{"nome_area":"Piazza San Francesco","tipologia_punto_di_interesse":"Pista ciclopedonale","nome_punto_di_interesse":null}},{"type":"Feature","geometry":{"type":"Point","coordinates":[11.3483292409,44.4855391077]},"properties":{"nome_area":"Giardini Margherita","tipologia_punto_di_interesse":"Pista ciclopedonale","nome_punto_di_interesse":"PIAZZA DI PORTA CASTIGLIONE"}},{"type":"Feature","geometry":{"type":"Point","coordinates":[11.3394529395,44.4901594108]},"properties":{"nome_area":"Piazza Maggiore \/ Podest\u00e0","tipologia_punto_di_interesse":"Pista ciclopedonale","nome_punto_di_interesse":null}},{"type":"Feature","geometry":{"type":"Point","coordinates":[11.3479769798,44.5106297617]},"properties":{"nome_area":"Piazza Unit\u00e0","tipologia_punto_di_interesse":"Pista ciclopedonale","nome_punto_di_interesse":"VIA FERRARESE"}},{"type":"Feature","geometry":{"type":"Point","coordinates":[11.3408267893,44.5101854965]},"properties":{"nome_area":"Piazza Unit\u00e0","tipologia_punto_di_interesse":"Pista ciclopedonale","nome_punto_di_interesse":"VIA ARISTOTILE FIORAVANTI"}},{"type":"Feature","geometry":{"type":"Point","coordinates":[11.3468554446,44.5095691584]},"properties":{"nome_area":"Servizio Bassa Soglia","tipologia_punto_di_interesse":"Pista ciclopedonale","nome_punto_di_interesse":null}},{"type":"Feature","geometry":{"type":"Point","coordinates":[11.332723056,44.4933943533]},"properties":{"nome_area":"Biblioteca del Laboratorio Interculturale","tipologia_punto_di_interesse":"Pista ciclopedonale","nome_punto_di_interesse":null}},{"type":"Feature","geometry":{"type":"Point","coordinates":[11.3450604695,44.5178989991]},"properties":{"nome_area":"Piazza Unit\u00e0","tipologia_punto_di_interesse":"Pista ciclopedonale","nome_punto_di_interesse":null}},{"type":"Feature","geometry":{"type":"Point","coordinates":[11.340042,44.501252]},"properties":{"nome_area":null,"tipologia_punto_di_interesse":"Rastrelliera Bici","nome_punto_di_interesse":"Del Porto, 18"}},{"type":"Feature","geometry":{"type":"Point","coordinates":[11.337537,44.502604]},"properties":{"nome_area":null,"tipologia_punto_di_interesse":"Rastrelliera Bici","nome_punto_di_interesse":"Don Minzoni, 18"}},{"type":"Feature","geometry":{"type":"Point","coordinates":[11.343856,44.492626]},"properties":{"nome_area":null,"tipologia_punto_di_interesse":"Rastrelliera Bici","nome_punto_di_interesse":"Massei, 1"}},{"type":"Feature","geometry":{"type":"Point","coordinates":[11.33689,44.495907]},"properties":{"nome_area":null,"tipologia_punto_di_interesse":"Rastrelliera Bici","nome_punto_di_interesse":"San Felice, 1"}},{"type":"Feature","geometry":{"type":"Point","coordinates":[11.34369,44.503951]},"properties":{"nome_area":null,"tipologia_punto_di_interesse":"Rastrelliera Bici","nome_punto_di_interesse":"Boldrini (ang. Via Gramsci 90 posti bici)"}},{"type":"Feature","geometry":{"type":"Point","coordinates":[11.35164,44.492116]},"properties":{"nome_area":null,"tipologia_punto_di_interesse":"Rastrelliera Bici","nome_punto_di_interesse":"Guerrazzi (ang. Strada Maggiore)"}},{"type":"Feature","geometry":{"type":"Point","coordinates":[11.337622,44.490387]},"properties":{"nome_area":null,"tipologia_punto_di_interesse":"Rastrelliera Bici","nome_punto_di_interesse":"Saragozza, 1"}},{"type":"Feature","geometry":{"type":"Point","coordinates":[11.336362,44.49716]},"properties":{"nome_area":null,"tipologia_punto_di_interesse":"Rastrelliera Bici","nome_punto_di_interesse":"Otto Colonne, 1\/a"}},{"type":"Feature","geometry":{"type":"Point","coordinates":[11.335047,44.495587]},"properties":{"nome_area":null,"tipologia_punto_di_interesse":"Rastrelliera Bici","nome_punto_di_interesse":"Pratello, 19"}},{"type":"Feature","geometry":{"type":"Point","coordinates":[11.35532,44.490704]},"properties":{"nome_area":null,"tipologia_punto_di_interesse":"Rastrelliera Bici","nome_punto_di_interesse":"Strada Maggiore, 53\/c"}},{"type":"Feature","geometry":{"type":"Point","coordinates":[11.335316,44.499115]},"properties":{"nome_area":null,"tipologia_punto_di_interesse":"Rastrelliera Bici","nome_punto_di_interesse":"Lame, 59"}},{"type":"Feature","geometry":{"type":"Point","coordinates":[11.349789,44.503101]},"properties":{"nome_area":null,"tipologia_punto_di_interesse":"Rastrelliera Bici","nome_punto_di_interesse":"Mura di Porta Galliera, 1"}},{"type":"Feature","geometry":{"type":"Point","coordinates":[11.330064,44.490574]},"properties":{"nome_area":null,"tipologia_punto_di_interesse":"Rastrelliera Bici","nome_punto_di_interesse":"Piazza di Porta Saragozza, 4"}},{"type":"Feature","geometry":{"type":"Point","coordinates":[11.343899,44.494469]},"properties":{"nome_area":null,"tipologia_punto_di_interesse":"Rastrelliera Bici","nome_punto_di_interesse":"Re Enzo, 1"}},{"type":"Feature","geometry":{"type":"Point","coordinates":[11.344264,44.48761]},"properties":{"nome_area":null,"tipologia_punto_di_interesse":"Rastrelliera Bici","nome_punto_di_interesse":"12 giugno, 3"}},{"type":"Feature","geometry":{"type":"Point","coordinates":[11.340165,44.503584]},"properties":{"nome_area":null,"tipologia_punto_di_interesse":"Rastrelliera Bici","nome_punto_di_interesse":"Milazzo, 8"}},{"type":"Feature","geometry":{"type":"Point","coordinates":[11.342107,44.487]},"properties":{"nome_area":null,"tipologia_punto_di_interesse":"Rastrelliera Bici","nome_punto_di_interesse":"Miramonte, 17"}},{"type":"Feature","geometry":{"type":"Point","coordinates":[11.342453,44.501972]},"properties":{"nome_area":null,"tipologia_punto_di_interesse":"Rastrelliera Bici","nome_punto_di_interesse":"Montebello, 6"}},{"type":"Feature","geometry":{"type":"Point","coordinates":[11.333368,44.502597]},"properties":{"nome_area":null,"tipologia_punto_di_interesse":"Rastrelliera Bici","nome_punto_di_interesse":"Piazza VII Novembre, 6\/a"}},{"type":"Feature","geometry":{"type":"Point","coordinates":[11.342045,44.498878]},"properties":{"nome_area":null,"tipologia_punto_di_interesse":"Rastrelliera Bici","nome_punto_di_interesse":"Riva Reno, 126"}},{"type":"Feature","geometry":{"type":"Point","coordinates":[11.352782,44.49604]},"properties":{"nome_area":null,"tipologia_punto_di_interesse":"Rastrelliera Bici","nome_punto_di_interesse":"Trombetti, 4"}},{"type":"Feature","geometry":{"type":"Point","coordinates":[11.343773,44.490032]},"properties":{"nome_area":null,"tipologia_punto_di_interesse":"Rastrelliera Bici","nome_punto_di_interesse":"San Domenico, 1"}},{"type":"Feature","geometry":{"type":"Point","coordinates":[11.354625,44.494011]},"properties":{"nome_area":null,"tipologia_punto_di_interesse":"Rastrelliera Bici","nome_punto_di_interesse":"San Vitale, 63"}},{"type":"Feature","geometry":{"type":"Point","coordinates":[11.336952,44.490291]},"properties":{"nome_area":null,"tipologia_punto_di_interesse":"Rastrelliera Bici","nome_punto_di_interesse":"Saragozza, 6"}},{"type":"Feature","geometry":{"type":"Point","coordinates":[11.338486,44.493773]},"properties":{"nome_area":null,"tipologia_punto_di_interesse":"Rastrelliera Bici","nome_punto_di_interesse":"Battisti, 15"}},{"type":"Feature","geometry":{"type":"Point","coordinates":[11.351221,44.499256]},"properties":{"nome_area":null,"tipologia_punto_di_interesse":"Rastrelliera Bici","nome_punto_di_interesse":"Centotrecento, 37"}},{"type":"Feature","geometry":{"type":"Point","coordinates":[11.334699,44.49499]},"properties":{"nome_area":null,"tipologia_punto_di_interesse":"Rastrelliera Bici","nome_punto_di_interesse":"Piazza San Francesco, 10"}},{"type":"Feature","geometry":{"type":"Point","coordinates":[11.330954,44.494883]},"properties":{"nome_area":null,"tipologia_punto_di_interesse":"Rastrelliera Bici","nome_punto_di_interesse":"Pietralata, 56\/1"}},{"type":"Feature","geometry":{"type":"Point","coordinates":[11.333293,44.495549]},"properties":{"nome_area":null,"tipologia_punto_di_interesse":"Rastrelliera Bici","nome_punto_di_interesse":"Pratello, 25 e 35"}},{"type":"Feature","geometry":{"type":"Point","coordinates":[11.329898,44.498181]},"properties":{"nome_area":null,"tipologia_punto_di_interesse":"Rastrelliera Bici","nome_punto_di_interesse":"San Felice, 96\/d"}},{"type":"Feature","geometry":{"type":"Point","coordinates":[11.329458,44.495388]},"properties":{"nome_area":null,"tipologia_punto_di_interesse":"Rastrelliera Bici","nome_punto_di_interesse":"Del Pratello, 96\/g"}},{"type":"Feature","geometry":{"type":"Point","coordinates":[11.350468,44.497093]},"properties":{"nome_area":null,"tipologia_punto_di_interesse":"Rastrelliera Bici","nome_punto_di_interesse":"Respighi, 1"}},{"type":"Feature","geometry":{"type":"Point","coordinates":[11.332558,44.497401]},"properties":{"nome_area":null,"tipologia_punto_di_interesse":"Rastrelliera Bici","nome_punto_di_interesse":"San Felice, 67\/c"}},{"type":"Feature","geometry":{"type":"Point","coordinates":[11.3421734774,44.5074502597]},"properties":{"nome_area":null,"tipologia_punto_di_interesse":"Zona 30","nome_punto_di_interesse":"Carracci"}},{"type":"Feature","geometry":{"type":"Point","coordinates":[11.3511321431,44.5171682151]},"properties":{"nome_area":null,"tipologia_punto_di_interesse":"Zona 30","nome_punto_di_interesse":"Saliceto"}},{"type":"Feature","geometry":{"type":"Point","coordinates":[11.3646763701,44.48168112]},"properties":{"nome_area":null,"tipologia_punto_di_interesse":"Zona 30","nome_punto_di_interesse":"Albertazzi"}},{"type":"Feature","geometry":{"type":"Point","coordinates":[11.2989388259,44.4947733554]},"properties":{"nome_area":null,"tipologia_punto_di_interesse":"Zona 30","nome_punto_di_interesse":"Ramenghi"}},{"type":"Feature","geometry":{"type":"Point","coordinates":[11.3430987479,44.4939274944]},"properties":{"nome_area":"Piazza Maggiore \/ Podest\u00e0","tipologia_punto_di_interesse":"Zona pedonale","nome_punto_di_interesse":"PIAZZA MAGGIORE"}},{"type":"Feature","geometry":{"type":"Point","coordinates":[11.3421775577,44.4927615629]},"properties":{"nome_area":"Piazza Porta Ravegnana","tipologia_punto_di_interesse":"Zona pedonale","nome_punto_di_interesse":"VIA D'AZEGLIO"}},{"type":"Feature","geometry":{"type":"Point","coordinates":[11.347156762,44.4958334607]},"properties":{"nome_area":"Piazza Porta Ravegnana","tipologia_punto_di_interesse":"Zona pedonale","nome_punto_di_interesse":"VIA CANONICA"}},{"type":"Feature","geometry":{"type":"Point","coordinates":[11.3445585112,44.494086843]},"properties":{"nome_area":"Piazza Porta Ravegnana","tipologia_punto_di_interesse":"Zona pedonale","nome_punto_di_interesse":"VIA DEGLI ARTIERI"}},{"type":"Feature","geometry":{"type":"Point","coordinates":[11.327367,44.4917]},"properties":{"nome_area":"AUDINOT","tipologia_punto_di_interesse":"Fermate Tper","nome_punto_di_interesse":"VIA AUDINOT 28"}},{"type":"Feature","geometry":{"type":"Point","coordinates":[11.347879,44.487913]},"properties":{"nome_area":"CESTELLO","tipologia_punto_di_interesse":"Fermate Tper","nome_punto_di_interesse":"VIA CASTIGLIONE 49\/A"}},{"type":"Feature","geometry":{"type":"Point","coordinates":[11.314986,44.503628]},"properties":{"nome_area":"OSPEDALE MAGGIORE","tipologia_punto_di_interesse":"Fermate Tper","nome_punto_di_interesse":"VIA EMILIA PONENTE 12"}},{"type":"Feature","geometry":{"type":"Point","coordinates":[11.394332,44.479206]},"properties":{"nome_area":"BOMBICCI","tipologia_punto_di_interesse":"Fermate Tper","nome_punto_di_interesse":"VIA BOMBICCI P.L. 24"}},{"type":"Feature","geometry":{"type":"Point","coordinates":[11.289482,44.490323]},"properties":{"nome_area":"CROCEFISSI","tipologia_punto_di_interesse":"Fermate Tper","nome_punto_di_interesse":"VIA CROCEFISSI FR P.L. 17"}},{"type":"Feature","geometry":{"type":"Point","coordinates":[11.360445,44.548088]},"properties":{"nome_area":"SANT`ANNA","tipologia_punto_di_interesse":"Fermate Tper","nome_punto_di_interesse":"VIA SANT`ANNA 15"}},{"type":"Feature","geometry":{"type":"Point","coordinates":[11.320967,44.525959]},"properties":{"nome_area":"MOLINO DI PESCAROLA","tipologia_punto_di_interesse":"Fermate Tper","nome_punto_di_interesse":"VIA MOLINO DI PESCAROLA 56\/64"}},{"type":"Feature","geometry":{"type":"Point","coordinates":[11.340934,44.494105]},"properties":{"nome_area":"PIAZZA ROOSEVELT","tipologia_punto_di_interesse":"Fermate Tper","nome_punto_di_interesse":"PIAZZA ROOSEVELT 4I"}},{"type":"Feature","geometry":{"type":"Point","coordinates":[11.300329,44.504212]},"properties":{"nome_area":"BATTINDARNO SEGANTINI","tipologia_punto_di_interesse":"Fermate Tper","nome_punto_di_interesse":"VIA BATTINDARNO 71"}},{"type":"Feature","geometry":{"type":"Point","coordinates":[11.389602,44.493331]},"properties":{"nome_area":"TANGENZIALE SAN VITALE","tipologia_punto_di_interesse":"Fermate Tper","nome_punto_di_interesse":"VIA MASSARENTI 223\/3"}},{"type":"Feature","geometry":{"type":"Point","coordinates":[11.400415,44.492636]},"properties":{"nome_area":"MARTELLI","tipologia_punto_di_interesse":"Fermate Tper","nome_punto_di_interesse":"VIA MARTELLI FR 9\/3"}},{"type":"Feature","geometry":{"type":"Point","coordinates":[11.318314,44.488904]},"properties":{"nome_area":"VILLA BENNI","tipologia_punto_di_interesse":"Fermate Tper","nome_punto_di_interesse":"VIA SARAGOZZA FR 183"}},{"type":"Feature","geometry":{"type":"Point","coordinates":[11.28456,44.506626]},"properties":{"nome_area":"TOGLIATTI PIETRA","tipologia_punto_di_interesse":"Fermate Tper","nome_punto_di_interesse":"VIALE TOGLIATTI FR P.L. 111"}},{"type":"Feature","geometry":{"type":"Point","coordinates":[11.355815,44.536615]},"properties":{"nome_area":"RONCAGLIO","tipologia_punto_di_interesse":"Fermate Tper","nome_punto_di_interesse":"VIA CORTICELLA 207\/17"}},{"type":"Feature","geometry":{"type":"Point","coordinates":[11.389343,44.48238]},"properties":{"nome_area":"LINCOLN","tipologia_punto_di_interesse":"Fermate Tper","nome_punto_di_interesse":"VIALE LINCOLN FR P.L. 14"}},{"type":"Feature","geometry":{"type":"Point","coordinates":[11.31314,44.492898]},"properties":{"nome_area":"IRMA BANDIERA","tipologia_punto_di_interesse":"Fermate Tper","nome_punto_di_interesse":"VIA BANDIERA 1\/5\/F"}},{"type":"Feature","geometry":{"type":"Point","coordinates":[11.343699,44.50568]},"properties":{"nome_area":"STAZIONE CENTRALE","tipologia_punto_di_interesse":"Fermate Tper","nome_punto_di_interesse":"PIAZZA MEDAGLIE D`ORO (PENSILINA B)"}},{"type":"Feature","geometry":{"type":"Point","coordinates":[11.377063,44.469195]},"properties":{"nome_area":"ARMI","tipologia_punto_di_interesse":"Fermate Tper","nome_punto_di_interesse":"VIA MARCELLO FR 20"}},{"type":"Feature","geometry":{"type":"Point","coordinates":[11.309349,44.439238]},"properties":{"nome_area":"CA` BRUCIATA","tipologia_punto_di_interesse":"Fermate Tper","nome_punto_di_interesse":"VIA SABBIUNO FR 5"}},{"type":"Feature","geometry":{"type":"Point","coordinates":[11.345028,44.524378]},"properties":{"nome_area":"ARCOVEGGIO","tipologia_punto_di_interesse":"Fermate Tper","nome_punto_di_interesse":"VIA ARCOVEGGIO FR 43\/5"}},{"type":"Feature","geometry":{"type":"Point","coordinates":[11.347249,44.50449]},"properties":{"nome_area":"PORTA GALLIERA","tipologia_punto_di_interesse":"Fermate Tper","nome_punto_di_interesse":"VIALE MASINI 4\/2"}},{"type":"Feature","geometry":{"type":"Point","coordinates":[11.37991,44.477383]},"properties":{"nome_area":"ADIGE","tipologia_punto_di_interesse":"Fermate Tper","nome_punto_di_interesse":"VIA PO FR P.L. 21"}},{"type":"Feature","geometry":{"type":"Point","coordinates":[11.389932,44.474625]},"properties":{"nome_area":"CENTRO CIVICO MAZZINI","tipologia_punto_di_interesse":"Fermate Tper","nome_punto_di_interesse":"VIA GENOVA P.L. 4"}},{"type":"Feature","geometry":{"type":"Point","coordinates":[11.390057,44.481987]},"properties":{"nome_area":"LINCOLN","tipologia_punto_di_interesse":"Fermate Tper","nome_punto_di_interesse":"VIALE LINCOLN 5"}},{"type":"Feature","geometry":{"type":"Point","coordinates":[11.315603,44.489346]},"properties":{"nome_area":"VILLA SPADA","tipologia_punto_di_interesse":"Fermate Tper","nome_punto_di_interesse":"VIA SARAGOZZA 193\/B"}},{"type":"Feature","geometry":{"type":"Point","coordinates":[11.364235,44.507372]},"properties":{"nome_area":"ALDO MORO","tipologia_punto_di_interesse":"Fermate Tper","nome_punto_di_interesse":"VIALE A.MORO FR P.L. 51"}},{"type":"Feature","geometry":{"type":"Point","coordinates":[11.284001,44.514218]},"properties":{"nome_area":"BORGO PANIGALE STAZIONE","tipologia_punto_di_interesse":"Fermate Tper","nome_punto_di_interesse":"VIA EMILIA PONENTE P.L. 131"}},{"type":"Feature","geometry":{"type":"Point","coordinates":[11.328207,44.516251]},"properties":{"nome_area":"GRAZIA","tipologia_punto_di_interesse":"Fermate Tper","nome_punto_di_interesse":"VIA POLO 13"}},{"type":"Feature","geometry":{"type":"Point","coordinates":[11.37222,44.48867]},"properties":{"nome_area":"MENGOLI","tipologia_punto_di_interesse":"Fermate Tper","nome_punto_di_interesse":"VIA PIZZARDI 63"}},{"type":"Feature","geometry":{"type":"Point","coordinates":[11.372248,44.484402]},"properties":{"nome_area":"FERMI","tipologia_punto_di_interesse":"Fermate Tper","nome_punto_di_interesse":"VIA MAZZINI 117\/D"}},{"type":"Feature","geometry":{"type":"Point","coordinates":[11.373051,44.498312]},"properties":{"nome_area":"NUOVA","tipologia_punto_di_interesse":"Fermate Tper","nome_punto_di_interesse":"VIA NUOVA 15"}},{"type":"Feature","geometry":{"type":"Point","coordinates":[11.358282,44.536924]},"properties":{"nome_area":"MANARA","tipologia_punto_di_interesse":"Fermate Tper","nome_punto_di_interesse":"VIA MANARA FR 8"}},{"type":"Feature","geometry":{"type":"Point","coordinates":[11.381665,44.472611]},"properties":{"nome_area":"CHIESA SAN LORENZO","tipologia_punto_di_interesse":"Fermate Tper","nome_punto_di_interesse":"VIA MAZZONI FR P.L. 16"}},{"type":"Feature","geometry":{"type":"Point","coordinates":[11.361782,44.480595]},"properties":{"nome_area":"STERLINO","tipologia_punto_di_interesse":"Fermate Tper","nome_punto_di_interesse":"VIA SIEPELUNGA FR 4"}},{"type":"Feature","geometry":{"type":"Point","coordinates":[11.341004,44.476062]},"properties":{"nome_area":"POLIAMBULATORIO RIZZOLI","tipologia_punto_di_interesse":"Fermate Tper","nome_punto_di_interesse":"VIA DI BARBIANO 1\/13 (STRADA INTERNA IST"}},{"type":"Feature","geometry":{"type":"Point","coordinates":[11.381162,44.526654]},"properties":{"nome_area":"BALDA","tipologia_punto_di_interesse":"Fermate Tper","nome_punto_di_interesse":"VIA CADRIANO FR 25"}},{"type":"Feature","geometry":{"type":"Point","coordinates":[11.361205,44.469408]},"properties":{"nome_area":"VILLA MAGLI","tipologia_punto_di_interesse":"Fermate Tper","nome_punto_di_interesse":"VIA SIEPELUNGA 73"}},{"type":"Feature","geometry":{"type":"Point","coordinates":[11.356678,44.461885]},"properties":{"nome_area":"MONTE DONATO","tipologia_punto_di_interesse":"Fermate Tper","nome_punto_di_interesse":"VIA SIEPELUNGA FR 118\/A"}},{"type":"Feature","geometry":{"type":"Point","coordinates":[11.311772,44.501559]},"properties":{"nome_area":"MARZABOTTO","tipologia_punto_di_interesse":"Fermate Tper","nome_punto_di_interesse":"VIA MARZABOTTO FR 15\/C"}},{"type":"Feature","geometry":{"type":"Point","coordinates":[11.341099,44.51677]},"properties":{"nome_area":"BARBIERI","tipologia_punto_di_interesse":"Fermate Tper","nome_punto_di_interesse":"VIA BARBIERI 74"}},{"type":"Feature","geometry":{"type":"Point","coordinates":[11.357409,44.547718]},"properties":{"nome_area":"ZANICHELLI","tipologia_punto_di_interesse":"Fermate Tper","nome_punto_di_interesse":"VIA SANT`ANNA 5\/B"}},{"type":"Feature","geometry":{"type":"Point","coordinates":[11.399335,44.463544]},"properties":{"nome_area":"CROARA BIVIO","tipologia_punto_di_interesse":"Fermate Tper","nome_punto_di_interesse":"VIA CROARA FR 3\/5"}},{"type":"Feature","geometry":{"type":"Point","coordinates":[11.315043,44.48473]},"properties":{"nome_area":"SCUOLE CARRACCI","tipologia_punto_di_interesse":"Fermate Tper","nome_punto_di_interesse":"VIA RAVONE P.L. 3"}},{"type":"Feature","geometry":{"type":"Point","coordinates":[11.343782,44.504931]},"properties":{"nome_area":"STAZIONE CENTRALE","tipologia_punto_di_interesse":"Fermate Tper","nome_punto_di_interesse":"VIALE PIETRAMELLARA 63 (FERMATA H)"}},{"type":"Feature","geometry":{"type":"Point","coordinates":[11.373375,44.458541]},"properties":{"nome_area":"CORELLI","tipologia_punto_di_interesse":"Fermate Tper","nome_punto_di_interesse":"VIA CORELLI 9-11"}},{"type":"Feature","geometry":{"type":"Point","coordinates":[11.378943,44.463494]},"properties":{"nome_area":"STADIO FALCHI","tipologia_punto_di_interesse":"Fermate Tper","nome_punto_di_interesse":"VIA MARIO P.L. 8"}},{"type":"Feature","geometry":{"type":"Point","coordinates":[11.330257,44.489732]},"properties":{"nome_area":"PORTA SARAGOZZA - VILLA C","tipologia_punto_di_interesse":"Fermate Tper","nome_punto_di_interesse":"VIALE ALDINI 232"}},{"type":"Feature","geometry":{"type":"Point","coordinates":[11.346635,44.473507]},"properties":{"nome_area":"VILLA COLONNA","tipologia_punto_di_interesse":"Fermate Tper","nome_punto_di_interesse":"VIA DEGLI SCALINI 6"}},{"type":"Feature","geometry":{"type":"Point","coordinates":[11.370656,44.466529]},"properties":{"nome_area":"CROCE DI CAMALDOLI","tipologia_punto_di_interesse":"Fermate Tper","nome_punto_di_interesse":"VIA TOSCANA 45"}},{"type":"Feature","geometry":{"type":"Point","coordinates":[11.353374,44.510999]},"properties":{"nome_area":"LIBERAZIONE","tipologia_punto_di_interesse":"Fermate Tper","nome_punto_di_interesse":"VIA LIBERAZIONE 5 metri dopo P.L. 23240"}},{"type":"Feature","geometry":{"type":"Point","coordinates":[11.303293,44.492935]},"properties":{"nome_area":"CERTOSA","tipologia_punto_di_interesse":"Fermate Tper","nome_punto_di_interesse":"VIA COSTA A. P.L. 99"}},{"type":"Feature","geometry":{"type":"Point","coordinates":[11.343927,44.490659]},"properties":{"nome_area":"PIAZZA CAVOUR","tipologia_punto_di_interesse":"Fermate Tper","nome_punto_di_interesse":"PIAZZA CAVOUR 4"}},{"type":"Feature","geometry":{"type":"Point","coordinates":[11.380967,44.483896]},"properties":{"nome_area":"FELSINA","tipologia_punto_di_interesse":"Fermate Tper","nome_punto_di_interesse":"VIALE FELSINA 17"}},{"type":"Feature","geometry":{"type":"Point","coordinates":[11.36399,44.48605]},"properties":{"nome_area":"SAVIOLI","tipologia_punto_di_interesse":"Fermate Tper","nome_punto_di_interesse":"VIA ALBERTI 33"}},{"type":"Feature","geometry":{"type":"Point","coordinates":[11.336611,44.497345]},"properties":{"nome_area":"LAME","tipologia_punto_di_interesse":"Fermate Tper","nome_punto_di_interesse":"VIA LAME 29C"}},{"type":"Feature","geometry":{"type":"Point","coordinates":[11.3421417942,44.493010308]},"properties":{"nome_area":"Torre dell'Orologio","tipologia_punto_di_interesse":"Pista ciclopedonale","nome_punto_di_interesse":null}},{"type":"Feature","geometry":{"type":"Point","coordinates":[11.356189,44.498455]},"properties":{"nome_area":null,"tipologia_punto_di_interesse":"Rastrelliera Bici","nome_punto_di_interesse":"Piazza Porta S. Donato, 2 e 5"}},{"type":"Feature","geometry":{"type":"Point","coordinates":[11.347922,44.478315]},"properties":{"nome_area":"SCALINI","tipologia_punto_di_interesse":"Fermate Tper","nome_punto_di_interesse":"VIA DI BARBIANO(FR SCALINI)"}},{"type":"Feature","geometry":{"type":"Point","coordinates":[11.348188,44.4746]},"properties":{"nome_area":"VILLA SAMPIERA","tipologia_punto_di_interesse":"Fermate Tper","nome_punto_di_interesse":"VIA DEGLI SCALINI FR 15\/17"}},{"type":"Feature","geometry":{"type":"Point","coordinates":[11.387684,44.532298]},"properties":{"nome_area":"CENTRO LATTE GRANAROLO","tipologia_punto_di_interesse":"Fermate Tper","nome_punto_di_interesse":"VIA CADRIANO FR 27"}},{"type":"Feature","geometry":{"type":"Point","coordinates":[11.346323,44.498343]},"properties":{"nome_area":"OBERDAN","tipologia_punto_di_interesse":"Fermate Tper","nome_punto_di_interesse":"VIA OBERDAN 30\/F"}},{"type":"Feature","geometry":{"type":"Point","coordinates":[11.356344,44.539422]},"properties":{"nome_area":"DON FIAMMELLI","tipologia_punto_di_interesse":"Fermate Tper","nome_punto_di_interesse":"VIA CORTICELLA PL 16544"}},{"type":"Feature","geometry":{"type":"Point","coordinates":[11.31326,44.523585]},"properties":{"nome_area":"VARANINI","tipologia_punto_di_interesse":"Fermate Tper","nome_punto_di_interesse":"VIA AGUCCHI 173"}},{"type":"Feature","geometry":{"type":"Point","coordinates":[11.393393,44.463948]},"properties":{"nome_area":"ALTURA","tipologia_punto_di_interesse":"Fermate Tper","nome_punto_di_interesse":"VIA ALTURA 7"}},{"type":"Feature","geometry":{"type":"Point","coordinates":[11.303742,44.506871]},"properties":{"nome_area":"SANTA VIOLA","tipologia_punto_di_interesse":"Fermate Tper","nome_punto_di_interesse":"VIA BATTINDARNO 4"}},{"type":"Feature","geometry":{"type":"Point","coordinates":[11.378066,44.488944]},"properties":{"nome_area":"SPINA","tipologia_punto_di_interesse":"Fermate Tper","nome_punto_di_interesse":"VIALE FELSINA P.L. 38"}},{"type":"Feature","geometry":{"type":"Point","coordinates":[11.326993,44.498414]},"properties":{"nome_area":"PORTA SAN FELICE","tipologia_punto_di_interesse":"Fermate Tper","nome_punto_di_interesse":"VIALE VICINI FR 21"}},{"type":"Feature","geometry":{"type":"Point","coordinates":[11.356114,44.508764]},"properties":{"nome_area":"STALINGRADO","tipologia_punto_di_interesse":"Fermate Tper","nome_punto_di_interesse":"VIA STALINGRADO 27"}},{"type":"Feature","geometry":{"type":"Point","coordinates":[11.287978,44.52549]},"properties":{"nome_area":"CASE GHEDINI@","tipologia_punto_di_interesse":"Fermate Tper","nome_punto_di_interesse":"VIA DELL`AEROPORTO 8"}},{"type":"Feature","geometry":{"type":"Point","coordinates":[11.26379,44.522219]},"properties":{"nome_area":"NORMANDIA","tipologia_punto_di_interesse":"Fermate Tper","nome_punto_di_interesse":"VIA NORMANDIA 12\/EFGH"}},{"type":"Feature","geometry":{"type":"Point","coordinates":[11.361676,44.525286]},"properties":{"nome_area":"DON GNOCCHI","tipologia_punto_di_interesse":"Fermate Tper","nome_punto_di_interesse":"VIA FERRARESE 136"}},{"type":"Feature","geometry":{"type":"Point","coordinates":[11.310748,44.498573]},"properties":{"nome_area":"CERTOSA GANDHI","tipologia_punto_di_interesse":"Fermate Tper","nome_punto_di_interesse":"VIALE GANDHI PL07324"}},{"type":"Feature","geometry":{"type":"Point","coordinates":[11.371229,44.50052]},"properties":{"nome_area":"CALINDRI","tipologia_punto_di_interesse":"Fermate Tper","nome_punto_di_interesse":"VIA BEROALDO 59\/D"}},{"type":"Feature","geometry":{"type":"Point","coordinates":[11.307402,44.490908]},"properties":{"nome_area":"DELLO SPORT","tipologia_punto_di_interesse":"Fermate Tper","nome_punto_di_interesse":"VIA PORRETTANA 85\/C"}},{"type":"Feature","geometry":{"type":"Point","coordinates":[11.327594,44.512248]},"properties":{"nome_area":"POSTE","tipologia_punto_di_interesse":"Fermate Tper","nome_punto_di_interesse":"VIA ZANARDI 41"}},{"type":"Feature","geometry":{"type":"Point","coordinates":[11.307392,44.506275]},"properties":{"nome_area":"BERRETTA ROSSA - OPIFICIO","tipologia_punto_di_interesse":"Fermate Tper","nome_punto_di_interesse":"VIA EMILIA PONENTE 117"}},{"type":"Feature","geometry":{"type":"Point","coordinates":[11.381383,44.526524]},"properties":{"nome_area":"BALDA","tipologia_punto_di_interesse":"Fermate Tper","nome_punto_di_interesse":"VIA CADRIANO 25"}},{"type":"Feature","geometry":{"type":"Point","coordinates":[11.383887,44.511095]},"properties":{"nome_area":"CADRIANO BIVIO","tipologia_punto_di_interesse":"Fermate Tper","nome_punto_di_interesse":"VIA SAN DONATO 167\/5"}},{"type":"Feature","geometry":{"type":"Point","coordinates":[11.343743,44.501439]},"properties":{"nome_area":"MILLE INDIPENDENZA","tipologia_punto_di_interesse":"Fermate Tper","nome_punto_di_interesse":"VIA DEI MILLE 5"}},{"type":"Feature","geometry":{"type":"Point","coordinates":[11.378508,44.465771]},"properties":{"nome_area":"ALBORNOZ","tipologia_punto_di_interesse":"Fermate Tper","nome_punto_di_interesse":"VIA DELLA BATTAGLIA 12\/7"}},{"type":"Feature","geometry":{"type":"Point","coordinates":[11.333414,44.503604]},"properties":{"nome_area":"PARMEGGIANI","tipologia_punto_di_interesse":"Fermate Tper","nome_punto_di_interesse":"VIA PARMEGGIANI 2\/3"}},{"type":"Feature","geometry":{"type":"Point","coordinates":[11.401624,44.515333]},"properties":{"nome_area":"ROTONDA BARONI","tipologia_punto_di_interesse":"Fermate Tper","nome_punto_di_interesse":"VIALE GIUSEPPE FANIN FR PL 8"}},{"type":"Feature","geometry":{"type":"Point","coordinates":[11.343606,44.47636]},"properties":{"nome_area":"BARBIANO","tipologia_punto_di_interesse":"Fermate Tper","nome_punto_di_interesse":"VIA DI BARBIANO FR 26"}},{"type":"Feature","geometry":{"type":"Point","coordinates":[11.325614,44.461838]},"properties":{"nome_area":"BIVIO GAIBOLA","tipologia_punto_di_interesse":"Fermate Tper","nome_punto_di_interesse":"VIA COLLI 22-24"}},{"type":"Feature","geometry":{"type":"Point","coordinates":[11.365349,44.54795]},"properties":{"nome_area":"ISTITUTO SERPIERI","tipologia_punto_di_interesse":"Fermate Tper","nome_punto_di_interesse":"VIA PEGLION FR 25"}},{"type":"Feature","geometry":{"type":"Point","coordinates":[11.345266,44.552857]},"properties":{"nome_area":"TREBBO ROSARIO","tipologia_punto_di_interesse":"Fermate Tper","nome_punto_di_interesse":"VIA TREBBO 40M DOPO FR. 5"}},{"type":"Feature","geometry":{"type":"Point","coordinates":[11.342381,44.512657]},"properties":{"nome_area":"BOLOGNESE","tipologia_punto_di_interesse":"Fermate Tper","nome_punto_di_interesse":"VIA BOLOGNESE 35"}},{"type":"Feature","geometry":{"type":"Point","coordinates":[11.356975,44.548808]},"properties":{"nome_area":"BENTINI","tipologia_punto_di_interesse":"Fermate Tper","nome_punto_di_interesse":"VIA BENTINI FR 69"}},{"type":"Feature","geometry":{"type":"Point","coordinates":[11.355978,44.537224]},"properties":{"nome_area":"RONCAGLIO","tipologia_punto_di_interesse":"Fermate Tper","nome_punto_di_interesse":"VIA CORTICELLA FR 217"}},{"type":"Feature","geometry":{"type":"Point","coordinates":[11.309429,44.493837]},"properties":{"nome_area":"STADIO","tipologia_punto_di_interesse":"Fermate Tper","nome_punto_di_interesse":"VIA COSTA A. 165"}},{"type":"Feature","geometry":{"type":"Point","coordinates":[11.343691,44.488224]},"properties":{"nome_area":"TRIBUNALE","tipologia_punto_di_interesse":"Fermate Tper","nome_punto_di_interesse":"PIAZZA TRIBUNALI P.L. 2"}},{"type":"Feature","geometry":{"type":"Point","coordinates":[11.336327,44.493704]},"properties":{"nome_area":"PIAZZA MALPIGHI","tipologia_punto_di_interesse":"Fermate Tper","nome_punto_di_interesse":"PIAZZA MALPIGHI 14\/E"}},{"type":"Feature","geometry":{"type":"Point","coordinates":[11.385214,44.482871]},"properties":{"nome_area":"ALLENDE","tipologia_punto_di_interesse":"Fermate Tper","nome_punto_di_interesse":"VIALE LINCOLN 2"}},{"type":"Feature","geometry":{"type":"Point","coordinates":[11.396804,44.502407]},"properties":{"nome_area":"ENZO FERRARI","tipologia_punto_di_interesse":"Fermate Tper","nome_punto_di_interesse":"VIA LARGA 35"}},{"type":"Feature","geometry":{"type":"Point","coordinates":[11.320342,44.499117]},"properties":{"nome_area":"VITTORIO VENETO","tipologia_punto_di_interesse":"Fermate Tper","nome_punto_di_interesse":"VIA VITTORIO VENETO 18\/A"}},{"type":"Feature","geometry":{"type":"Point","coordinates":[11.293801,44.518351]},"properties":{"nome_area":"DUE PONTI","tipologia_punto_di_interesse":"Fermate Tper","nome_punto_di_interesse":"VIA TRIUMVIRATO 47"}},{"type":"Feature","geometry":{"type":"Point","coordinates":[11.259663,44.509535]},"properties":{"nome_area":"CASE GIARDINO@","tipologia_punto_di_interesse":"Fermate Tper","nome_punto_di_interesse":"VIA BOIARDO 10"}},{"type":"Feature","geometry":{"type":"Point","coordinates":[11.314828,44.482475]},"properties":{"nome_area":"RAVONE","tipologia_punto_di_interesse":"Fermate Tper","nome_punto_di_interesse":"VIA RAVONE FR 3"}},{"type":"Feature","geometry":{"type":"Point","coordinates":[11.27208,44.518588]},"properties":{"nome_area":"BORGO PANIGALE - MUSEO DU","tipologia_punto_di_interesse":"Fermate Tper","nome_punto_di_interesse":"VIA LEPIDO 147"}},{"type":"Feature","geometry":{"type":"Point","coordinates":[11.34651,44.528074]},"properties":{"nome_area":"C.S. VIRTUS","tipologia_punto_di_interesse":"Fermate Tper","nome_punto_di_interesse":"VIA ARCOVEGGIO 60"}},{"type":"Feature","geometry":{"type":"Point","coordinates":[11.349671,44.511526]},"properties":{"nome_area":"ZUCCA","tipologia_punto_di_interesse":"Fermate Tper","nome_punto_di_interesse":"VIA FERRARESE 16"}},{"type":"Feature","geometry":{"type":"Point","coordinates":[11.366185,44.487778]},"properties":{"nome_area":"OSPEDALE MALPIGHI","tipologia_punto_di_interesse":"Fermate Tper","nome_punto_di_interesse":"VIA PALAGI 4"}},{"type":"Feature","geometry":{"type":"Point","coordinates":[11.31585,44.504159]},"properties":{"nome_area":"OSPEDALE MAGGIORE","tipologia_punto_di_interesse":"Fermate Tper","nome_punto_di_interesse":"LARGO NIGRISOLI"}},{"type":"Feature","geometry":{"type":"Point","coordinates":[11.378551,44.508587]},"properties":{"nome_area":"SAN DONNINO","tipologia_punto_di_interesse":"Fermate Tper","nome_punto_di_interesse":"VIA SAN DONATO 153\/2"}},{"type":"Feature","geometry":{"type":"Point","coordinates":[11.34831,44.484537]},"properties":{"nome_area":"PORTA CASTIGLIONE","tipologia_punto_di_interesse":"Fermate Tper","nome_punto_di_interesse":"VIA CASTIGLIONE 128\/2"}},{"type":"Feature","geometry":{"type":"Point","coordinates":[11.311438,44.514107]},"properties":{"nome_area":"ITC LUXEMBURG","tipologia_punto_di_interesse":"Fermate Tper","nome_punto_di_interesse":"VIA VOLTA (ROTONDA)"}},{"type":"Feature","geometry":{"type":"Point","coordinates":[11.318541,44.513665]},"properties":{"nome_area":"TERRACINI","tipologia_punto_di_interesse":"Fermate Tper","nome_punto_di_interesse":"VIA TERRACINI 34"}},{"type":"Feature","geometry":{"type":"Point","coordinates":[11.370182,44.500136]},"properties":{"nome_area":"DUSE","tipologia_punto_di_interesse":"Fermate Tper","nome_punto_di_interesse":"VIA MONDO 16-18\/A"}},{"type":"Feature","geometry":{"type":"Point","coordinates":[11.324753,44.52084]},"properties":{"nome_area":"PANE","tipologia_punto_di_interesse":"Fermate Tper","nome_punto_di_interesse":"VIA DE GAMA FR 13-15"}},{"type":"Feature","geometry":{"type":"Point","coordinates":[11.252309,44.508393]},"properties":{"nome_area":"VILLA BOSCHI@","tipologia_punto_di_interesse":"Fermate Tper","nome_punto_di_interesse":"VIA OLMETOLA FR BIVIO VILLA BOSCHI"}},{"type":"Feature","geometry":{"type":"Point","coordinates":[11.315276,44.486814]},"properties":{"nome_area":"CASAGLIA","tipologia_punto_di_interesse":"Fermate Tper","nome_punto_di_interesse":"VIA CASAGLIA 24"}},{"type":"Feature","geometry":{"type":"Point","coordinates":[11.344338,44.50058]},"properties":{"nome_area":"VIII AGOSTO","tipologia_punto_di_interesse":"Fermate Tper","nome_punto_di_interesse":"VIA INDIPENDENZA 59"}},{"type":"Feature","geometry":{"type":"Point","coordinates":[11.286163,44.496799]},"properties":{"nome_area":"TOMMASEO","tipologia_punto_di_interesse":"Fermate Tper","nome_punto_di_interesse":"VIA TOMMASEO FR 4"}},{"type":"Feature","geometry":{"type":"Point","coordinates":[11.36964,44.472168]},"properties":{"nome_area":"PARISIO","tipologia_punto_di_interesse":"Fermate Tper","nome_punto_di_interesse":"VIA TOSCANA 3"}},{"type":"Feature","geometry":{"type":"Point","coordinates":[11.343322,44.476186]},"properties":{"nome_area":"BARBIANO","tipologia_punto_di_interesse":"Fermate Tper","nome_punto_di_interesse":"STRADA INTERNA IST. RIZZOLI PRESSO CANC."}},{"type":"Feature","geometry":{"type":"Point","coordinates":[11.359383,44.497488]},"properties":{"nome_area":"ZANOLINI","tipologia_punto_di_interesse":"Fermate Tper","nome_punto_di_interesse":null}},{"type":"Feature","geometry":{"type":"Point","coordinates":[11.386185,44.476783]},"properties":{"nome_area":"BELLARIA LOMBARDIA","tipologia_punto_di_interesse":"Fermate Tper","nome_punto_di_interesse":"VIA BELLARIA 30"}},{"type":"Feature","geometry":{"type":"Point","coordinates":[11.361869,44.480557]},"properties":{"nome_area":"STERLINO","tipologia_punto_di_interesse":"Fermate Tper","nome_punto_di_interesse":"VIA SIEPELUNGA 4"}},{"type":"Feature","geometry":{"type":"Point","coordinates":[11.287944,44.525599]},"properties":{"nome_area":"CASE GHEDINI@","tipologia_punto_di_interesse":"Fermate Tper","nome_punto_di_interesse":"VIA DELL`AEROPORTO FR 8"}},{"type":"Feature","geometry":{"type":"Point","coordinates":[11.3629,44.52599]},"properties":{"nome_area":"DON GNOCCHI","tipologia_punto_di_interesse":"Fermate Tper","nome_punto_di_interesse":"VIA FERRARESE FR PL 96\/97"}},{"type":"Feature","geometry":{"type":"Point","coordinates":[11.344952,44.494572]},"properties":{"nome_area":"RIZZOLI","tipologia_punto_di_interesse":"Fermate Tper","nome_punto_di_interesse":"VIA RIZZOLI 26\/A"}},{"type":"Feature","geometry":{"type":"Point","coordinates":[11.358226,44.462555]},"properties":{"nome_area":"SCUOLE MERLANI","tipologia_punto_di_interesse":"Fermate Tper","nome_punto_di_interesse":"VIA SIEPELUNGA FR P.L. 99"}},{"type":"Feature","geometry":{"type":"Point","coordinates":[11.3141,44.503817]},"properties":{"nome_area":"OSPEDALE MAGGIORE","tipologia_punto_di_interesse":"Fermate Tper","nome_punto_di_interesse":"VIA EMILIA PONENTE 14\/F-18\/B"}},{"type":"Feature","geometry":{"type":"Point","coordinates":[11.342007,44.513997]},"properties":{"nome_area":"FIORAVANTI","tipologia_punto_di_interesse":"Fermate Tper","nome_punto_di_interesse":"VIA FIORAVANTI 46\/2\/A"}},{"type":"Feature","geometry":{"type":"Point","coordinates":[11.38597,44.47921]},"properties":{"nome_area":"VILLA LAURA","tipologia_punto_di_interesse":"Fermate Tper","nome_punto_di_interesse":"VIA EMILIA LEVANTE 164"}},{"type":"Feature","geometry":{"type":"Point","coordinates":[11.3067,44.508819]},"properties":{"nome_area":"OPIFICIO GOLINELLI","tipologia_punto_di_interesse":"Fermate Tper","nome_punto_di_interesse":"VIA PAOLO NANNI COSTA 14"}},{"type":"Feature","geometry":{"type":"Point","coordinates":[11.347213,44.500449]},"properties":{"nome_area":"SFERISTERIO","tipologia_punto_di_interesse":"Fermate Tper","nome_punto_di_interesse":"VIA IRNERIO 11"}},{"type":"Feature","geometry":{"type":"Point","coordinates":[11.328267,44.49882]},"properties":{"nome_area":"PORTA SAN FELICE","tipologia_punto_di_interesse":"Fermate Tper","nome_punto_di_interesse":"VIA SAN FELICE 134"}},{"type":"Feature","geometry":{"type":"Point","coordinates":[11.342895,44.505714]},"properties":{"nome_area":"STAZIONE CENTRALE","tipologia_punto_di_interesse":"Fermate Tper","nome_punto_di_interesse":"PIAZZA MEDAGLIE D`ORO (PENSILINA D)"}},{"type":"Feature","geometry":{"type":"Point","coordinates":[11.34452,44.504492]},"properties":{"nome_area":"PIAZZA XX SETTEMBRE","tipologia_punto_di_interesse":"Fermate Tper","nome_punto_di_interesse":"PIAZZA XX SETTEMBRE FR. 3\/F"}},{"type":"Feature","geometry":{"type":"Point","coordinates":[11.272459,44.518319]},"properties":{"nome_area":"BORGO PANIGALE - MUSEO DU","tipologia_punto_di_interesse":"Fermate Tper","nome_punto_di_interesse":"VIA LEPIDO 104\/C"}},{"type":"Feature","geometry":{"type":"Point","coordinates":[11.323065,44.518894]},"properties":{"nome_area":"ZANARDI","tipologia_punto_di_interesse":"Fermate Tper","nome_punto_di_interesse":"VIA ZANARDI 139"}},{"type":"Feature","geometry":{"type":"Point","coordinates":[11.372589,44.466453]},"properties":{"nome_area":"PONCHIELLI","tipologia_punto_di_interesse":"Fermate Tper","nome_punto_di_interesse":"VIA PONCHIELLI 10"}},{"type":"Feature","geometry":{"type":"Point","coordinates":[11.303856,44.491249]},"properties":{"nome_area":"FUNIVIA","tipologia_punto_di_interesse":"Fermate Tper","nome_punto_di_interesse":"VIA PORRETTANA 148"}},{"type":"Feature","geometry":{"type":"Point","coordinates":[11.310306,44.493757]},"properties":{"nome_area":"STADIO","tipologia_punto_di_interesse":"Fermate Tper","nome_punto_di_interesse":"VIA COSTA A. 174"}},{"type":"Feature","geometry":{"type":"Point","coordinates":[11.350481,44.48975]},"properties":{"nome_area":"GARGANELLI","tipologia_punto_di_interesse":"Fermate Tper","nome_punto_di_interesse":"VIA SANTO STEFANO 43"}},{"type":"Feature","geometry":{"type":"Point","coordinates":[11.377006,44.48605]},"properties":{"nome_area":"FOSSOLO","tipologia_punto_di_interesse":"Fermate Tper","nome_punto_di_interesse":"VIALE FELSINA P.L. 44"}},{"type":"Feature","geometry":{"type":"Point","coordinates":[11.393405,44.46393]},"properties":{"nome_area":"ALTURA","tipologia_punto_di_interesse":"Fermate Tper","nome_punto_di_interesse":"VIA ALTURA 7"}},{"type":"Feature","geometry":{"type":"Point","coordinates":[11.358196,44.489888]},"properties":{"nome_area":"PORTA MAGGIORE","tipologia_punto_di_interesse":"Fermate Tper","nome_punto_di_interesse":"VIA MAZZINI 2\/2"}},{"type":"Feature","geometry":{"type":"Point","coordinates":[11.3583,44.489669]},"properties":{"nome_area":"PORTA MAGGIORE","tipologia_punto_di_interesse":"Fermate Tper","nome_punto_di_interesse":"VIA MAZZINI 3"}},{"type":"Feature","geometry":{"type":"Point","coordinates":[11.303549,44.508045]},"properties":{"nome_area":"GIACINTO","tipologia_punto_di_interesse":"Fermate Tper","nome_punto_di_interesse":"VIA DEL GIACINTO FR 6"}},{"type":"Feature","geometry":{"type":"Point","coordinates":[11.30279,44.507611]},"properties":{"nome_area":"SANTA VIOLA","tipologia_punto_di_interesse":"Fermate Tper","nome_punto_di_interesse":"VIA EMILIA PONENTE 98-100"}},{"type":"Feature","geometry":{"type":"Point","coordinates":[11.39574,44.499171]},"properties":{"nome_area":"CARROZZAIO","tipologia_punto_di_interesse":"Fermate Tper","nome_punto_di_interesse":"VIA CARROZZAIO FR 2"}},{"type":"Feature","geometry":{"type":"Point","coordinates":[11.370408,44.493002]},"properties":{"nome_area":"TRIACHINI","tipologia_punto_di_interesse":"Fermate Tper","nome_punto_di_interesse":"VIA MASSARENTI 200"}},{"type":"Feature","geometry":{"type":"Point","coordinates":[11.293763,44.518658]},"properties":{"nome_area":"DUE PONTI","tipologia_punto_di_interesse":"Fermate Tper","nome_punto_di_interesse":"VIA TRIUMVIRATO 26\/5"}},{"type":"Feature","geometry":{"type":"Point","coordinates":[11.401192,44.515234]},"properties":{"nome_area":"ROTONDA BARONI","tipologia_punto_di_interesse":"Fermate Tper","nome_punto_di_interesse":"VIALE GIUSEPPE FANIN FR PL 7"}},{"type":"Feature","geometry":{"type":"Point","coordinates":[11.3485511433,44.5113258805]},"properties":{"nome_area":"Piazza Unit\u00e0","tipologia_punto_di_interesse":"Pista ciclopedonale","nome_punto_di_interesse":"VIA FERRARESE"}},{"type":"Feature","geometry":{"type":"Point","coordinates":[11.3555699605,44.4812097003]},"properties":{"nome_area":"Giardini Margherita","tipologia_punto_di_interesse":"Pista ciclopedonale","nome_punto_di_interesse":null}},{"type":"Feature","geometry":{"type":"Point","coordinates":[11.3726772197,44.4955040489]},"properties":{"nome_area":"Rimesse","tipologia_punto_di_interesse":"Pista ciclopedonale","nome_punto_di_interesse":null}},{"type":"Feature","geometry":{"type":"Point","coordinates":[11.3451780508,44.498899914]},"properties":{"nome_area":"Piazza Maggiore \/ Podest\u00e0","tipologia_punto_di_interesse":"Pista ciclopedonale","nome_punto_di_interesse":null}},{"type":"Feature","geometry":{"type":"Point","coordinates":[11.3490844525,44.5037471971]},"properties":{"nome_area":"Autostazione","tipologia_punto_di_interesse":"Pista ciclopedonale","nome_punto_di_interesse":null}},{"type":"Feature","geometry":{"type":"Point","coordinates":[11.3441092831,44.4858691585]},"properties":{"nome_area":"Giardini Margherita","tipologia_punto_di_interesse":"Pista ciclopedonale","nome_punto_di_interesse":"VIALE ENRICO PANZACCHI"}},{"type":"Feature","geometry":{"type":"Point","coordinates":[11.3477531915,44.4979794745]},"properties":{"nome_area":"Piazza Maggiore \/ Podest\u00e0","tipologia_punto_di_interesse":"Pista ciclopedonale","nome_punto_di_interesse":null}},{"type":"Feature","geometry":{"type":"Point","coordinates":[11.3904168542,44.491253922]},"properties":{"nome_area":"Cineteca Archivi","tipologia_punto_di_interesse":"Pista ciclopedonale","nome_punto_di_interesse":null}},{"type":"Feature","geometry":{"type":"Point","coordinates":[11.3577379329,44.4881187316]},"properties":{"nome_area":"Casa Carducci","tipologia_punto_di_interesse":"Pista ciclopedonale","nome_punto_di_interesse":null}},{"type":"Feature","geometry":{"type":"Point","coordinates":[11.3497799514,44.5136725948]},"properties":{"nome_area":"Museo per la Memoria di Ustica","tipologia_punto_di_interesse":"Pista ciclopedonale","nome_punto_di_interesse":null}},{"type":"Feature","geometry":{"type":"Point","coordinates":[11.3404264783,44.4900600399]},"properties":{"nome_area":"Piazza Maggiore \/ Podest\u00e0","tipologia_punto_di_interesse":"Pista ciclopedonale","nome_punto_di_interesse":null}},{"type":"Feature","geometry":{"type":"Point","coordinates":[11.3543049891,44.5146086934]},"properties":{"nome_area":"Piazza Unit\u00e0","tipologia_punto_di_interesse":"Pista ciclopedonale","nome_punto_di_interesse":null}},{"type":"Feature","geometry":{"type":"Point","coordinates":[11.3088944202,44.4952254993]},"properties":{"nome_area":"Certosa","tipologia_punto_di_interesse":"Pista ciclopedonale","nome_punto_di_interesse":null}},{"type":"Feature","geometry":{"type":"Point","coordinates":[11.3698254553,44.5045184005]},"properties":{"nome_area":"Comune di Bologna - Artigiano","tipologia_punto_di_interesse":"Pista ciclopedonale","nome_punto_di_interesse":null}},{"type":"Feature","geometry":{"type":"Point","coordinates":[11.33295,44.495549]},"properties":{"nome_area":null,"tipologia_punto_di_interesse":"Rastrelliera Bici","nome_punto_di_interesse":"Del Pratello, 33"}},{"type":"Feature","geometry":{"type":"Point","coordinates":[11.345173,44.498035]},"properties":{"nome_area":null,"tipologia_punto_di_interesse":"Rastrelliera Bici","nome_punto_di_interesse":"Oche, 2"}},{"type":"Feature","geometry":{"type":"Point","coordinates":[11.328916,44.49543]},"properties":{"nome_area":null,"tipologia_punto_di_interesse":"Rastrelliera Bici","nome_punto_di_interesse":"Pratello, 100"}},{"type":"Feature","geometry":{"type":"Point","coordinates":[11.351388,44.490459]},"properties":{"nome_area":null,"tipologia_punto_di_interesse":"Rastrelliera Bici","nome_punto_di_interesse":"San Petronio Vecchio, 1\/2"}},{"type":"Feature","geometry":{"type":"Point","coordinates":[11.354064,44.494003]},"properties":{"nome_area":null,"tipologia_punto_di_interesse":"Rastrelliera Bici","nome_punto_di_interesse":"San Vitale, 59"}},{"type":"Feature","geometry":{"type":"Point","coordinates":[11.346967,44.493433]},"properties":{"nome_area":null,"tipologia_punto_di_interesse":"Rastrelliera Bici","nome_punto_di_interesse":"Santo Stefano, 6"}},{"type":"Feature","geometry":{"type":"Point","coordinates":[11.335061,44.490063]},"properties":{"nome_area":null,"tipologia_punto_di_interesse":"Rastrelliera Bici","nome_punto_di_interesse":"Saragozza, 24"}},{"type":"Feature","geometry":{"type":"Point","coordinates":[11.336786,44.495327]},"properties":{"nome_area":null,"tipologia_punto_di_interesse":"Rastrelliera Bici","nome_punto_di_interesse":"Malpighi, 6"}},{"type":"Feature","geometry":{"type":"Point","coordinates":[11.35332,44.486923]},"properties":{"nome_area":null,"tipologia_punto_di_interesse":"Rastrelliera Bici","nome_punto_di_interesse":"Santo Stefano, 100\/2"}},{"type":"Feature","geometry":{"type":"Point","coordinates":[11.327628,44.499306]},"properties":{"nome_area":null,"tipologia_punto_di_interesse":"Rastrelliera Bici","nome_punto_di_interesse":"Piazza di Porta San Felice"}},{"type":"Feature","geometry":{"type":"Point","coordinates":[11.344883,44.491341]},"properties":{"nome_area":null,"tipologia_punto_di_interesse":"Rastrelliera Bici","nome_punto_di_interesse":"Calderini, 1"}},{"type":"Feature","geometry":{"type":"Point","coordinates":[11.330198,44.496239]},"properties":{"nome_area":null,"tipologia_punto_di_interesse":"Rastrelliera Bici","nome_punto_di_interesse":"San Rocco, 16"}},{"type":"Feature","geometry":{"type":"Point","coordinates":[11.349419,44.489797]},"properties":{"nome_area":null,"tipologia_punto_di_interesse":"Rastrelliera Bici","nome_punto_di_interesse":"Cartoleria, 12\/b"}},{"type":"Feature","geometry":{"type":"Point","coordinates":[11.344698,44.495796]},"properties":{"nome_area":null,"tipologia_punto_di_interesse":"Rastrelliera Bici","nome_punto_di_interesse":"Albari, 5"}},{"type":"Feature","geometry":{"type":"Point","coordinates":[11.344556,44.494251]},"properties":{"nome_area":null,"tipologia_punto_di_interesse":"Rastrelliera Bici","nome_punto_di_interesse":"Artieri, 1"}},{"type":"Feature","geometry":{"type":"Point","coordinates":[11.339747,44.488567]},"properties":{"nome_area":null,"tipologia_punto_di_interesse":"Rastrelliera Bici","nome_punto_di_interesse":"D'Azeglio, 53 (ang. Vai Castelfidardo)"}},{"type":"Feature","geometry":{"type":"Point","coordinates":[11.344435,44.485974]},"properties":{"nome_area":null,"tipologia_punto_di_interesse":"Rastrelliera Bici","nome_punto_di_interesse":"Viale XII Giugno, 9 (ang. Via Rubbiani)"}},{"type":"Feature","geometry":{"type":"Point","coordinates":[11.3423,44.5063]},"properties":{"nome_area":"Comune \/ Piazza Liber Paradisus","tipologia_punto_di_interesse":"Stazione ferroviaria","nome_punto_di_interesse":"Bologna Centrale"}},{"type":"Feature","geometry":{"type":"Point","coordinates":[11.3423,44.5063]},"properties":{"nome_area":"Piazza Unit\u00e0","tipologia_punto_di_interesse":"Stazione ferroviaria","nome_punto_di_interesse":"BOLOGNA CENTRALE"}},{"type":"Feature","geometry":{"type":"Point","coordinates":[11.312734145,44.4956930536]},"properties":{"nome_area":null,"tipologia_punto_di_interesse":"Zona 30","nome_punto_di_interesse":"Sacco e Vanzetti"}},{"type":"Feature","geometry":{"type":"Point","coordinates":[11.3476773607,44.4980074773]},"properties":{"nome_area":"Piazza Maggiore \/ Podest\u00e0","tipologia_punto_di_interesse":"Zona pedonale","nome_punto_di_interesse":"VIA DEL BORGO DI S.PIETRO"}},{"type":"Feature","geometry":{"type":"Point","coordinates":[11.3382309966,44.4962140191]},"properties":{"nome_area":"Piazza Porta Ravegnana","tipologia_punto_di_interesse":"Zona pedonale","nome_punto_di_interesse":"VIA BELVEDERE"}},{"type":"Feature","geometry":{"type":"Point","coordinates":[11.3355782127,44.4955818188]},"properties":{"nome_area":"Piazza Porta Ravegnana","tipologia_punto_di_interesse":"Zona pedonale","nome_punto_di_interesse":"VIA DEL PRATELLO"}},{"type":"Feature","geometry":{"type":"Point","coordinates":[11.3476773607,44.4980074773]},"properties":{"nome_area":"Piazza Porta Ravegnana","tipologia_punto_di_interesse":"Zona pedonale","nome_punto_di_interesse":"VIA DEL BORGO DI S.PIETRO"}}]}